city_slug,name_fa
andisheh-new-town,شهر جدید اندیشه
chamestan,چمستان
urmia,ارومیه
parand-city,پرند
hashtgerd-city,هشتگرد
sadra,صدرا
shahin-shahr,شاهین‌شهر
yasuj,یاسوج
sorkhrood,سرخرود
kish,کیش
shahrekord,شهرکرد
rudehen,رودهن
mahdasht-city,ماهدشت
mohammad-shahr,محمدشهر
izadshahr,ایزدشهر
mohammadieh,محمدیه
nasimshahr,نسیم‌شهر
zibakenar,زیباکنار
gonbad-kavus,گنبد کاووس
golestan-baharestan,گلستان
sahand,سهند
mahshahr,ماهشهر
foolad-shahr,فولادشهر
charbagh-alborz,چهارباغ
bumehen,بومهن
garmdareh,گرمدره
astaneh-ashrafiyeh,آستانه اشرفیه
safadasht-industrial-city,صفادشت
kahrizak,کهریزک
borazjan,برازجان
salman-shahr,سلمان‌شهر
royan,رویان
dogonbadan,دوگنبدان
chaf-chamkhale,چاف و چمخاله
bandar-kangan,بندر کنگان
khoshkbijar,خشکبیجار
kouchesfahan,کوچصفهان
sangar,سنگر
kelarestan,کلارستان
masjed-e-soleyman,مسجدسلیمان
torbat-heydariyeh,تربت حیدریه
kiashahr,کیاشهر
bandar-ganaveh,بندر گناوه
lashtenesha,لشت‌نشا
alvand,الوند
bandar-Imam-khomeini,بندر امام خمینی
shahre-rey,شهر ری
eslamabad-gharb,اسلام‌آباد غرب
chahar-dangeh,چهاردانگه
shandiz-city,شاندیز
meshgin-shahr,مشگین‌شهر
lavasan-city,لواسان
absard,آبسرد
sabashahr,صباشهر
torbat-jam,تربت جام
nashtarud,نشتارود
koohsar,کوهسار
abbasabad-mazandaran,عباس‌آباد
norabad,نورآباد
dehdasht,دهدشت
azadshahr-golestan,آزادشهر
nurabad,نورآباد
tankaman,تنکمان
aliabad-katul,علی‌آباد کتول
khalkhal,خلخال
kelarabad,کلارآباد
fasham-city,فشم
chaboksar,چابکسر
susangerd,سوسنگرد
sarpol-zahab,سرپل ذهاب
ferdosiye,فردوسیه
emamzadeh-abdollah,امامزاده عبدالله
shirgah,شیرگاه
kelachay,کلاچای
shadeghan,شادگان
ghayen,قائن
vahidieh,وحیدیه
shahedshahr,شاهدشهر
khormoj,خورموج
eqbaliyeh,اقبالیه
qeydar,قیدار
asalem,اسالم
marzan-abad,مرزن‌آباد
ziraab,زیرآب
pareh-sar,پره‌سر
hachirud,هچیرود
koumeleh,کومله
bandar-torkaman,بندر ترکمن
katalem-sadatshahr,کتالم و سادات‌شهر
mohajeran,مهاجران
ashkhaneh,آشخانه
aleshtar,الشتر
torghabeh-city,طرقبه
daran,داران
baghershahr,باقرشهر
ahmadsar-gourab,احمدسرگوراب
dayyer,دیر
raheem-abad,رحیم‌آباد
lar,لار
javadabad,جوادآباد
shahin-dej,شاهین‌دژ
rostam-abad,رستم‌آباد
pirbazar,پیربازار
galikesh,گالیکش
asara,آسارا
roudbaneh,رودبنه
abrisham-isfahan,ابریشم
bandar-abbas,بندرعباس
ardabil,اردبیل
bandar-anzali,بندر انزلی
someh-sara,صومعه‌سرا
falavarjan,فلاورجان
aran-va-bidgol,آران و بیدگل
pol-dokhtar,پلدختر
