city_slug,county_en,note
andisheh-new-town,Shahriar,Andisheh new town
chamestan,Nur,
urmia,Urumia,spelling
parand-city,Robat Karim,Parand new town
bandar-abbas,Bandar-e-Abbas,spelling
ardabil,Ardabil city,spelling
hashtgerd-city,Savojbolagh,Hashtgerd
sadra,Shiraz,Sadra new town
shahin-shahr,Shahin Shahr and Meymeh,
yasuj,Buyerahmad,
bandar-anzali,Bandar-e-Anzali,spelling
sorkhrood,Mahmudabad,
kish,Bandar Lengeh,Kish Island
shahrekord,Sharekurd,spelling
rudehen,Damavand,
mahdasht-city,Karaj,
mohammad-shahr,Karaj,
izadshahr,Nur,
mohammadieh,Alborz,Alborz County of Qazvin province
nasimshahr,Baharestan,
zibakenar,Rasht,
someh-sara,Sowme'eh Sara,spelling
gonbad-kavus,Gonbad-e-Kavus,spelling
golestan-baharestan,Baharestan,
sahand,Osku,Sahand new town
mahshahr,Bandar-e-Mahshahr,spelling
foolad-shahr,Lenjan,
charbagh-alborz,Chaharbagh,
bumehen,Pardis,
garmdareh,Karaj,
astaneh-ashrafiyeh,Astaneh-ye Ashrafiyeh,spelling
safadasht-industrial-city,Malard,
kahrizak,Rey,
borazjan,Dashtestan,
salman-shahr,Abbasabad,
royan,Nur,
dogonbadan,Gachsaran,
chaf-chamkhale,Langarud,
bandar-kangan,Kangan,
khoshkbijar,Rasht,
kouchesfahan,Rasht,
sangar,Rasht,
masjed-e-soleyman,Masjedsoleyman,spelling
torbat-heydariyeh,Torbat-e-Heydarieh,spelling
kiashahr,Astaneh-ye Ashrafiyeh,
bandar-ganaveh,Ganaveh,
lashtenesha,Rasht,
alvand,Alborz,Alborz County of Qazvin province
bandar-Imam-khomeini,Bandar-e-Mahshahr,
shahre-rey,Rey,
eslamabad-gharb,Eslamabad-e Gharb,spelling
chahar-dangeh,Eslamshahr,
shandiz-city,torghabeh shandiz,
meshgin-shahr,Meshkinshahr,spelling
lavasan-city,Shemiranat,
absard,Damavand,
sabashahr,Shahriar,
torbat-jam,Torbat-e-jam,spelling
nashtarud,Tonekabon,
koohsar,Savojbolagh,
abbasabad-mazandaran,Abbasabad,
falavarjan,Falaverjan,spelling
dehdasht,Kohkiluyeh,
azadshahr-golestan,Azadshahr,
aran-va-bidgol,Aran and Bidgol,spelling
tankaman,Nazarabad,
aliabad-katul,Aliabad,
khalkhal,Kahlkhal,spelling
kelarabad,Abbasabad,
fasham-city,Shemiranat,
chaboksar,Rudsar,
susangerd,Dasht-e-Azadegan,
sarpol-zahab,Sarpol-e-Zahab,spelling
ferdosiye,Shahriar,
emamzadeh-abdollah,Amol,
shirgah,North Savadkuh,
kelachay,Rudsar,
shadeghan,Shadegan,spelling
ghayen,Qaenat,
vahidieh,Shahriar,
shahedshahr,Shahriar,
khormoj,Dashti,
eqbaliyeh,Qazvin,
qeydar,Khodabandeh,
asalem,Talesh,
marzan-abad,Chalus,
ziraab,Savadkuh,
pareh-sar,Rezvanshahr,
koumeleh,Langarud,
bandar-torkaman,Torkaman,
katalem-sadatshahr,Ramsar,
mohajeran,Shazand,
ashkhaneh,Maneh and Samalqan,
aleshtar,Selseleh,
torghabeh-city,torghabeh shandiz,
daran,Fereydan,
baghershahr,Rey,
ahmadsar-gourab,Shaft,
dayyer,Deyr,
raheem-abad,Rudsar,
lar,Larestan,
javadabad,Varamin,
shahin-dej,Shahin Dezh,spelling
rostam-abad,Rudbar,Rudbar County of Gilan
pirbazar,Rasht,
galikesh,Galikash,spelling
asara,Karaj,
roudbaneh,Lahijan,
abrisham-isfahan,Falaverjan,
fazel-abad,Aliabad,
mahan,Kerman,
toutkabon,Rudbar,Rudbar County of Gilan
polsefid,Savadkuh,
otaghvar,Langarud,
farahabad,Sari,
tulam-shahr,Sowme'eh Sara,
kilan,Damavand,
shanderman,Masal,
kabudrahang,Kabutarahang,spelling
galougah-babol,Babol,
galugah-babol,Babol,
lisar,Talesh,
shirud,Tonekabon,
loulman,Fuman,
ghamsar,Kashan,
gourab-zarmikh,Sowme'eh Sara,
marzikola,Babol,
shelman,Langarud,
dabudasht,Amol,
kiakola,Simorgh,
farrokhshahr,Sharekurd,
bahnamir,Babolsar,
zahak,Zehak,spelling
deylaman,Siahkal,
hamidia,Hamidieh,spelling
tahergurab,Sowme'eh Sara,
bisotun,Harsin,
kiasar,Sari,
shemshak,Shemiranat,
reyneh,Amol,
bandar-gaz,Bandar-e-Gaz,spelling
rankouh,Amlash,
sisakht,Dena,
shal,Buin Zahra,
kojur,Nowshahr,
manjil,Rudbar,Rudbar County of Gilan
ziyabar,Sowme'eh Sara,
lavandevil,Astara,Astara County of Gilan
