divar_id,slug,name_fa,lat,lon,min_lon,min_lat,max_lon,max_lat
992,abshar,آبشار,35.6787,51.44213,51.4366531,35.6736565,51.4467888,35.6839828
907,abshar-tehran,آبشار تهران (دریاچه),35.7603,51.22429,51.2098961,35.7566452,51.2396965,35.7646294
40,ajoodanieh,آجودانیه,35.80642,51.48458,51.4804764,35.8005791,51.4885063,35.8129616
654,azarbaijan,آذربایجان,35.69189,51.39797,51.3918266,35.687,51.4041824,35.6962166
198,azari,آذری,35.66692,51.35135,51.3441772,35.6637688,51.3564758,35.6706581
87,ararat,آرارات,35.77248,51.40064,51.3952484,35.7654228,51.4061165,35.7775307
301,arjantin,آرژانتین,35.73536,51.41557,51.409008,35.7271385,51.4227066,35.7432785
4338,azadshahr-tehran,آزادشهر,35.73422,51.19027,51.1860924,35.7270203,51.1945648,35.7406769
925,aseman,آسمان,35.77817,51.35205,51.3416939,35.7710075,51.3634529,35.7847862
951,ashtiyani,آشتیانی,35.71604,51.50626,51.4981499,35.7059097,51.5237694,35.723877
273,ahang,آهنگ,35.66319,51.4767,51.4609642,35.6562958,51.4919052,35.6705971
970,sarasiab-doolab,آهنگران (سراسیاب دولاب),35.67737,51.46081,51.4573936,35.6721878,51.462986,35.681076
291,farah-abad,ائمه اطهار,35.67976,51.48608,51.4797134,35.6748657,51.4927826,35.6838303
173,aboozar,اباذر,35.73088,51.33046,51.3254356,35.7220802,51.3352623,35.7402382
979,ebn-babevayh,ابن بابویه قدیمی,35.60279,51.44128,51.4381027,35.5968323,51.4463501,35.6072502
1020,abouzar,ابوذر,35.65062,51.47712,51.461441,35.6365,51.4882088,35.6597519
1019,atabak,اتابک,35.64952,51.4626,51.4569778,35.6421928,51.4670486,35.6589355
990,etehad,اتحاد,35.73055,51.5699,51.5536,35.7237129,51.5862274,35.7413101
68,ekhtiyariyeh,اختیاریه,35.78625,51.46038,51.4459419,35.7798767,51.4764252,35.7932
943,araj,اراج قدیمی,35.79422,51.48749,51.4786034,35.7856407,51.4949722,35.8016891
4172,arazi-abbas-abad,اراضی عباس آباد,35.75366,51.42853,51.4201965,35.7492256,51.4389229,35.7589264
131,aramaneh,ارامنه,35.72095,51.45699,51.4502068,35.7152634,51.4633598,35.7282143
4149,arjamandi-rad,ارجمندی راد,35.66935,51.4589,51.4552498,35.6670113,51.4625816,35.6717834
160,eram,ارم,35.72906,51.28668,51.2691078,35.7163734,51.298317,35.7404861
53,ozgol,ازگل,35.78943,51.51117,51.4909897,35.7773,51.5305023,35.7999153
195,ostad-moein,استاد معین,35.69513,51.34245,51.3343353,35.6885719,51.3473549,35.6999626
112,estakhr,استخر,35.75574,51.56326,51.5466576,35.7439346,51.5795517,35.7701225
4174,esteghlal,استقلال,35.75893,51.52054,51.5125465,35.7529755,51.5290756,35.7657967
256,esfandyari,اسفندیاری,35.63014,51.38473,51.3789291,35.6204643,51.3919792,35.6381645
283,eskandari,اسکندری,35.68883,51.38146,51.3786621,35.6818237,51.3842125,35.6952362
4182,afsariye-jonubi,افسریه جنوبی,35.64454,51.48966,51.4818344,35.636055,51.4975548,35.6507034
249,afsariyeh,افسریه شمالی,35.65553,51.49411,51.4865341,35.6481667,51.5018806,35.6628647
4224,aghadasiye,اقدسیه (شهرری),35.59364,51.44374,51.4374275,35.5907745,51.4528122,35.5968933
48,aghdasieh,اقدسیه,35.79591,51.48404,51.4722252,35.7856789,51.4968529,35.8057976
167,ekbatan,اکباتان,35.70824,51.30413,51.2899628,35.6988373,51.3204918,35.7171555
143,almahdi,المهدی,35.77407,51.3283,51.3183556,35.7693253,51.3371353,35.7786484
85,elahiyeh,الهیه,35.79066,51.42698,51.4162521,35.7785072,51.4360847,35.8010674
953,tehran-emamat,امامت,35.71015,51.48975,51.4844284,35.7034798,51.4948692,35.7158318
287,emam-hossein,امام حسین,35.70121,51.44799,51.4440842,35.6982918,51.4514885,35.7042618
4185,emam-khomeyni-tehran,امام خمینی,35.68798,51.41742,51.4143753,35.6858292,51.4206161,35.6902046
1021,imamzadeh-hasan,امام زاده حسن,35.66543,51.36073,51.3544426,35.6616669,51.3668518,35.669651
4132,emam-zade-abdollah,امام زاده عبدالله,35.67894,51.34916,51.3417282,35.6710434,51.3549385,35.6854286
45,emamzade-ghasem, امام زاده قاسم (نیاوران),35.81326,51.44052,51.4316254,35.8048172,51.4508362,35.8197174
360,amaniyeh,امانیه,35.78044,51.41575,51.4033737,35.7699394,51.4282227,35.7919464
937,tehran-khaghani,امجدیه (خاقانی),35.71124,51.42819,51.4254875,35.7016716,51.4321175,35.7190971
91,amir-abad,امیرآباد,35.73566,51.39022,51.3814,35.723114,51.4019508,35.7434425
276,amir-bahador,امیر بهادر,35.67163,51.40363,51.3995361,35.6677399,51.4079361,35.6754189
277,amiriyeh,امیریه,35.67826,51.40082,51.3936768,35.674614,51.4088745,35.6823578
4232,aminabad-rey,امین آباد,35.5745,51.48948,51.4567528,35.5499077,51.5177765,35.5939102
993,aminhozour,امین حضور,35.67948,51.43445,51.4301834,35.674324,51.4385033,35.6855736
4157,anbar-naft,انبار نفت,35.6621,51.39154,51.3848381,35.6584206,51.3963776,35.6665955
115,oghaf,اوقاف,35.74965,51.5144,51.5005035,35.7444191,51.5245361,35.7564049
57,evin,اوین,35.7988,51.3933,51.3847656,35.7897682,51.4057236,35.8085098
991,tehran-iran,ایران,35.68763,51.43983,51.4318466,35.6817474,51.4473534,35.6928368
298,iranshahr,ایرانشهر,35.70865,51.42202,51.4172974,35.701519,51.4261742,35.7154121
927,eivanak,ایوانک,35.75901,51.35197,51.3417397,35.7510681,51.3624153,35.76614
4228,barut-kubi,باروت کوبی,35.60383,51.45296,51.4491844,35.5995293,51.4560738,35.607029
93,bazaar,بازار,35.67328,51.42277,51.4160461,35.6692543,51.4301834,35.678154
4229,bazar-ahan-rey,بازار آهن,35.61104,51.39592,51.3903198,35.6074638,51.4021759,35.6144218
4234,bazar-gol-khavaran,بازار گل خاوران,35.59159,51.51949,51.5169373,35.5894394,51.5228348,35.593811
4179,bashgah-naft,باشگاه نفت,35.70047,51.25287,51.2481194,35.6929,51.2573929,35.7078285
1022,bagh-khazaneh,باغ خزانه,35.66406,51.37077,51.3644676,35.6600952,51.3767815,35.6679688
217,baq-e-rezavan,باغ رضوان قدیمی,35.58721,51.39376,51.3900223,35.5810089,51.3978348,35.5925941
930,bagh-ferdows,باغ فردوس,35.80299,51.42273,51.4192314,35.8002663,51.4261665,35.8067665
920,bagh-feyz,باغ فیض,35.74472,51.32243,51.3120651,35.7346954,51.3329926,35.7530975
1023,shahid-borujerdi,بروجردی,35.63754,51.46807,51.4635582,35.6319618,51.4756622,35.642746
197,beryanak,بریانک,35.67507,51.3774,51.3730354,35.6681328,51.3815422,35.6818237
208,bolvar-e-keshavarz,بلوار کشاورز,35.71351,51.39914,51.3893852,35.7073326,51.4087524,35.7208519
1007,bolursazi,بلورسازی,35.66301,51.37898,51.3735428,35.6542854,51.3822746,35.670845
128,kazem-abad,بنی‌هاشم,35.75034,51.46915,51.4607124,35.740345,51.4794807,35.7591667
938,bahar,بهار,35.71073,51.43318,51.428154,35.7017059,51.4393501,35.7179108
154,baharan,بهاران,35.76878,51.271,51.2620277,35.7573242,51.2840309,35.7823524
92,baharestan,بهارستان,35.69454,51.42992,51.4238968,35.6855736,51.4385567,35.7018433
297,behjat-abad,بهجت‌آباد,35.71934,51.41214,51.4069786,35.7116165,51.4172974,35.7277641
917,behdasht,بهداشت,35.65712,51.338,51.3293381,35.6516266,51.3473358,35.6616211
254,bahman-yar,بهمن یار,35.62521,51.39813,51.3910027,35.6144218,51.4047165,35.6394691
4128,bostan-besat-bagh-azari,بوستان بعثت (باغ آذری),35.64896,51.4259,51.4214897,35.646019,51.4303,35.6518211
4319,bustan-jangali-lavizan,بوستان جنگلی لویزان,35.7704,51.52395,51.512825,35.7603645,51.5375481,35.7776
4169,bostan-chitgar,بوستان چیتگر,35.73018,51.2176,51.1905174,35.7159767,51.2441559,35.7457047
946,sorkhe-hesar,بوستان سرخه حصار,35.72025,51.55544,51.5117378,35.7111282,51.5989037,35.7262268
103,shian,بوستان شیان,35.76463,51.50038,51.484127,35.7564049,51.5139236,35.773819
4164,bostan-velayat,بوستان ولایت,35.64561,51.38152,51.3695679,35.6367836,51.3935623,35.6553841
4227,bibi-shahr-banoo,بی‌بی شهر بانو,35.59998,51.48507,51.4548759,35.5844154,51.519371,35.6174889
1015,bisim,بیسیم,35.65368,51.45001,51.4445,35.6503067,51.4555206,35.6567726
206,baqerkhan,پاتریس لومومبا قدیمی,35.71676,51.37618,51.3715439,35.7060814,51.3815498,35.7267151
4143,padgan-emam-hossein,پادگان امام حسین,35.68063,51.27632,51.2718353,35.6766396,51.2823448,35.6851959
4186,park-shahr,پارک شهر,35.68207,51.41388,51.4088745,35.678154,51.4183083,35.6858406
67,pasdaran,پاسداران,35.77281,51.46805,51.4523125,35.7538643,51.4847488,35.7904663
280,pamenar,پامنار,35.68145,51.4248,51.4172707,35.6757469,51.4318466,35.6864204
138,shahrak-e-jandarmeri,پردیسان,35.74273,51.35661,51.3415833,35.7343636,51.3717232,35.7511597
965,parastar,پرستار,35.68812,51.4863,51.4786377,35.6832275,51.4949379,35.6929626
922,parvaz,پرواز,35.7892,51.35419,51.3446236,35.783886,51.3613167,35.7953148
82,poonak,پونک,35.76248,51.33479,51.322567,35.750927,51.3435516,35.7819939
292,pirouzi,پیروزی قدیمی,35.69542,51.48643,51.4797592,35.6919441,51.4932861,35.6998749
4134,peykan-shahr,پیکان شهر,35.73982,51.17971,51.1662216,35.7289238,51.1942,35.7497406
966,taxirani,تاکسیرانی,35.67191,51.48331,51.4722137,35.6664505,51.4925194,35.6778221
61,tajrish,تجریش,35.80402,51.42941,51.4237137,35.7984962,51.4341774,35.8098793
236,shahrak-e-takhti,تختی,35.62508,51.41556,51.4099884,35.6152344,51.4210243,35.6336403
4333,terminal-jonub,ترمینال جنوب,35.64933,51.41919,51.4167213,35.6469612,51.421505,35.6519661
4311,terminal-gharb,ترمینال غرب,35.70334,51.33433,51.3310204,35.6995316,51.3380165,35.7074928
956,taslihat,تسلیحات,35.71957,51.47272,51.4662704,35.7145309,51.4788475,35.7243423
4233,tasfiye-khane,تصفیه خانه,35.57024,51.44094,51.428875,35.5563049,51.4515076,35.5809746
4225,taghi-abad,تقی آباد,35.5808,51.46577,51.4580688,35.5724716,51.4729271,35.5869102
4175,tehran-pars,تهرانپارس جنوبی,35.72634,51.52061,51.5018692,35.7182198,51.5385933,35.7327423
109,east-tehranpars,تهرانپارس شرقی,35.74102,51.54708,51.5361328,35.7293396,51.5564728,35.7500381
108,west-tehranpars,تهرانپارس غربی,35.74176,51.53206,51.5176697,35.7301788,51.5466576,35.7529755
178,tehransar,تهرانسر شرقی,35.68558,51.25352,51.2413902,35.6785812,51.2642899,35.6931534
4148,tehransar-shomali,تهرانسر شمالی,35.70245,51.2617,51.2549782,35.6979828,51.2682457,35.7069511
4177,tehransar-gharbi,تهرانسر غربی,35.69238,51.24728,51.2399673,35.6884346,51.2526436,35.6980476
4178,tehransar-markazi,تهرانسر مرکزی,35.69622,51.25693,51.2541389,35.692173,51.2604866,35.7001457
123,tehran-no,تهران‌نو,35.7102,51.49635,51.4913521,35.7045975,51.5018425,35.7172546
201,tehranvila,تهران‌ویلا,35.72263,51.36656,51.3593445,35.7169189,51.3715553,35.7288857
203,tohid,توحید,35.70539,51.37039,51.3629951,35.7003098,51.378109,35.7142906
916,tolid-daroo,تولید دارو,35.66372,51.33789,51.3315849,35.6598206,51.3448334,35.6677246
971,jaberi,جابری,35.68475,51.45346,51.449337,35.6802521,51.4595261,35.6878319
86,jordan,جردن,35.76437,51.41602,51.4094925,35.7574654,51.4243279,35.7713318
1013,jalili,جلیلی,35.65027,51.36191,51.3588524,35.6457901,51.3653679,35.6544075
44,jamaran,جماران (نیاوران),35.81823,51.45883,51.4507942,35.8119965,51.4670067,35.8284683
204,jamalzadeh,جمال‌زاده,35.69734,51.38849,51.3842659,35.693325,51.3921967,35.7009201
94,jomhouri,جمهوری,35.69729,51.38199,51.378109,35.693779,51.3861275,35.7007866
148,south-janat-abad,جنت‌آباد جنوبی,35.74591,51.30592,51.2946053,35.7334938,51.3158493,35.7533112
145,north-janat-abad,جنت‌آباد شمالی,35.7721,51.30826,51.2968712,35.7636604,51.3206367,35.7790794
146,central-janat-abad,جنت‌آباد مرکزی,35.75904,51.30382,51.2949448,35.7531586,51.3111763,35.7678146
933,jahad,جهاد,35.72497,51.40232,51.3944435,35.7195702,51.4088593,35.7292557
265,javadiyeh,جوادیه,35.65372,51.3982,51.3820953,35.6450195,51.4134903,35.6595078
947,javadiyeh-tehran-pars,جوادیه تهرانپارس,35.73182,51.54979,51.5374,35.7248955,51.5616302,35.7418709
156,andisheh,جوانمردان (اندیشه),35.74706,51.27653,51.2651024,35.7371254,51.288723,35.7562904
231,javanmard-e-ghasab,جوانمرد قصاب قدیمی,35.61332,51.42565,51.4146156,35.6020584,51.4383812,35.6253204
4042,javanmard-ghassab,جوانمرد قصاب,35.61151,51.42509,51.4144745,35.6023865,51.4383316,35.6182632
196,jey,جی,35.67521,51.3567,51.3522072,35.6692238,51.3611221,35.6803513
657,jeyhoun,جیحون,35.69016,51.36696,51.3629951,35.6806297,51.3712273,35.7003708
251,charsad-dastgah,چهارصد دستگاه,35.6885,51.45728,51.4515381,35.6858,51.4625626,35.6905632
4160,chub-tarash,چوب تراش,35.7151,51.34359,51.3357353,35.7118454,51.3524857,35.7188454
306,chitgar,چیتگر جنوبی,35.71785,51.16042,51.1236687,35.7031174,51.1884804,35.7329597
4136,chitgar-shomali,چیتگر شمالی,35.72443,51.18643,51.1822777,35.7197952,51.1908,35.7295113
63,chizar,چیذر,35.79704,51.45567,51.4490738,35.7917633,51.4616547,35.8019676
952,hafezie,حافظیه,35.70079,51.49585,51.4887581,35.6929207,51.5026398,35.7074814
4161,habibollah,حبیب الله,35.71469,51.35763,51.3524857,35.7076454,51.3644905,35.7199821
282,hor-square,حر,35.68714,51.38811,51.3824234,35.6806564,51.3936768,35.6939468
99,hassan-abad,حسن‌آباد,35.68745,51.41242,51.4099617,35.6846466,51.4143753,35.6903381
216,hasan-abad-baqer-far,حسن‌آباد باقرفر قدیمی,35.57808,51.38174,51.3666687,35.5477753,51.3922653,35.614357
1025,tehran-hosein-abad,حسین‌آباد,35.77647,51.48301,51.473175,35.7702255,51.491745,35.7859344
130,heshamatiyeh,حشمتیه,35.72616,51.45007,51.4425659,35.7206078,51.4589272,35.7313614
942,hesar-booali,حصار بوعلی,35.80452,51.46917,51.4649429,35.7988815,51.4747696,35.8115196
919,tehran-hesarak,حصارک,35.78293,51.3116,51.2989197,35.7747345,51.3253517,35.7903366
931,hekmat,حکمت,35.80012,51.44148,51.4336586,35.7938576,51.452179,35.8080292
121,hakimiyeh,حکیمیه,35.73935,51.58803,51.5719,35.7235336,51.6063,35.752121
985,hamzeh-abad,حمزه‌آباد قدیمی,35.5975,51.42369,51.4179764,35.5890465,51.4285736,35.6064072
4049,hamzeabad,حمزه‌آباد,35.59747,51.42363,51.4179573,35.5890694,51.4286041,35.6063805
948,khak-sefid,خاک سفید,35.74253,51.56325,51.5551529,35.7349129,51.5731697,35.7486115
255,khani-abad,خانی‌آباد,35.66232,51.41019,51.4048958,35.6580887,51.4155045,35.6667404
989,khani-abad-no,خانی آباد نو جنوبی,35.61903,51.39456,51.3903313,35.614315,51.4002266,35.626297
4137,khaniabad-no-shomali,خانی آباد نو شمالی,35.63227,51.38977,51.3856087,35.6241341,51.3938103,35.6409874
1017,khavaran,خاوران,35.66544,51.45315,51.4456062,35.660347,51.4596558,35.6685524
999,salamat,خرمشهر,35.67629,51.38336,51.3801422,35.670845,51.3880272,35.6820602
253,khazaneh,خزانه,35.6403,51.42109,51.4147911,35.6301537,51.4265099,35.6476
4332,khalazir,خلازیر,35.61285,51.35656,51.3484497,35.6075592,51.3662262,35.6188393
188,khalij-e-fars,خلیج فارس,35.66911,51.25645,51.2304535,35.6531487,51.2853203,35.6835747
286,eshrat-abad,خواجه نصیر طوسی,35.70395,51.4378,51.4300613,35.7017365,51.4458466,35.7068024
958,khaje-nezam-molk,خواجه نظام الملک,35.71333,51.44797,51.4403191,35.7046776,51.455349,35.7221756
47,darabad,دارآباد,35.81129,51.49066,51.4839134,35.8005486,51.498188,35.8229752
209,tehran-university,دانشگاه تهران قدیمی,35.70525,51.39762,51.3902779,35.7010803,51.4042854,35.7109566
928,university-of-sharif,دانشگاه شریف,35.70555,51.35297,51.3465157,35.6999626,51.3598976,35.7144547
127,dabestan,دبستان,35.73601,51.45453,51.4451447,35.7292557,51.4668465,35.7419472
940,darb-dowom,درب دوم,35.78114,51.44173,51.4359894,35.7754478,51.449707,35.7863083
54,darband,دربند,35.81697,51.42624,51.4166,35.8089294,51.433445,35.8275909
926,sepehr,درختی,35.76873,51.35347,51.3415146,35.7628708,51.3667145,35.7746887
118,dardasht,دردشت,35.72885,51.50671,51.4992,35.7195244,51.5176697,35.7347832
58,darakeh,درکه,35.8034,51.38519,51.3774796,35.7952614,51.3922615,35.8125687
285,darvazeh-shemiran,دروازه شمیران,35.69603,51.44176,51.4334793,35.6895981,51.4480095,35.701931
71,darrous,دروس,35.77362,51.45624,51.44627,35.7634392,51.4681168,35.7813911
929,darya,دریا,35.77277,51.37654,51.3634529,35.7668686,51.3909,35.7786179
1031,chitgar-lake,دریاچه شهدای خلیج فارس,35.74492,51.21396,51.2058105,35.7388802,51.2226257,35.751
200,daryan-no,دریان‌نو,35.71494,51.36278,51.3581505,35.7122269,51.3666115,35.7181816
66,dezashib,دزاشیب,35.80716,51.45201,51.4413,35.8007278,51.4616547,35.8130913
4130,dezhkam,دژکام,35.67876,51.4515,51.4462585,35.6748314,51.4592171,35.6816101
1003,shahid-dastgheyb,دستغیب,35.68668,51.34817,51.3406219,35.6826096,51.3554,35.689064
1029,dr-hoshyar,دکتر هوشیار,35.69423,51.35099,51.3457222,35.688736,51.3564949,35.7001305
962,dehqan,دهقان,35.69599,51.47662,51.4723816,35.6915,51.4802895,35.7023926
161,dehkade-olympic,دهکده المپیک,35.76403,51.25438,51.2379112,35.7562904,51.2685585,35.7714195
4151,dahom-farvardin,دهم فروردین,35.68574,51.46576,51.4610672,35.681076,51.4723587,35.6907387
81,vanak-village,ده‌ونک,35.76929,51.39201,51.3873405,35.7591896,51.3968887,35.7802162
272,doolab,دولاب,35.66471,51.46123,51.4568443,35.6589355,51.4650383,35.6709213
233,dolat-abad,دولت‌آباد قدیمی,35.62114,51.45279,51.4363136,35.6125603,51.4715385,35.6294136
4043,dowlatabad-rey,دولت‌آباد,35.62123,51.4527,51.4363556,35.6128731,51.47155,35.6295128
918,dolatkhah,دولتخواه جنوبی,35.61518,51.34281,51.3360176,35.6074257,51.3488197,35.6228867
4181,dolatkhah-shomali,دولتخواه شمالی,35.62667,51.34287,51.3380661,35.6221809,51.3474,35.6320801
4044,deylaman-rey,دیلمان,35.60337,51.43251,51.4249573,35.597374,51.4392471,35.6079445
228,south-deylaman,دیلمان قدیمی,35.60333,51.43256,51.42519,35.5972786,51.4392395,35.6079102
4153,rah-ahan-tehran,راه آهن,35.66073,51.40034,51.3937263,35.658432,51.4055786,35.6630707
964,zahed-gilani,زاهد گیلانی,35.69418,51.46026,51.4566765,35.6903343,51.4651146,35.6993752
955,zarkesh,زرکش,35.7161,51.48037,51.4744263,35.7109718,51.4851608,35.7217789
84,zargandeh,زرگنده,35.7728,51.43472,51.4278145,35.7648201,51.4427567,35.7838745
56,zafaraniyeh,زعفرانیه,35.80882,51.41453,51.4035912,35.7975616,51.4261971,35.8176537
1009,zamzam,زمزم,35.64942,51.36954,51.3619232,35.6435471,51.3790512,35.6569
1001,tehran-zanjan,زنجان جنوبی,35.69472,51.35954,51.3550568,35.689064,51.3640289,35.7003098
268,zehtabi,زهتابی,35.64177,51.36017,51.3531609,35.6366577,51.3695679,35.6467056
162,shahrak-e-cheshmeh,زیبادشت,35.75246,51.26044,51.2536125,35.7461357,51.2684822,35.7599182
157,sazman-ab,سازمان آب,35.73958,51.2899,51.2834816,35.7333603,51.2967682,35.7470818
4133,sazman-barname-jonubi,سازمان برنامه جنوبی,35.72624,51.29988,51.2948532,35.7166672,51.3053246,35.7333603
158,sazamn-barnameh,سازمان برنامه شمالی,35.73663,51.30108,51.2949181,35.7321243,51.3098602,35.7431374
950,sabalan,سبلان قدیمی,35.72448,51.46333,51.4582558,35.7183838,51.4692841,35.7307968
949,tehran-lashkar,سبلان (لشگر),35.72626,51.46407,51.4588737,35.7198524,51.4716,35.7333145
205,sattarkhan,ستارخان,35.72327,51.3569,51.3494377,35.7144547,51.3687668,35.7292213
1014,imam-sajjad,سجاد,35.65481,51.35771,51.3529549,35.6504326,51.3632889,35.6584206
4050,sartakht-rey,سرتخت,35.58937,51.43216,51.4269066,35.5863838,51.4375305,35.5925598
984,sartakht,سرتخت قدیمی,35.58938,51.43218,51.4269066,35.5864677,51.4375496,35.5925903
4312,sardar-e-jangal,سردارجنگل,35.76195,51.32175,51.3158493,35.7523346,51.327755,35.7705231
75,saadat-abad,سعادت‌آباد,35.78352,51.37814,51.3610687,35.7746887,51.3931351,35.7928886
913,saeed-abad,سعیدآباد,35.65338,51.28559,51.2730064,35.6447144,51.2941551,35.6618843
284,sarsabil,سلسبیل جنوبی,35.68595,51.37522,51.370182,35.68116,51.3801422,35.6907082
4131,selsebil-shomali,سلسبیل شمالی,35.69564,51.3738,51.3654366,35.6900139,51.3792915,35.7006569
1005,soleymani,سلیمانی,35.67224,51.36381,51.3569679,35.6670151,51.3724327,35.6804771
299,motahari,سنائی,35.72151,51.4209,51.4154434,35.7152481,51.4275,35.7293167
279,sanglaj,سنگلج (شاپور),35.67379,51.41205,51.4067612,35.6682396,51.4172707,35.6795235
302,north-sohrevardi,سهروردی,35.72097,51.43477,51.4249,35.7154655,51.4434814,35.7245712
52,sohanak,سوهانک,35.80172,51.52994,51.5181618,35.7917252,51.5392,35.81604
1028,tehran-jolfa,سید خندان (جلفا),35.74589,51.43545,51.4213066,35.740242,51.4495163,35.7519264
996,sirous,سیروس,35.67236,51.43332,51.4290276,35.6692924,51.4382324,35.6757469
4051,sizdah-aban-rey,سیزده آبان,35.60568,51.40953,51.4000854,35.5956917,51.4194145,35.6152344
983,sizdah-aban,سیزده آبان قدیمی,35.60277,51.41264,51.4001465,35.5830269,51.4211426,35.6151962
4330,simaye-iran,سیمای ایران,35.75258,51.35667,51.3483734,35.7493896,51.3647346,35.7556648
189,shadabad,شادآباد,35.66004,51.30811,51.2926674,35.6509323,51.3210716,35.6722374
656,shadman,شادمان,35.70837,51.36228,51.357048,35.7002335,51.3682938,35.7160263
957,east-shareq,شارق,35.7117,51.46288,51.4565392,35.7047348,51.4722862,35.7198524
972,shahed,شاهد قدیمی,35.67314,51.47699,51.4721527,35.6678963,51.4814072,35.6783867
147,shahin,شاهین,35.76183,51.31475,51.3108025,35.7530975,51.319313,35.7704391
1004,shabiri,شبیری قدیمی,35.6752,51.35669,51.3522682,35.6691132,51.3610649,35.6803513
637,sharifabad,شریف‌آباد قدیمی,35.4279,51.78655,51.7731247,35.4122276,51.7995377,35.4431038
969,shokoofeh,شکوفه,35.68499,51.44889,51.4465446,35.6788597,51.451992,35.6899681
4165,shokufe-abdol-abad,شکوفه (عبدل آباد),35.62621,51.36765,51.3606911,35.6188393,51.3771248,35.6329613
973,saheb-al-zaman,شکیبا,35.67411,51.4682,51.4625816,35.6692085,51.4747887,35.6787643
125,shams-abad,شمس‌آباد,35.74738,51.47804,51.4668465,35.7375298,51.4856606,35.7593498
915,shamshiri,شمشیری,35.67051,51.34243,51.33564,35.6664085,51.3524895,35.6745644
106,shemiran-no,شمیران‌نو,35.75282,51.49661,51.4838181,35.7435188,51.5125465,35.7589798
4052,shahadat-rey,شهادت,35.6134,51.44815,51.4375801,35.6083794,51.4632721,35.6186333
977,shahadat,شهادت قدیمی,35.61342,51.44801,51.4376259,35.6082077,51.461853,35.618679
202,sharara,شهرآرا,35.71811,51.37413,51.3657455,35.7056,51.3814,35.7278175
152,south-shahran,شهران جنوبی,35.75868,51.29078,51.2840309,35.7533112,51.2968712,35.7636604
151,north-shahran,شهران شمالی,35.77413,51.28535,51.2628098,35.7627907,51.3028259,35.7847176
4223,shahrerey,شهرری,35.59004,51.44573,51.4375153,35.5878601,51.4525261,35.5923157
155,shahr-e-ziba,شهر زیبا,35.74886,51.29172,51.2857628,35.7431374,51.2968178,35.7535477
169,shahrak-e-apadana,شهرک آپادانا,35.71015,51.32804,51.3201752,35.7037735,51.3372421,35.715519
4138,shahrak-ati-shahr,شهرک آتی شهر,35.74714,51.15241,51.1487274,35.7419205,51.1561432,35.7520142
164,shahrak-e-azadi,شهرک آزادی,35.7089,51.27262,51.2640724,35.7029152,51.2812805,35.7153625
4163,shahrak-azmayesh-tehran,شهرک آزمایش,35.73133,51.35896,51.347702,35.7263947,51.3713264,35.7346725
180,shahrak-e-aseman,شهرک آسمان,35.6802,51.26674,51.2608757,35.6770401,51.2726135,35.6838875
259,shahrak-e-aboozar,شهرک ابوذر,35.62068,51.35514,51.3474,35.6150742,51.3627357,35.6277504
175,shaharak-e-esteqlal,شهرک استقلال,35.70287,51.22844,51.2020836,35.6835747,51.2529755,35.7192078
4147,shahrak-almahdi-tehran,شهرک المهدی,35.68466,51.26789,51.262291,35.6813393,51.2736244,35.6881256
4316,shahrak-elahiye-gharb,شهرک الهیه غرب,35.75561,51.14718,51.143425,35.7522507,51.1514244,35.7598724
190,shahrak-e-emamkhomeyni,شهرک امام خمینی,35.73221,51.6122,51.587574,35.7217178,51.6363068,35.7440338
113,shahrak-e-omid,شهرک امید,35.7666,51.53563,51.5253601,35.7583847,51.5442085,35.7765465
271,shahrak-e-amiralmomenin,شهرک امیرالمومنین,35.66102,51.51275,51.5083122,35.6575623,51.517498,35.6643906
166,shahrak-e-ansar,شهرک انصار,35.71088,51.25948,51.2524452,35.7056847,51.2663956,35.7151489
4168,shahrak-baasat,شهرک بعثت,35.63774,51.43047,51.4253616,35.6298714,51.4360733,35.6464691
4141,shahrak-booli,شهرک بوعلی,35.79268,51.36675,51.3614845,35.7851486,51.3736076,35.7982635
910,shahrak-pasdaran,شهرک پاسداران,35.69509,51.26232,51.2584915,35.6912842,51.2660675,35.6989784
4331,shahrak-pardisan-tehran,شهرک پردیسان,35.75106,51.36747,51.3635597,35.7491379,51.3717232,35.7539978
159,shahrak-e-parvaz,شهرک پرواز,35.725,51.30642,51.3018608,35.7168503,51.3112602,35.7334938
311,azad-shahr,شهرک چیتگر,35.75439,51.18665,51.1646194,35.7402763,51.2101517,35.7681885
4314,shahrak-kharazi,شهرک خرازی,35.75619,51.1624,51.1561432,35.7507057,51.1709251,35.7613449
1032,shahrak-daneshgahi,شهرک دانشگاه,35.71143,51.19809,51.1834526,35.6956825,51.2147827,35.7270203
1033,shahrak-daneshgah-tehran,شهرک دانشگاه تهران قدیمی,35.70858,51.19762,51.1835556,35.6956406,51.2139244,35.7196274
1034,sharif,شهرک دانشگاه شریف,35.75627,51.15424,51.1493187,35.7509499,51.1591454,35.7612915
179,shahrak-e-darya,شهرک دریا,35.68568,51.23901,51.2333488,35.6814957,51.2431374,35.6903305
245,karevan,شهرک رضویه,35.61105,51.49814,51.4872,35.6044,51.5083466,35.6196861
122,zeynabeiyeh,شهرک زینبیه,35.70886,51.50769,51.5006981,35.7005653,51.513134,35.7189407
257,shaharak-e-shariyati,شهرک شریعتی,35.63478,51.37448,51.3666878,35.6249847,51.3822479,35.6451225
260,shaharak-e-sharifi,شهرک شریفی,35.61972,51.33353,51.3248444,35.6094284,51.3406715,35.6290588
4176,shahrak-shahrdari,شهرک شهرداری,35.72581,51.18158,51.1785,35.721077,51.1846466,35.7309189
1030,shahrak-shahid-bagheri,شهرک شهید باقری,35.76138,51.20159,51.189537,35.757103,51.2123413,35.7653732
944,kuy-nobonyad,شهرک شهید رجایی (کوی نوبنیاد),35.78376,51.48566,51.4807167,35.779335,51.4906158,35.7884
4156,shahrak-sadeghieh,شهرک صادقیه,35.63734,51.35096,51.345726,35.634182,51.3565636,35.6412239
163,azadi-sport-complex,شهرک صدرا,35.72383,51.25394,51.2411537,35.7145042,51.2663422,35.7440491
187,shahrak-e-taleghani,شهرک طالقانی,35.65731,51.269,51.2615089,35.6496735,51.2787857,35.6654243
4339,shahrak-elm-va-fanavari,شهرک علم و فناوری,35.74491,51.16381,51.1536217,35.7368507,51.1735802,35.7517281
78,shahrak-e-gharb,شهرک غرب,35.75977,51.37594,51.3613968,35.7492561,51.3886337,35.7708817
307,shahrak-e-ghazali,شهرک غزالی,35.73198,51.16033,51.1493263,35.7236328,51.1717377,35.7419205
185,shahrak-e-ferdows,شهرک فردوس (حسینی),35.66299,51.32521,51.3185692,35.6549416,51.333416,35.6698456
911,shahrak-farhangian,شهرک فرهنگیان,35.70975,51.28424,51.2705612,35.7009201,51.2914963,35.7163734
140,shahrak-e-koohsar,شهرک کوهسار,35.78172,51.33295,51.3302689,35.7781715,51.3358879,35.7861786
50,shahrak-golha,شهرک گلها,35.80418,51.49784,51.4937935,35.7992401,51.5031433,35.8090096
4184,shahrak-golha-tehransar,شهرک گلها (تهرانسر),35.69979,51.26759,51.264679,35.6925163,51.2706528,35.7049522
51,shahrak-e-mahalati,شهرک محلاتی,35.80339,51.51636,51.5043068,35.7953377,51.525692,35.8127098
4170,shahrak-mokhaberat,شهرک مخابرات,35.79466,51.36068,51.3545,35.7842636,51.3656044,35.8037491
4230,shahrak-nezami,شهرک نظامی,35.55745,51.46613,51.4444504,35.5398827,51.4881783,35.5723572
921,shahrak-naft-district5,شهرک نفت,35.79181,51.3378,51.3309822,35.7783699,51.3419266,35.8100357
4162,shahrak-homa,شهرک هما,35.74584,51.33705,51.3317795,35.7402382,51.3422699,35.7511177
194,shahrak-e-vali-e-asr,شهرک ولیعصر جنوبی,35.64362,51.34482,51.3327217,35.6343117,51.3531609,35.6501274
4180,shahrak-valiasr-shomali,شهرک ولیعصر شمالی,35.65076,51.3401,51.3320045,35.6445847,51.3495445,35.655365
4337,shahrak-yas-tehran,شهرک یاس,35.7418,51.25011,51.2454491,35.7392464,51.2538185,35.7440224
974,aref,شهمیرزادی,35.67338,51.4593,51.456562,35.6709213,51.4628601,35.6765556
982,shahid-avini,شهید آوینی قدیمی,35.58475,51.42752,51.422821,35.5768623,51.4341469,35.5909843
963,shahid-asadi,شهید اسدی,35.70156,51.4561,51.4504318,35.6978226,51.4617386,35.7058487
4222,shahid-beheshti-rey,شهید بهشتی,35.58469,51.41874,51.4036,35.5701904,51.4326706,35.5980453
263,eslam-abad,شهید رجایی,35.63382,51.32818,51.3114967,35.6201,51.3480759,35.6435394
4048,shahid-ghiyuri-ebn-baviye,شهید غیوری (ابن باویه),35.60276,51.44134,51.4381523,35.5968933,51.4464378,35.607235
4166,shahid-fakuri,شهید فکوری,35.70255,51.3273,51.3233452,35.6994171,51.3314056,35.7067528
240,shoosh,شوش,35.6582,51.44014,51.431,35.6550179,51.4452171,35.6608505
264,baq-e-azari,شوش (باغ آذری),35.65399,51.42315,51.4122086,35.6455498,51.4341583,35.6596222
281,sheykh-hadi,شیخ هادی,35.69398,51.40786,51.4026947,35.6861076,51.4128685,35.7013855
1035,shirazi,شیراز,35.75365,51.39513,51.3860817,35.750309,51.4042587,35.757061
968,shiva,شیوا,35.68016,51.4693,51.4626389,35.6770477,51.4747887,35.6835442
193,shaharak-e-moslemin,صاحب الزمان,35.64847,51.3224,51.3108215,35.6404228,51.3342743,35.6588058
4183,sahebgharanieh,صاحبقرانیه,35.80935,51.47459,51.4700737,35.8044701,51.4795418,35.8131981
172,sadeghiyeh,صادقیه,35.72204,51.34242,51.3347321,35.7171669,51.3504372,35.7267647
4041,saleh-abad-jonubi-bagh-rezvan,صالح آباد جنوبی (باغ رضوان),35.59139,51.39811,51.3901367,35.5809593,51.4092979,35.6032791
4054,salehabad-sharghi,صالح‌آباد شرقی,35.60399,51.39676,51.3902588,35.5990257,51.4031906,35.6081734
1026,east-saleh-abad,صالح‌آباد شرقی قدیمی,35.6039,51.39534,51.3900223,35.5916977,51.4026,35.614357
289,sad-dastgah,صد دستگاه,35.68931,51.4726,51.4634743,35.6866074,51.4792099,35.6919098
288,sheykh-al-raeis,صفا,35.69436,51.45225,51.4473534,35.6895981,51.4571838,35.6996231
978,safaiye,صفائیه (چشمه علی) قدیمی,35.60497,51.45008,51.4419594,35.5964928,51.4562645,35.6107483
4055,safaayie-cheshme-ali,صفاییه (چشمه علی),35.60537,51.44905,51.4419937,35.5966606,51.4563217,35.6107025
171,tarasht,طرشت,35.70634,51.34284,51.3361244,35.6995316,51.3511276,35.712883
1011,tous,طوس قدیمی,35.66058,51.35859,51.3535843,35.6576271,51.3635254,35.6637573
1016,tayeb,طیب,35.66026,51.45019,51.4449043,35.6560707,51.4568443,35.6654053
72,zafar,ظفر,35.7699,51.42812,51.4228249,35.7660065,51.4328499,35.7774658
4045,zahireabad,ظهیرآباد,35.59661,51.44976,51.4395256,35.5885353,51.4596519,35.6039238
227,zahir-abad,ظهیرآباد قدیمی,35.59637,51.44997,51.4397354,35.5870628,51.4597321,35.6041145
4226,abbasabad-rey,عباس‌آباد (شهرری),35.57071,51.46821,51.4647713,35.5682335,51.4721375,35.5738182
300,abbas-abad,عباس‌آباد,35.72771,51.43454,51.4213753,35.7234726,51.4452248,35.7314415
4158,abbasi,عباسی,35.6642,51.38518,51.3816681,35.6592255,51.3893356,35.6681099
1027,abdollah-abad,عبدالله‌آباد قدیمی,35.60616,51.37538,51.3660355,35.5890923,51.3848114,35.6143112
220,abdol-abad,عبدل‌آباد,35.63505,51.3639,51.3565636,35.6277504,51.3708458,35.6425095
4220,alayiin,علایین,35.57738,51.45541,51.4460754,35.5662384,51.4669037,35.5927773
116,elm-o-sanat,علم و صنعت,35.74171,51.50955,51.4920273,35.7362633,51.5255661,35.7469482
235,south-ali-abad,علی‌آباد,35.6269,51.42523,51.4177628,35.6182632,51.4363556,35.6331062
210,north-karegar,فاطمی,35.71892,51.38885,51.3779221,35.7119598,51.4049683,35.724968
912,fath,فتح,35.67705,51.30109,51.2787094,35.6698456,51.3231201,35.6823311
120,fadak,فدک,35.72785,51.48124,51.4716,35.7198029,51.4883957,35.7375298
59,farahzad,فرحزاد,35.78888,51.3444,51.3402328,35.7804298,51.3509865,35.7986794
170,kooy-e-ferdos,فردوس,35.72094,51.3214,51.3073425,35.7123566,51.3361244,35.7320862
994,ferdowsi,فردوسی,35.69631,51.41824,51.4109573,35.6900673,51.4261513,35.7016716
4150,farzane,فرزانه,35.68605,51.47496,51.4695396,35.6847382,51.479454,35.687336
64,farmaniyeh,فرمانیه,35.79566,51.46856,51.46,35.7901802,51.4775505,35.8013611
182,mehrabad-airport,فرودگاه مهرآباد,35.69086,51.30337,51.2634315,35.6775,51.3430786,35.7045021
199,fallah,فلاح,35.65995,51.3628,51.3535461,35.6567802,51.3728485,35.6637688
655,enqelab,فلسطین (میدان انقلاب),35.70284,51.39874,51.3902397,35.6955452,51.4069786,35.7116165
4231,firuzabad-rey,فیروزآباد,35.54216,51.48417,51.4629745,35.5211258,51.5039597,35.5621262
4056,firuzabadi,فیروزآبادی,35.59539,51.43322,51.4270554,35.5904121,51.4395256,35.6003304
988,firoozabadi,فیروزآبادی قدیمی,35.59539,51.43324,51.4269485,35.5904465,51.4397354,35.600296
961,qasemabad,قاسم‌آباد,35.70739,51.47289,51.461689,35.7022781,51.4865074,35.712738
941,qoba,قبا,35.76113,51.44916,51.4419975,35.7519264,51.4553223,35.7674866
211,qezel-qaleh,قزل قلعه,35.72895,51.39177,51.3868294,35.7231102,51.3981552,35.7339897
293,qasr-e-firoozeh-yek,قصر فیروزه ۱,35.6749,51.50504,51.4907227,35.6585541,51.5255966,35.6929207
248,qasr-e-firooze-do,قصر فیروزه ۲,35.65201,51.50639,51.4971199,35.6441612,51.5168037,35.6603203
998,qalamestan,قلمستان,35.67225,51.39764,51.394577,35.6685257,51.4007759,35.6756248
70,gholhak,قلهک,35.7737,51.44447,51.4364662,35.7668839,51.4516525,35.7798767
105,ghanat-kosar,قنات‌کوثر,35.75584,51.52963,51.5239944,35.7519455,51.5359802,35.7594681
995,qiam,قیام,35.67011,51.44158,51.435482,35.6653976,51.4461784,35.674324
639,qiamdash,قیام‌دشت قدیمی,35.52446,51.65067,51.6423759,35.5170403,51.6599617,35.5309906
65,qeytariyeh,قیطریه,35.79046,51.44378,51.4346504,35.7838745,51.4574776,35.7963295
959,tehran-police,کاج,35.71391,51.44196,51.4337692,35.7065353,51.4513359,35.7221527
4235,karkhane-siman,کارخانه سیمان,35.58005,51.51437,51.4934349,35.5673,51.5330925,35.5911751
43,kashanak,کاشانک,35.81245,51.48016,51.4733734,35.8010902,51.4850082,35.8215981
62,kamraniyeh,کامرانیه,35.80672,51.46251,51.4581413,35.8007126,51.4666824,35.8119965
945,tehran-kerman,کرمان,35.73272,51.47387,51.4642754,35.7243423,51.4832268,35.7396927
219,karim-abad,کریم‌آباد قدیمی,35.59709,51.36303,51.3510399,35.5850906,51.3742104,35.6121292
153,kan,کن,35.75835,51.27843,51.2683,35.7535553,51.2875671,35.7651
997,kosar,کوثر,35.66326,51.43855,51.4309082,35.6593399,51.4456062,35.6679878
4142,kuhsar-tehran,کوهسار,35.79339,51.38015,51.3716698,35.7900085,51.3871956,35.7988434
909,kuhak,کوهک,35.73256,51.24409,51.2364464,35.7227,51.2516556,35.7414246
168,kooy-e-bimeh,کوی بیمه,35.70506,51.31931,51.3155594,35.6991615,51.3236389,35.7119408
923,kuy-faraz,کوی فراز,35.78975,51.37063,51.3653221,35.7861786,51.3751907,35.7933884
4146,kuy-nasr-mehrabad,کوی نصر مهرآباد,35.67885,51.32115,51.3093109,35.6748505,51.3337517,35.6839
241,shahrak-e-kianshahr,کیانشهر,35.63729,51.44895,51.4341583,35.6274757,51.4644203,35.6455498
96,gandi,گاندی,35.746,51.41691,51.4104614,35.7401772,51.4227753,35.7521858
960,tehran-gorgan,گرگان,35.70963,51.45081,51.4432526,35.7026176,51.4574547,35.7165871
46,golab-dareh,گلاب دره,35.82047,51.43467,51.4304466,35.8173904,51.4397621,35.8246307
1012,golchin,گلچین,35.65393,51.36696,51.3630371,35.6489067,51.3715324,35.6575279
165,west-shahrak-e-golestan,گلستان (شهرک راه آهن),35.75267,51.23095,51.1999283,35.7388306,51.2551842,35.7606201
275,gomrok,گمرک,35.66723,51.39398,51.3892136,35.6648483,51.3996582,35.6687584
88,gisha,گیشا,35.73857,51.37741,51.3687668,35.724968,51.3860817,35.750309
4187,lalezar,لاله زار,35.68999,51.42217,51.4198799,35.6853256,51.424511,35.6947212
104,lavizan,لویزان,35.77768,51.50125,51.4858322,35.7666512,51.5217209,35.7862816
214,mobarak-abad-e-beheshti,مبارک‌آباد بهشتی قدیمی,35.56452,51.39438,51.3503189,35.5346603,51.4256401,35.6079979
110,majid-abad,مجیدآباد,35.76164,51.54496,51.5317917,35.7500381,51.5572548,35.7746887
126,majidiyeh,مجیدیه,35.7356,51.46655,51.4613342,35.7306786,51.4714622,35.740345
60,mahmoodiyeh,محمودیه,35.79567,51.41262,51.4048729,35.7909164,51.4203033,35.8032646
4154,mokhtari,مختاری,35.66442,51.40102,51.3957596,35.6622467,51.4062767,35.6671906
1000,makhsous,مخصوص,35.67818,51.38963,51.3833046,35.6735153,51.394577,35.6823578
117,sarsabz,مدائن,35.72763,51.49699,51.4917679,35.7197,51.5021515,35.7357178
141,morad-abad,مرادآباد,35.78493,51.32619,51.3164825,35.7778244,51.3333359,35.7941704
139,marzdaran,مرزداران,35.73336,51.34104,51.3329926,35.7263298,51.3496208,35.7408066
4340,morvarid-shahr,مروارید شهر,35.74962,51.13881,51.1253815,35.7429237,51.1510773,35.7573814
246,masoudieh,مسعودیه,35.62889,51.49898,51.4818344,35.6131554,51.5122261,35.6379128
976,mesgar-abad,مسگرآباد,35.62764,51.5164,51.5050392,35.6230469,51.5302544,35.6320305
243,moshiriyeh,مشیریه,35.62453,51.4775,51.4500275,35.6107826,51.4971428,35.6378517
4140,motahhari-tehran,مطهری,35.64848,51.44257,51.4334526,35.644928,51.4538803,35.6525612
4155,mazaheri,مظاهری,35.65453,51.43739,51.431,35.6509132,51.4447632,35.6593552
1010,moqadam,مقدم,35.65716,51.37405,51.3706131,35.6525688,51.3779907,35.6609039
234,malek-abad,ملک‌آباد قدیمی,35.62153,51.43446,51.4314728,35.6168175,51.4376259,35.6275177
4046,malekabad-rey,ملک‌آباد,35.62052,51.43053,51.4210243,35.6156502,51.4376564,35.6274757
232,mansouriyeh,منصوریه (پل سیمان) قدیمی,35.60918,51.43764,51.4278908,35.6058655,51.4432869,35.6120453
4047,mansuriye-mangal,منصوریه منگل,35.60919,51.43768,51.4281654,35.6058273,51.4433136,35.6120682
278,moniriyeh,منیریه,35.6841,51.4017,51.3928795,35.6795235,51.4101562,35.6882095
914,sar-asiyab-mehr-abad,مهرآباد,35.67182,51.3296,51.3210716,35.6673431,51.3363113,35.6767159
186,south-mehrabad,مهرآباد جنوبی,35.67693,51.33792,51.3282852,35.6726952,51.3476639,35.6805763
174,hasan-abad-shomali,مهران,35.7326,51.32021,51.3098602,35.7254639,51.3268547,35.7388191
95,seyed-khandan,مهران (سیدخندان),35.74866,51.45699,51.4469719,35.7411118,51.4654274,35.7567444
4313,mahestan,مهستان,35.76321,51.16863,51.1619034,35.7597427,51.1733894,35.7671814
266,molavi,مولوی,35.6678,51.41409,51.3991661,35.6656914,51.4290695,35.6697083
4129,meydan-mive-va-terehbar-markazi,میدان میوه و تره‌بار مرکزی,35.61916,51.37745,51.3627357,35.6118736,51.3904686,35.6278267
658,valiasr,میدان ولیعصر,35.70636,51.40922,51.4051857,35.7012253,51.4128685,35.7137756
74,mirdamad,میرداماد,35.75969,51.4356,51.4202042,35.7502975,51.4488907,35.7674942
1018,minabi,مینابی,35.65211,51.4567,51.4499092,35.6450043,51.4609642,35.660347
975,mina,مینای جنوبی,35.67042,51.45086,51.4458809,35.6675797,51.456562,35.6736565
4139,minay-shomali-mokhber,مینای شمالی (مخبر),35.67514,51.45308,51.4461784,35.6717834,51.4581833,35.6796417
49,shahrak-naft,مینی‌سیتی (شهرک نفت),35.80923,51.50583,51.4953194,35.7974548,51.5163841,35.8187637
399,narmak,نارمک,35.73637,51.5045,51.4883957,35.7327423,51.5200195,35.7399216
954,south-narmak,نارمک جنوبی,35.71777,51.49092,51.4825401,35.7129631,51.5020943,35.7210579
252,nazi-abad,نازی‌آباد,35.6414,51.40543,51.3910255,35.6330757,51.4194,35.6494865
967,nabi-akram,نبی اکرم,35.68086,51.47706,51.4714928,35.6749039,51.4807053,35.6853714
936,nejatollahi,نجات اللهی,35.70824,51.41523,51.4114304,35.7013855,51.4190025,35.7152481
935,nosrat,نصرت,35.70671,51.38425,51.3776131,35.7006569,51.3911247,35.7140694
132,nezam-abad,نظام‌آباد,35.70653,51.4537,51.4474449,35.7027664,51.4577713,35.7118
934,tavanir,نظامی گنجوی (توانیر),35.7461,51.40835,51.4050293,35.7378235,51.4118767,35.7516632
262,nemat-abad,نعمت‌آباد,35.62984,51.35254,51.3439865,35.6228867,51.3606911,35.6366577
4315,negin-gharb,نگین غرب,35.74855,51.15742,51.1547813,35.7458382,51.1604614,35.7509499
4171,namayeshgah-beyn-olmelali,نمایشگاه بین المللی,35.78499,51.39949,51.3918686,35.7749863,51.4072876,35.7938118
312,shahid-navab-safavi,نواب قدیمی,35.67862,51.38047,51.3781357,35.6591415,51.3826141,35.6949501
42,niavaran,نیاوران,35.81767,51.46901,51.4614182,35.8108864,51.4777184,35.8276329
4173,niruye-daryaei,نیروی دریایی,35.74258,51.48839,51.4832268,35.7367096,51.4962463,35.7480812
134,niroo-havayi,نیروی هوایی (پیروزی),35.69981,51.47685,51.45924,35.6908531,51.4933281,35.7104836
290,soleymanieh,نیکنام,35.68306,51.45867,51.4519,35.680172,51.4626465,35.6864891
939,niloufar,نیلوفر,35.7362,51.43398,51.4203453,35.7293167,51.4469719,35.7426949
270,hashem-abad,هاشم‌آباد,35.64342,51.47179,51.4649925,35.6364,51.4818344,35.6526756
4221,hashemabad,هاشم‌آباد (شهرری),35.58316,51.43954,51.4303627,35.5772171,51.4483299,35.5897026
1002,hashemi,هاشمی,35.68464,51.35946,51.3542404,35.6799622,51.3646698,35.6894836
4167,harandi,هرندی,35.66384,51.42469,51.4144363,35.6586609,51.4364929,35.6697617
1024,heravi,هروی,35.76436,51.47586,51.4654274,35.7567139,51.4862823,35.7719765
924,hezarsang,هزارسنگ,35.80553,51.37888,51.3751793,35.8026123,51.3823433,35.8073387
1006,haftchenar,هفت چنار,35.67606,51.3701,51.3627701,35.6676636,51.3749847,35.6813698
119,haft-hoz,هفت حوض,35.72839,51.48987,51.48489,35.7203026,51.4948235,35.7367096
184,kooye-e-hefdahom-e-shahrivar,هفده شهریور,35.66932,51.29422,51.2782555,35.6615028,51.3094482,35.6766396
4159,helal-ahmar-tehran,هلال احمر,35.67096,51.38917,51.3815422,35.6676865,51.3954887,35.6752
908,havanirooz,هوانیروز,35.74387,51.23866,51.2227402,35.7391968,51.254715,35.7482529
932,shahrak-valfajr,والفجر,35.74664,51.39439,51.383934,35.7412262,51.4043198,35.7512932
4152,valfajr-afsarieh,والفجر (افسریه),35.63921,51.4945,51.484436,35.6341,51.5020409,35.6465263
133,vahidiyeh,وحیدیه,35.71482,51.4705,51.4633598,35.7090263,51.4786377,35.7214165
374,vardavard,وردآورد,35.74065,51.13015,51.1074638,35.7272606,51.1536217,35.7548294
4135,varzeshgah-azadi,ورزشگاه آزادی,35.72905,51.27015,51.2531471,35.7151489,51.2911491,35.7464333
269,vasfenard,وصفنارد,35.64688,51.35503,51.3495445,35.6412239,51.3604088,35.6505356
55,velenjak,ولنجک,35.80519,51.40092,51.3876495,35.7953033,51.4120216,35.8168259
4053,valiabad,ولی آباد,35.58492,51.42836,51.4228325,35.5787849,51.4342728,35.5909462
315,vanak,ونک,35.76076,51.40507,51.3868828,35.7496529,51.4213066,35.77668
308,shahrak-e-vilashahr,ویلاشهر,35.72776,51.17483,51.1685219,35.7217331,51.1811409,35.7346306
250,yakhchi-abad,یاخجی آباد,35.6263,51.40531,51.3929138,35.6144295,51.4144745,35.6380348
1008,tehran-shandiz,یافت‌آباد,35.65846,51.34995,51.3438683,35.6501274,51.3552856,35.6655121
192,yaftabad,یافت آباد جنوبی,35.64277,51.3008,51.2851,35.6317635,51.312252,35.6511765
191,ebrahim-abad,یافت آباد شمالی,35.64963,51.30438,51.2950478,35.6453362,51.3111725,35.6528206
90,yousef-abad,یوسف‌آباد,35.73433,51.40494,51.3944435,35.7213974,51.4135704,35.7513275
