province_iso,county_en,county_fa,lat,lon
IR-00,Ashtian,آشتیان,34.4406,50.0209
IR-00,Arak,اراک,34.1436,49.8806
IR-00,Tafresh,تفرش,34.7884,49.8919
IR-00,Khomein,خمین,33.6648,50.0173
IR-00,Khondab,خنداب,34.3813,49.1462
IR-00,Delijan,دلیجان,34.0365,50.7859
IR-00,Zarandieh,زرندیه,35.3331,50.2966
IR-00,Saveh,ساوه,35.0768,50.0837
IR-00,Shazand,شازند,33.9085,49.3195
IR-00,Farahan,فراهان,34.6213,49.6312
IR-00,Komijan,کمیجان,34.7449,49.2882
IR-00,Mahallat,محلات,33.8887,50.4259
IR-01,Astara,آستارا,38.3548,48.8531
IR-01,Astaneh-ye Ashrafiyeh,آستانه اشرفیه,37.4344,50.0551
IR-01,Amlash,املش,36.9749,50.1431
IR-01,Bandar-e-Anzali,بندر انزلی,37.5566,49.448
IR-01,Rasht,رشت,37.342,49.8205
IR-01,Rezvanshahr,رضوانشهر,37.5893,49.0451
IR-01,Rudbar,رودبار,36.838,49.5468
IR-01,Rudsar,رودسر,36.9579,50.3886
IR-01,Siahkal,سیاهکل,36.9322,49.8703
IR-01,Shaft,شفت,37.1283,49.4244
IR-01,Sowme'eh Sara,صومعه سرا,37.3699,49.3455
IR-01,Talesh,طوالش,37.9283,48.8776
IR-01,Fuman,فومن,37.1561,49.1316
IR-01,Lahijan,لاهیجان,37.3234,50.1566
IR-01,Langarud,لنگرود,37.1622,50.1635
IR-01,Masal,ماسال,37.3698,48.9921
IR-01,Khomam,خمام,37.5519,49.7212
IR-02,Amol,آمل,36.2159,52.3079
IR-02,Babol,بابل,36.2807,52.6296
IR-02,Babolsar,بابلسر,36.8239,52.7007
IR-02,Behshahr,بهشهر,36.7645,53.4853
IR-02,Tonekabon,تنکابن,36.6574,50.813
IR-02,Juybar,جویبار,36.7725,52.9178
IR-02,Ramsar,رامسر,36.8421,50.5873
IR-02,Sari,ساری,36.4932,53.1103
IR-02,North Savadkuh,سوادکوه شمالی,36.317,52.9142
IR-02,Savadkuh,سوادکوه,36.0862,52.9667
IR-02,Simorgh,سیمرغ,36.5768,52.8073
IR-02,Abbasabad,عباس آباد,36.8172,51.2127
IR-02,Fereydunkenar,فریدونکنار,36.7929,52.518
IR-02,Qaem Shahr,قائم شهر,36.4749,52.8786
IR-02,Kelardasht,کلاردشت,36.4192,51.0506
IR-02,Mahmudabad,محمودآباد,36.7509,52.309
IR-02,Miandorud,میاندورود,36.7207,53.2005
IR-02,Neka,نکا,36.6783,53.3222
IR-02,Nur,نور,36.4205,52.0393
IR-02,Nowshahr,نوشهر,36.5647,51.7107
IR-02,Chalus,چالوس,36.5248,51.4024
IR-02,Galugah,گلوگاه,36.8523,53.7669
IR-03,Azarshahr,آذرشهر,37.73,45.8689
IR-03,Osku,اسکو,37.8554,46.1598
IR-03,Ahar,اهر,38.5313,47.1386
IR-03,Bostanabad,بستان آباد,37.8113,46.7578
IR-03,Bonab,بناب,37.3519,45.931
IR-03,Tabriz,تبریز,38.1025,46.1702
IR-03,Jolfa,جلفا,38.8218,45.9641
IR-03,Khoda Afarin,خداآفرین,39.0812,46.9441
IR-03,Sarab,سراب,37.9956,47.4573
IR-03,Shabestar,شبستر,38.2385,45.6884
IR-03,Ajab Shir,عجب شیر,37.5138,45.7947
IR-03,Kaleybar,کلیبر,38.95,47.0941
IR-03,Maragheh,ویژه مراغه,37.3796,46.3934
IR-03,Marand,مرند,38.5863,45.6589
IR-03,Malekan,ملکان,37.1121,46.2351
IR-03,Mianeh,میانه,37.4719,47.7284
IR-03,Heris,هریس,38.232,46.8928
IR-03,Hashtrud,هشترود,37.3965,46.9409
IR-03,Varzaqan,ورزقان,38.5827,46.4507
IR-03,Charoymagh City,چاراویماق,37.0551,47.1479
IR-03,Hurand,هوراند,38.8402,47.4
IR-04,Chaldoran,چالدران,39.1074,44.4471
IR-04,Urumia,ارومیه,37.6522,45.026
IR-04,Oshnavieh,اشنویه,37.0802,45.0229
IR-04,Bukan,بوکان,36.5286,46.198
IR-04,Takab,تکاب,36.5433,47.1624
IR-04,Khoy,خوی,38.6431,44.7664
IR-04,Sardasht,سردشت,36.1585,45.493
IR-04,Salmas,سلماس,38.1099,44.6971
IR-04,Shahin Dezh,شاهین دژ,36.6629,46.7115
IR-04,Showt,شوط,39.1419,44.8464
IR-04,Maku,ماکو,39.4696,44.6196
IR-04,Mahabad,مهاباد,36.6643,45.7919
IR-04,Miandoab,میاندوآب,37.0598,45.8168
IR-04,Naqadeh,نقده,37.0349,45.4412
IR-04,Poldasht,پلدشت,39.2339,45.0444
IR-04,Piranshahr,پیرانشهر,36.6808,45.2976
IR-04,Chaypareh,چایپاره,38.8784,45.0238
IR-04,Chaharborj,چهاربرج,37.1314,45.9091
IR-04,Baruq,باروق,36.9184,46.3989
IR-04,Mirabad,میرآباد,36.3422,45.4331
IR-05,Eslamabad-e Gharb,اسلام آباد غرب,34.043,46.652
IR-05,Salas-e Babajani,ثلاث باباجانی,34.8187,45.9937
IR-05,Javanrud,جوانرود,34.8617,46.3252
IR-05,Dalahu,دالاهو,34.3841,46.2754
IR-05,Ravansar,روانسر,34.7554,46.631
IR-05,Sarpol-e-Zahab,سرپل ذهاب,34.5305,45.8344
IR-05,Sonqor,سنقر,34.8544,47.4436
IR-05,Sahneh,صحنه,34.564,47.5763
IR-05,Qasr-e-Shirin,قصر شیرین,34.2025,45.618
IR-05,Kermanshah,کرمانشاه,34.2948,46.9946
IR-05,Kangavar,کنگاور,34.4519,47.9643
IR-05,Harsin,هرسین,34.3355,47.5331
IR-05,Paveh,پاوه,35.0953,46.3074
IR-05,Gilan-e-Gharb,گیلانغرب,34.062,46.0424
IR-06,Abadan,آبادان,30.1556,48.7441
IR-06,Aghajari,آغاجاری,30.7474,49.9103
IR-06,Omidieh,امیدیه,30.7921,49.6942
IR-06,Andika,اندیکا,32.3214,49.5971
IR-06,Andimeshk,اندیمشک,32.6366,48.2173
IR-06,Ahvaz,اهواز,31.3208,48.867
IR-06,Izeh,ایذه,32.0079,49.9137
IR-06,Baghmalek,باغ ملک,31.4682,49.8855
IR-06,Bavi,باوی,31.5273,48.9476
IR-06,Bandar-e-Mahshahr,بندر ماهشهر,30.3612,49.2616
IR-06,Behbahan,بهبهان,30.5491,50.3016
IR-06,Hamidieh,حمیدیه,31.4942,48.4844
IR-06,Khoramshahr,خرمشهر,30.6361,48.1808
IR-06,Dezful,دزفول,32.4853,48.746
IR-06,Dasht-e-Azadegan,دشت آزادگان,31.7398,48.0417
IR-06,Ramshir,رامشیر,30.9549,49.383
IR-06,Ramhormoz,رامهرمز,31.2162,49.655
IR-06,Shadegan,شادگان,30.6281,48.6323
IR-06,Shush,شوش,32.2108,48.1398
IR-06,Shushtar,شوشتر,31.8697,48.918
IR-06,Karun,کارون,31.066,48.5973
IR-06,Lali,لالی,32.3943,49.1393
IR-06,Masjedsoleyman,مسجدسلیمان,32.0035,49.2938
IR-06,Haftkel,هفتکل,31.5402,49.4013
IR-06,Hendijan,هندیجان,30.104,49.7723
IR-06,Hoveyzeh,هویزه,31.337,47.9843
IR-06,Gotvand,گتوند,32.2518,48.8012
IR-06,Karkheh,کرخه,31.872,48.3636
IR-06,Dezpart,دزپارت,31.6733,50.2112
IR-06,Seydun,صیدون,31.3809,50.1449
IR-07,Abadeh,آباده,31.2213,52.4152
IR-07,Arsanjan,ارسنجان,29.8485,53.3981
IR-07,Estahban,استهبان,29.1762,53.8606
IR-07,Eqlid,اقلید,30.6616,52.3637
IR-07,Bavanat,بوانات,30.4357,53.647
IR-07,Jahrom,جهرم,28.5958,53.4096
IR-07,Kharameh,خرامه,29.518,53.2945
IR-07,Khorambid,خرم بید,30.5569,53.1221
IR-07,Khonj,خنج,27.9705,53.0128
IR-07,Darab,داراب,28.4833,55.0581
IR-07,Rostam,رستم,30.4299,51.382
IR-07,Zarindasht,زرین دشت,28.3047,54.4716
IR-07,Sarvestan,سروستان,29.2318,53.1102
IR-07,Sepidan,سپیدان,30.2569,51.9974
IR-07,Shiraz,شیراز,29.574,52.4808
IR-07,Farashband,فراشبند,28.6006,52.268
IR-07,Fasa,فسا,28.9672,53.8182
IR-07,Firuzabad,فیروزآباد,28.862,52.6318
IR-07,Qir and Karzin,قیر و کارزین,28.3284,52.9817
IR-07,Kazerun,کازرون,29.4541,51.7738
IR-07,Kavar,کوار,29.2244,52.6943
IR-07,Larestan,لارستان,27.748,54.8724
IR-07,Lamerd,لامرد,27.4892,53.3352
IR-07,Marvdasht,مرودشت,30.1587,52.6862
IR-07,Mamasani,ممسنی,30.0721,51.4229
IR-07,Mohr,مهر,27.6856,52.6703
IR-07,Neyriz,نی ریز,29.1732,54.566
IR-07,Pasargad,پاسارگاد,30.1362,53.1327
IR-07,Gerash,گراش,27.6216,53.6325
IR-07,Evaz,اوز,27.8679,53.9488
IR-07,Beyza,بیضا,30.0055,52.3532
IR-07,Khafr,خفر,28.9116,53.2119
IR-07,Zarghan,زرقان,29.7191,52.8429
IR-07,Kooh Chenar,کوه‌چنار,29.76,51.7502
IR-07,Sarchehan,سرچهان,30.0732,53.667
IR-07,Bakhtegan,بختگان,29.6044,53.8435
IR-07,Juyom,جویم,28.1808,53.4755
IR-08,Arzuiyeh,ارزوئیه,28.4698,56.495
IR-08,Anar,انار,30.8154,55.3177
IR-08,Baft,بافت,29.0564,56.489
IR-08,Bardsir,بردسیر,29.7934,56.7069
IR-08,Bam,بم,29.0659,58.1881
IR-08,Jiroft,جیرفت,28.7293,57.5468
IR-08,Rabor,رابر,29.189,56.9912
IR-08,Ravar,راور,31.2608,57.1152
IR-08,Rafsanjan,رفسنجان,30.5726,55.8902
IR-08,Rudbar-e Jonubi,رودبار جنوب,27.9678,58.0591
IR-08,Rigan,ریگان,28.3561,59.1207
IR-08,Zarand,زرند,30.9082,56.415
IR-08,Sirjan,سیرجان,29.3197,55.6477
IR-08,Shahr-e-Babak,شهربابک,30.2301,55.1316
IR-08,Anbarabad,عنبرآباد,28.4459,58.1446
IR-08,Faryab,فاریاب,28.2041,57.2138
IR-08,Fahraj,فهرج,29.177,59.1984
IR-08,Qaleh Ganj,قلعه گنج,27.1814,58.4309
IR-08,Kerman,کرمان,30.5136,58.0123
IR-08,Kahnuj,کهنوج,27.9038,57.6146
IR-08,Kuhbanan,کوهبنان,31.3015,56.1123
IR-08,Manujan,منوجان,27.3636,57.5855
IR-08,Narmashir,نرماشیر,28.9793,58.6433
IR-09,Bakharz,باخرز,35.052,60.2618
IR-09,Bajestan,بجستان,34.5791,58.1652
IR-09,Bardaskan,بردسکن,35.1401,57.4343
IR-09,torghabeh shandiz,طرقبه شاندیز,36.3058,59.2768
IR-09,Taybad,تایباد,34.7448,60.6628
IR-09,Torbat-e-jam,تربت جام,35.3216,60.6552
IR-09,Torbat-e-Heydarieh,تربت حیدریه,35.4227,59.0461
IR-09,Joghatai,جغتای,36.6607,56.9809
IR-09,Jowayin,جوین,36.6175,57.5266
IR-09,Khalilabad,خلیل آباد,35.1549,58.2385
IR-09,Khaf,خواف,34.4356,60.0628
IR-09,Khoshab,خوشاب,36.5723,58.115
IR-09,Davarzan,داورزن,36.3054,57.0709
IR-09,Dargaz,درگز,37.34,59.0765
IR-09,Roshtkhar,رشتخوار,34.8731,59.4915
IR-09,Zaveh,زاوه,35.2416,59.7141
IR-09,Sabzevar,سبزوار,35.9528,57.1749
IR-09,Sarakhs,سرخس,36.2775,60.7819
IR-09,Fariman,فریمان,35.7304,60.0111
IR-09,Firuzeh,فیروزه,36.3094,58.4299
IR-09,Quchan,قوچان,37.1447,58.5785
IR-09,Kashmar,کاشمر,35.1969,58.5637
IR-09,Kalat,کلات,36.8648,59.9038
IR-09,Mashhad,مشهد,36.3467,59.8719
IR-09,Mahvelat,مه ولات,35.0282,58.7708
IR-09,Neyshabur,نیشابور,36.4269,58.7657
IR-09,Chenaran,چناران,36.8128,59.0965
IR-09,Gonabad,گناباد,34.4206,58.8819
IR-09,Saleh Abad,صالح آباد,35.6706,60.9487
IR-09,Miyan Jolgeh,میان‌جلگه,35.8659,58.6907
IR-09,Zeberkhan,زبرخان,36.0834,59.1313
IR-09,Sheshtamad,ششتمد,35.811,57.9429
IR-09,KoohSorkh,کوهسرخ,35.6075,58.3981
IR-09,Golbahar,گلبهار,36.5658,59.1802
IR-10,Aran and Bidgol,آران و بیدگل,34.1511,51.862
IR-10,Ardestan,اردستان,33.6533,52.5737
IR-10,Isfahan,اصفهان,32.5691,51.8207
IR-10,Borkhar,برخوار,33.0133,51.7676
IR-10,Buin and Miandasht,بوئین و میاندشت,33.1631,50.1053
IR-10,Tiran and Karvan,تیران و کرون,32.7837,51.0406
IR-10,Khomeyni Shahr,خمینی شهر,32.6783,51.5267
IR-10,Khansar,خوانسار,33.2492,50.448
IR-10,Khur and Biabanak,خور و بیابانک,33.6742,55.0224
IR-10,Dehaqan,دهاقان,32.0123,51.6007
IR-10,Semirom,سمیرم,31.2816,51.6464
IR-10,Shahin Shahr and Meymeh,شاهین شهر و میمه,33.2424,51.2773
IR-10,Shahreza,شهرضا,31.8987,51.8793
IR-10,Fereydan,فریدن,32.9617,50.3758
IR-10,Fereydunshahr,فریدون شهر,32.8467,50.0321
IR-10,Falaverjan,فلاورجان,32.5223,51.5346
IR-10,Kashan,کاشان,33.9731,51.2616
IR-10,Lenjan,لنجان,32.3759,51.213
IR-10,Mobarakeh,مبارکه,32.2669,51.497
IR-10,Nain,نائین,33.391,53.8329
IR-10,Najafabad,نجف آباد,32.9044,51.1321
IR-10,Natanz,نطنز,33.6141,51.773
IR-10,Chadegan,چادگان,32.7377,50.5723
IR-10,Golpayegan,گلپایگان,33.4533,50.291
IR-10,Harand,هرند,32.502,52.3492
IR-10,Varzaneh,ورزنه,32.2979,52.7161
IR-10,Jarqavieh,جرقویه,31.9861,52.4722
IR-10,Kuhpayeh,کوهپایه,32.7384,52.3527
IR-11,Iranshahr,ایرانشهر,27.6664,60.0957
IR-11,Khash,خاش,28.0855,61.1127
IR-11,Dalagan,دلگان,27.4176,59.5211
IR-11,Zabol,زابل,31.0535,61.5685
IR-11,Zahedan,زاهدان,29.6312,60.2664
IR-11,Zehak,زهک,30.8118,61.6329
IR-11,Saravan,سراوان,27.3601,62.303
IR-11,Sarbaz,سرباز,26.6536,61.2447
IR-11,Sib and Suran,سیب و سوران,27.2551,62.055
IR-11,Fanuj,فنوج,26.7267,59.476
IR-11,Qasr-e-Ghand,قصرقند,26.0868,60.8018
IR-11,Konarak,کنارک,25.4202,60.1018
IR-11,Mehrestan,مهرستان,27.0175,61.452
IR-11,Mirjaveh,میرجاوه,28.9211,61.1521
IR-11,Nikshahr,نیک شهر,26.34,59.6926
IR-11,Nimruz,نیمروز,30.9594,60.5434
IR-11,Hamun,هامون,30.5512,61.2509
IR-11,Hirmand,هیرمند,31.1714,61.6902
IR-11,Chabahar,چابهار,25.3914,60.7609
IR-11,Golshan,گلشن,27.6952,62.605
IR-11,Zarabad,زرآباد,25.5859,59.4052
IR-11,Lashar,لاشار,26.7277,60.1797
IR-11,Taftan,تفتان,28.3355,60.5316
IR-11,Bampour,بمپور,27.1677,60.2427
IR-11,Rask,راسک,26.1581,61.5454
IR-11,Dashtiari,دشتیاری,25.3959,61.311
IR-12,Saqqez,سقز,36.1227,46.3575
IR-12,Baneh,بانه,36.0022,45.8676
IR-12,Bijar,بیجار,35.9514,47.598
IR-12,Dehgolan,دهگلان,35.3251,47.3554
IR-12,Divandarreh,دیواندره,35.9725,46.9458
IR-12,Sarvabad,سروآباد,35.227,46.3635
IR-12,Sanandaj,سنندج,35.366,46.8169
IR-12,Ghorveh,قروه,35.2533,47.8063
IR-12,Kamyaran,کامیاران,34.94,46.8531
IR-12,Marivan,مریوان,35.5993,46.3529
IR-13,Asadabad,اسدآباد,34.787,48.0376
IR-13,Bahar,بهار,34.9562,48.3358
IR-13,Tuyserkan,تویسرکان,34.5529,48.3111
IR-13,Razan,رزن,35.4632,48.8371
IR-13,Famenin,فامنین,35.0462,49.098
IR-13,Kabutarahang,کبودرآهنگ,35.3294,48.3784
IR-13,Malayer,ملایر,34.3379,48.7059
IR-13,Nahavand,نهاوند,34.2178,48.2474
IR-13,Hamedan,همدان,34.8359,48.7754
IR-13,Dargazin,درگزین,35.3541,49.2571
IR-14,Ardal,اردل,31.9141,50.3722
IR-14,Borujen,بروجن,31.8574,51.1278
IR-14,Ben,بن,32.586,50.619
IR-14,Saman,سامان,32.5514,50.896
IR-14,Sharekurd,شهرکرد,32.3051,50.8385
IR-14,Farsan,فارسان,32.2117,50.5835
IR-14,Kuhrang,کوهرنگ,32.402,50.1091
IR-14,Kiar,کیار,31.9224,50.6461
IR-14,Lordegan,لردگان,31.4189,50.8997
IR-14,Khanmirza,خانمیرزا,31.5753,50.994
IR-14,Falard,فلارد,31.2876,51.19
IR-15,Azna,ازنا,33.4899,49.4287
IR-15,Aligudarz,الیگودرز,33.1388,49.3837
IR-15,Borujerd,بروجرد,33.8649,48.7707
IR-15,Khorramabad,خرم آباد,33.3864,48.5594
IR-15,Delfan,دلفان,34.1054,47.8381
IR-15,Chegeni county,چگنی,33.606,47.964
IR-15,Dorud,دورود,33.5183,49.1194
IR-15,Rumeshkan,رومشکان,33.256,47.4356
IR-15,Selseleh,سلسله,33.8337,48.1076
IR-15,Kuhdasht,کوهدشت,33.6313,47.3785
IR-15,Mamulan,معمولان,33.0797,47.9678
IR-16,Eyvan,ایوان,33.8639,46.1644
IR-16,Abdanan,آبدانان,32.8567,47.5257
IR-16,Dehloran,دهلران,32.6794,47.2301
IR-16,Darreh Shahr,دره‌شهر,33.0246,47.5622
IR-16,Mehran,مهران,33.2646,46.2851
IR-16,Ilam,ایلام,33.5234,46.5279
IR-16,Badreh,بدره,33.3164,47.0319
IR-16,Sirvan,سیروان,33.5906,46.7117
IR-16,Malekshahi,ملکشاهی,33.2875,46.6284
IR-16,Chardavol,چرداول,33.7803,46.6025
IR-16,Holeylan,هلیلان,33.8093,47.0966
IR-16,Chavar,چوار,33.6963,46.0855
IR-17,Basht,باشت,30.445,51.0893
IR-17,Bahmai,بهمئی,30.9839,50.0793
IR-17,Buyerahmad,بویراحمد,30.7588,51.3872
IR-17,Dena,دنا,31.0425,51.2104
IR-17,Kohkiluyeh,کهگیلویه,31.0076,50.5714
IR-17,Landeh,لنده,30.9776,50.3594
IR-17,Charam,چرام,30.8062,50.8777
IR-17,Gachsaran,گچساران,30.2846,50.8013
IR-17,Margown,مارگون,31.171,50.8667
IR-18,Bushehr,بوشهر,28.9681,50.6708
IR-18,Tangestan,تنگستان,28.624,50.931
IR-18,Jam,جم,27.9205,52.2644
IR-18,Dashtestan,دشتستان,29.2247,51.3763
IR-18,Dashti,دشتی,28.4026,51.6467
IR-18,Deylam,دیلم,29.8415,50.1295
IR-18,Deyr,دیر,27.8475,51.5853
IR-18,Asaluyeh,عسلویه,27.3541,52.6028
IR-18,Kangan,کنگان,27.5898,52.1796
IR-18,Ganaveh,گناوه,29.5308,50.4173
IR-19,Abhar,ابهر,36.1296,49.1618
IR-19,Ijrud,ایجرود,36.3178,48.1589
IR-19,Khodabandeh,خدابنده,35.9998,48.3799
IR-19,Khoramdareh,خرمدره,36.2965,49.1723
IR-19,Zanjan,زنجان,36.8511,48.2467
IR-19,Soltanieh,سلطانیه,36.4805,48.804
IR-19,Tarom,طارم,36.9317,48.8878
IR-19,Mahneshan,ماه نشان,36.6432,47.6447
IR-20,Aradan,آرادان,34.9263,52.6338
IR-20,Damghan,دامغان,35.3807,54.3594
IR-20,Sorkheh,سرخه,34.9895,53.1625
IR-20,Semnan,سمنان,35.1058,53.8306
IR-20,Shahrud,شاهرود,35.5796,55.8433
IR-20,Mehdishahr,مهدی شهر,35.879,53.3162
IR-20,Mayami,میامی,36.7355,55.9306
IR-20,Garmsar,گرمسار,34.9888,52.2397
IR-21,Abarkuh,ابرکوه,31.12,53.3465
IR-21,Ardakan,اردکان,32.6953,54.8625
IR-21,Ashkezar,اشکذر,31.9877,53.9822
IR-21,Bafq,بافق,31.6459,55.468
IR-21,Behabad,بهاباد,32.0163,56.0671
IR-21,Taft,تفت,31.4218,53.7967
IR-21,Khatam,خاتم,29.921,54.3293
IR-21,Mehriz,مهریز,31.3688,54.6855
IR-21,Meybod,میبد,31.9552,53.375
IR-21,Yazd,یزد,31.8543,54.4912
IR-21,Zarach,زارچ,32.0724,54.5843
IR-22,Abumusa,ابوموسی,26.1328,54.8169
IR-22,Bastak,بستک,27.1869,54.6068
IR-22,Bashagard,بشاگرد,26.5106,58.187
IR-22,Bandar Lengeh,بندر لنگه,26.708,54.1185
IR-22,Bandar-e-Abbas,بندرعباس,27.4596,56.3083
IR-22,Jask,جاسک,25.7031,58.1574
IR-22,Hajjiabad,حاجی آباد,28.2545,55.7798
IR-22,Khamir,خمیر,27.2141,55.5785
IR-22,Rudan,رودان,27.5334,57.1586
IR-22,Sirik,سیریک,26.525,57.0919
IR-22,Qeshm,قشم,26.7078,55.9215
IR-22,Minab,میناب,26.9789,57.2321
IR-22,Parsian,پارسیان,27.0449,53.1776
IR-23,Eslamshahr,اسلامشهر,35.5713,51.2501
IR-23,Baharestan,بهارستان,35.5332,51.1651
IR-23,Tehran,تهران,35.7572,51.3934
IR-23,Damavand,دماوند,35.6181,52.1841
IR-23,Robat Karim,رباط کریم,35.4898,51.0193
IR-23,Rey,ری,35.3623,51.2132
IR-23,Shemiranat,شمیرانات,35.9289,51.6112
IR-23,Shahriar,شهریار,35.6077,51.0698
IR-23,Firuzkuh,فیروزکوه,35.6371,52.7107
IR-23,Qods,قدس,35.7013,51.116
IR-23,Qarchak,قرچک,35.4116,51.5676
IR-23,Malard,ملارد,35.6019,50.6372
IR-23,Varamin,ورامین,35.1412,51.7489
IR-23,Pakdasht,پاکدشت,35.4696,51.7561
IR-23,Pardis,پردیس,35.6819,51.7903
IR-23,Pishva,پیشوا,35.3349,51.7469
IR-24,Ardabil city,اردبیل,38.286,48.1663
IR-24,Bilehsavar,بیله سوار,39.3532,48.0053
IR-24,Kahlkhal,خلخال,37.4784,48.5022
IR-24,Sareyn,سرعین,38.1814,47.9834
IR-24,Kosar,کوثر,37.6983,48.2526
IR-24,Meshkinshahr,مشگین شهر,38.5367,47.792
IR-24,Namin,نمین,38.387,48.4285
IR-24,Nir,نیر,37.9788,48.1332
IR-24,Parsabad,پارس آباد,39.5476,47.8847
IR-24,Germi,گرمی,39.0185,48.1069
IR-24,AslanDuz,اصلاندوز,39.3716,47.5584
IR-24,Ungut,انگوت,39.0441,47.7064
IR-25,Qom,قم,34.703,51.2661
IR-25,Jafarabad,جعفرآباد,34.7576,50.249
IR-25,Kahak,کهک,34.367,50.8867
IR-26,Abyek,آبیک,36.0886,50.3459
IR-26,Avaj,آوج,35.6804,49.2053
IR-26,Alborz,البرز,36.2138,50.125
IR-26,Buin Zahra,بوئین زهرا,35.8395,49.9889
IR-26,Takestan,تاکستان,36.0148,49.5683
IR-26,Qazvin,قزوین,36.4555,49.9208
IR-27,Azadshahr,آزادشهر,36.9956,55.4048
IR-27,Aqqala,آق قلا,37.19,54.5313
IR-27,Bandar-e-Gaz,بندر گز,36.7978,53.9525
IR-27,Torkaman,ترکمن,36.8981,54.1556
IR-27,Ramian,رامیان,36.9656,55.1033
IR-27,Aliabad,علی آباد کتول,36.8315,54.9104
IR-27,Kordkuy,کردکوی,36.6946,54.2051
IR-27,Kalaleh,کلاله,37.571,55.613
IR-27,Maraveh Tappeh,مراوه تپه,37.8198,55.8897
IR-27,Minudasht,مینودشت,37.1463,55.4475
IR-27,Galikash,گالیکش,37.3249,55.6034
IR-27,Gorgan,گرگان,36.7444,54.5039
IR-27,Gomishan,گمیشان,37.1475,54.0063
IR-27,Gonbad-e-Kavus,گنبد کاووس,37.5877,55.0596
IR-28,Shirwan,شیروان,37.5239,57.9684
IR-28,Esfarayen,اسفراین,36.9401,57.4566
IR-28,Bojnurd,بجنورد,37.6131,57.4042
IR-28,Jajrom,جاجرم,37.0255,56.6693
IR-28,Raz and Jargalan,راز و جرگلان,38.061,57.0434
IR-28,Faruj,فاروج,37.2775,58.2741
IR-28,Maneh and Samalqan,مانه و سملقان,37.7318,56.7121
IR-28,Garmeh,گرمه,37.1211,56.2366
IR-29,Boshruyeh,بشرویه,34.1748,57.3528
IR-29,Birjand,بیرجند,33.0849,59.1462
IR-29,Khusf,خوسف,32.3382,58.725
IR-29,Darmian,درمیان,32.9437,60.1477
IR-29,Zirkuh,زیرکوه,33.5391,60.1889
IR-29,Sarayan,سرایان,33.4736,58.4044
IR-29,Sarbisheh,سربیشه,32.4808,60.0531
IR-29,Tabas,طبس,33.0514,56.712
IR-29,Ferdows,فردوس,33.8558,57.9078
IR-29,Qaenat,قائنات,33.6502,59.0296
IR-29,Nehbandan,نهبندان,31.4296,59.8025
IR-29,Eshqabad,عشق آباد,34.5318,56.7046
IR-30,Eshtehard,اشتهارد,35.6939,50.4981
IR-30,Savojbolagh,ساوجبلاغ,35.9825,50.8365
IR-30,Taleghan,طالقان,36.2219,50.7897
IR-30,Fardis,فردیس,35.7418,50.9775
IR-30,Karaj,کرج,35.9463,51.0709
IR-30,Nazarabad,نظرآباد,35.9022,50.5219
IR-30,Chaharbagh,چهارباغ,35.8353,50.7606
