slug,name_fa
poonak,پونک
jeyhoun,جیحون
sarsabil,سلسبیل
chitgar-lake,دریاچه چیتگر
sazamn-barnameh,سازمان برنامه
saadat-abad,سعادت‌آباد
west-tehranpars,تهرانپارس غربی
south-janat-abad,جنت‌آباد جنوبی
kooy-e-ferdos,کوی فردوس
andisheh,اندیشه
central-janat-abad,جنت‌آباد مرکزی
shahr-e-ziba,شهر زیبا
west-shahrak-e-golestan,شهرک گلستان غربی
ostad-moein,استاد معین
tehransar,تهرانسر
heravi,هروی
qeytariyeh,قیطریه
east-tehranpars,تهرانپارس شرقی
pasdaran,پاسداران
yousef-abad,یوسف‌آباد
beryanak,بریانک
chitgar,چیتگر
niavaran,نیاوران
dr-hoshyar,دکتر هوشیار
bagh-feyz,باغ فیض
azarbaijan,آذربایجان
marzdaran,مرزداران
zafaraniyeh,زعفرانیه
north-shahran,شهران شمالی
south-shahran,شهران جنوبی
narmak,نارمک
darrous,دروس
north-janat-abad,جنت‌آباد شمالی
afsariyeh,افسریه
gisha,گیشا
pirouzi,پیروزی
shams-abad,شمس‌آباد
mirdamad,میرداماد
elahiyeh,الهیه
farmaniyeh,فرمانیه
ekhtiyariyeh,اختیاریه
north-sohrevardi,سهروردی شمالی
jey,جی
hashemi,هاشمی
sattarkhan,ستارخان
sabalan,سبلان
velenjak,ولنجک
haftchenar,هفت‌چنار
tehran-zanjan,زنجان
soleymani,سلیمانی
fallah,فلاح
shahrak-e-gharb,شهرک غرب
shahrak-e-vali-e-asr,شهرک ولیعصر
aboozar,ابوذر
azad-shahr,آزادشهر
jordan,جردن
amiriyeh,امیریه
zafar,ظفر
gomrok,گمرک
masoudieh,مسعودیه
abouzar,ابوذر (جنوب)
sazman-ab,سازمان آب
sadeghiyeh,صادقیه
tehran-kerman,کرمان
shahid-navab-safavi,نواب
kuhak,کوهک
seyed-khandan,سیدخندان
niroo-havayi,نیروی هوایی
niloufar,نیلوفر
vahidiyeh,وحیدیه
nazi-abad,نازی‌آباد
south-deylaman,دیلمان جنوبی
haft-hoz,هفت‌حوض
ahang,آهنگ
hakimiyeh,حکیمیه
tarasht,طرشت
nezam-abad,نظام‌آباد
shahrak-e-parvaz,شهرک پرواز
amir-abad,امیرآباد
khalij-e-fars,خلیج فارس
javadiyeh,جوادیه
moshiriyeh,مشیریه
moniriyeh,منیریه
khaje-nezam-molk,خواجه نظام‌الملک
shaharak-e-shariyati,شهرک شریعتی
dolat-abad,دولت‌آباد
shadman,شادمان
mobarak-abad-e-beheshti,مبارک‌آباد بهشتی
eram,ارم
zahir-abad,ظهیرآباد
vardavard,وردآورد
charsad-dastgah,چهارصد دستگاه
abshar-tehran,آبشار تهران
parastar,پرستار
dehkade-olympic,دهکده المپیک
majidiyeh,مجیدیه
vanak,ونک
amaniyeh,امانیه
aghdasieh,اقدسیه
shahin,شاهین
almahdi,المهدی
shahrak-e-kianshahr,شهرک کیانشهر
daryan-no,دریان‌نو
shahrak-naft-district5,شهرک نفت (منطقه ۵)
yaftabad,یافت‌آباد
shahrak-e-jandarmeri,شهرک ژاندارمری
ozgol,ازگل
tehran-no,تهران‌نو
khani-abad-no,خانی‌آباد نو
aramaneh,ارامنه
ekbatan,اکباتان
oghaf,اوقاف
sharifabad,شریف‌آباد
sarsabz,سرسبز
khazaneh,خزانه
south-narmak,نارمک جنوبی
estakhr,استخر
bahar,بهار
ajoodanieh,آجودانیه
sharif,شریف
sharara,شهرآرا
abbas-abad,عباس‌آباد
north-karegar,کارگر شمالی
taslihat,تسلیحات
fadak,فدک
south-mehrabad,مهرآباد جنوبی
azari,آذری
sohanak,سوهانک
eskandari,اسکندری
hekmat,حکمت
tehran-gorgan,گرگان
shoosh,شوش
doolab,دولاب
javadiyeh-tehran-pars,جوادیه تهرانپارس
hasan-abad-shomali,حسن‌آباد شمالی
darvazeh-shemiran,دروازه شمیران
firoozabadi,فیروزآبادی
darya,دریا
tohid,توحید
gholhak,قلهک
jomhouri,جمهوری
tehran-police,پلیس
kamraniyeh,کامرانیه
bolursazi,بلورسازی
atabak,اتابک
makhsous,مخصوص
nosrat,نصرت
abshar,آبشار
karevan,کاروان
mina,مینا
tayeb,طیب
amir-bahador,امیربهادر
havanirooz,هوانیروز
dardasht,دردشت
kazem-abad,کاظم‌آباد
hor-square,میدان حر
elm-o-sanat,علم و صنعت
baqerkhan,باقرخان
imamzadeh-hasan,امامزاده حسن
shadabad,شادآباد
tehranvila,تهران‌ویلا
shemiran-no,شمیران‌نو
sheykh-hadi,شیخ هادی
jamalzadeh,جمالزاده
hashem-abad,هاشم‌آباد
dabestan,دبستان
tehran-jolfa,جلفا
shahid-dastgheyb,شهید دستغیب
tolid-daroo,تولید دارو
farah-abad,فرح‌آباد
tehran-lashkar,لشکر
lavizan,لویزان
shahrak-e-cheshmeh,شهرک چشمه
shahrak-shahid-bagheri,شهرک شهید باقری
yakhchi-abad,یخچی‌آباد
kooy-e-bimeh,کوی بیمه
molavi,مولوی
khavaran,خاوران
nabi-akram,نبی اکرم
sheykh-al-raeis,شیخ‌الرئیس
south-ali-abad,علی‌آباد جنوبی
minabi,مینابی
shokoofeh,شکوفه
saheb-al-zaman,صاحب‌الزمان
baharestan,بهارستان
zamzam,زمزم
sepehr,سپهر
behdasht,بهداشت
abdol-abad,عبدل‌آباد
sanglaj,سنگلج
bagh-khazaneh,باغ خزانه
tehran-hosein-abad,حسین‌آباد
shahrak-e-ferdows,شهرک فردوس
qiamdash,قیامدشت
kooye-e-hefdahom-e-shahrivar,کوی هفده شهریور
shabiri,شبیری
salamat,سلامت
aseman,آسمان
azadi-sport-complex,مجموعه ورزشی آزادی
zarkesh,زرکش
imam-sajjad,امام سجاد
mahmoodiyeh,محمودیه
tehran-emamat,امامت
heshamatiyeh,حشمتیه
dolatkhah,دولتخواه
dezashib,دزاشیب
sizdah-aban,سیزده آبان
sartakht,سرتخت
khani-abad,خانی‌آباد
tajrish,تجریش
nemat-abad,نعمت‌آباد
bolvar-e-keshavarz,بلوار کشاورز
tehran-iran,ایران
golchin,گلچین
ebrahim-abad,ابراهیم‌آباد
sad-dastgah,صد دستگاه
eslam-abad,اسلام‌آباد
hafezie,حافظیه
zahed-gilani,زاهد گیلانی
dehqan,دهقان
shahrak-e-azadi,شهرک آزادی
majid-abad,مجیدآباد
kosar,کوثر
eshrat-abad,عشرت‌آباد
shahrak-naft,شهرک نفت
arjantin,آرژانتین
eivanak,ایوانک
university-of-sharif,دانشگاه شریف
javanmard-e-ghasab,جوانمرد قصاب
aref,عارف
shian,شیان
qasemabad,قاسم‌آباد
valiasr,ولیعصر
enqelab,انقلاب
qoba,قبا
hamzeh-abad,حمزه‌آباد
motahari,مطهری
darabad,دارآباد
moqadam,مقدم
araj,اراج
behjat-abad,بهجت‌آباد
shiva,شیوا
ghanat-kosar,قنات کوثر
darb-dowom,درب دوم
shahadat,شهادت
ashtiyani,آشتیانی
tehran-shandiz,شاندیز
shahrak-e-taleghani,شهرک طالقانی
vasfenard,وصفنارد
iranshahr,ایرانشهر
kashanak,کاشانک
tavanir,توانیر
kan,کن
zehtabi,زهتابی
khak-sefid,خاک سفید
bisim,بی‌سیم
shahrak-daneshgah-tehran,شهرک دانشگاه تهران
jamaran,جماران
qiam,قیام
emamzade-ghasem,امامزاده قاسم
soleymanieh,سلیمانیه
shahrak-e-aboozar,شهرک ابوذر
kuy-faraz,کوی فراز
sar-asiyab-mehr-abad,سرآسیاب مهرآباد
shamshiri,شمشیری
jalili,جلیلی
darband,دربند
tous,توس
shahrak-e-mahalati,شهرک محلاتی
hesar-booali,حصار بوعلی
qalamestan,قلمستان
saeed-abad,سعیدآباد
shahrak-e-takhti,شهرک تختی
zargandeh,زرگنده
chizar,چیذر
esfandyari,اسفندیاری
shahid-asadi,شهید اسدی
shahed,شاهد
ferdowsi,فردوسی
taxirani,تاکسیرانی
jahad,جهاد
shaharak-e-moslemin,شهرک مسلمین
mansouriyeh,منصوریه
shahid-avini,شهید آوینی
qezel-qaleh,قزل‌قلعه
karim-abad,کریم‌آباد
ebn-babevayh,ابن بابویه
tehran-university,دانشگاه تهران
tehran-khaghani,خاقانی
sarasiab-doolab,سرآسیاب دولاب
emam-hossein,امام حسین
shahid-borujerdi,شهید بروجردی
safaiye,صفائیه
sorkhe-hesar,سرخه‌حصار
bazaar,بازار
nejatollahi,نجات‌اللهی
evin,اوین
baq-e-azari,باغ آذری
baharan,بهاران
shahrak-e-vilashahr,شهرک ویلاشهر
ararat,آرارات
shahrak-pasdaran,شهرک پاسداران
bahman-yar,بهمنیار
gandi,گاندی
bagh-ferdows,باغ فردوس
darakeh,درکه
jaberi,جابری
shahrak-e-apadana,شهرک آپادانا
mehrabad-airport,فرودگاه مهرآباد
parvaz,پرواز
etehad,اتحاد
shirazi,شیرازی
morad-abad,مرادآباد
aminhozour,امین حضور
hasan-abad-baqer-far,حسن‌آباد باقرفر
shahrak-e-emamkhomeyni,شهرک امام خمینی
farahzad,فرحزاد
tehran-hesarak,حصارک
pamenar,پامنار
shahrak-e-darya,شهرک دریا
golab-dareh,گلاب‌دره
shahrak-e-omid,شهرک امید
hassan-abad,حسن‌آباد
sirous,سیروس
shaharak-e-esteqlal,شهرک استقلال
abdollah-abad,عبدالله‌آباد
shahrak-farhangian,شهرک فرهنگیان
shahrak-golha,شهرک گل‌ها
shahrak-valfajr,شهرک والفجر
hezarsang,هزارسنگ
east-saleh-abad,صالح‌آباد شرقی
shahrak-e-ghazali,شهرک غزالی
shaharak-e-sharifi,شهرک شریفی
fath,فتح
qasr-e-firoozeh-yek,قصر فیروزه ۱
mesgar-abad,مسگرآباد
shahrak-daneshgahi,شهرک دانشگاهی
malek-abad,ملک‌آباد
vanak-village,ده ونک
kuy-nobonyad,کوی نوبنیاد
zeynabeiyeh,زینبیه
qasr-e-firooze-do,قصر فیروزه ۲
baq-e-rezavan,باغ رضوان
shahrak-e-koohsar,شهرک کوهسار
