province_iso,cities,listings,ppm2,ppm2_min_city,ppm2_max_city,size_median,price_median,largest_city,largest_city_ppm2,largest_city_share,vs_national,rank
IR-23,33,147703,72705284.70769073,5595458.758109361,83333333.33333333,84.90850878044047,5006547447.453908,tehran,83333333.33333333,0.6217612370771074,1.4869279292980728,1
IR-22,4,8070,41404093.36482598,3486111.111111111,100000000.0,97.5872291904219,3591345496.009122,bandar-abbas,34827380.952380955,0.6510532837670384,0.41625188031701277,2
IR-07,14,22885,32802696.824014537,4208754.208333333,37058823.52941176,138.05177540668183,4088379639.0184546,shiraz,37058823.52941176,0.7406161240987547,0.12203594574892929,3
IR-30,13,40501,32159948.443177626,4650000.0,43181818.18181818,99.32405118510978,3088194293.1823134,karaj,32926829.268292684,0.6598602503641885,0.10005035135588036,4
IR-10,16,27753,31754728.633718766,7777777.777777778,35000000.0,125.73901784001535,3451549139.0984716,isfahan,35000000.0,0.6691528843728606,0.08618956440346404,5
IR-13,7,6324,29813692.638523526,12000000.0,34027777.777777776,105.52668169860955,2657093198.0458474,hamedan,34027777.777777776,0.696236559139785,0.019795262426220095,6
IR-00,7,8041,28632624.102937464,7272727.272727272,33513513.513513517,111.36558548653106,2670945574.491479,arak,33513513.513513517,0.6470588235294118,-0.0206038961682784,7
IR-09,14,41423,28299277.328476015,4739377.470355731,30200000.0,111.29111751024476,3024898518.5185184,mashhad,30200000.0,0.8117229558457861,-0.03200622279257548,8
IR-01,48,27702,27613057.509906143,4047619.047619048,35119047.61904762,116.101944608132,2613323460.3207026,rasht,27777777.777777776,0.3321781820807162,-0.05547878382167426,9
IR-25,1,8130,26470588.23529412,26470588.23529412,26470588.23529412,119.5,2975000000.0,qom,26470588.23529412,1.0,-0.09455763151232921,10
IR-03,9,18463,26199522.81485538,7348484.848484849,28333333.33333333,109.98150782361309,2374881731.5792885,tabriz,28333333.33333333,0.8289552077127228,-0.10382958701688838,11
IR-05,9,9243,25744926.213713907,6500000.0,27380952.38095238,120.0,2833034981.9059105,kermanshah,27380952.38095238,0.8531861949583469,-0.11937933678388335,12
IR-19,4,4928,25239878.417135946,7900000.0,26956521.739130437,113.0,2327262765.724304,zanjan,26956521.739130437,0.7715097402597403,-0.13665479999113106,13
IR-06,20,21938,24823858.37785088,5384615.384615385,25714285.714285716,112.7515114873035,2514653243.8478746,ahvaz,25714285.714285716,0.506883034004923,-0.15088501529123388,14
IR-26,7,6290,23749096.962274577,4541666.666666667,29230769.230769232,105.7334417848013,2114489311.1638956,qazvin,29230769.230769232,0.6081081081081081,-0.18764787499909097,15
IR-24,7,6010,22852218.871176217,6159420.289855072,25000000.0,120.20928125629152,2570162635.529608,ardabil,25000000.0,0.7618968386023295,-0.21832612875871227,16
IR-27,14,6645,22255695.077926062,4200000.0,24806201.5503876,120.0,2408131557.707829,gorgan,24806201.5503876,0.6042136945071482,-0.23873058337145536,17
IR-04,10,8873,19646466.544698257,6637298.091042585,22807017.54385965,158.11131778509085,2572245676.1541605,urmia,22807017.54385965,0.7640031556407078,-0.3279808124200636,18
IR-15,8,7809,19601214.635321345,9250000.0,21153846.153846152,120.0,2136059506.5312047,khorramabad,21153846.153846152,0.45114611345882955,-0.3295286811580235,19
IR-20,4,3386,19388833.18544809,13333333.333333334,22337184.87394958,113.39428571428572,2028938285.7142856,semnan,22337184.87394958,0.48080330773774366,-0.3367933162045422,20
IR-21,6,4527,18559168.171680655,5000000.0,20743212.14910262,182.16481187069422,2923921100.4412146,yazd,20743212.14910262,0.8195272807598851,-0.3651725062867379,21
IR-28,4,3233,18215400.541487496,9386740.331491712,21250000.0,121.92829457364341,1964341085.271318,bojnurd,21250000.0,0.692236313021961,-0.3769312845399718,22
IR-18,7,4986,16920577.60898893,4166666.6666666665,22928921.56862745,161.52214891611686,1992290292.1771913,bushehr,22928921.56862745,0.516245487364621,-0.42122148060030984,23
IR-14,5,1822,16651181.290170452,2500000.0,16816114.359974008,150.0,1964474576.2711864,shahrekord,16816114.359974008,0.6465422612513722,-0.43043634348150694,24
IR-12,8,5141,16586647.727272727,6641038.35978836,16666666.666666666,113.99026763990268,1527788844.6215138,sanandaj,16666666.666666666,0.613110289826882,-0.4326437527584627,25
IR-08,10,9436,16525272.961520705,1555555.5555555555,21111111.111111112,184.5757717492984,2020346117.8671656,kerman,21111111.111111112,0.5342306061890632,-0.4347431134819162,26
IR-02,39,39719,16226279.376721855,3000000.0,50000000.0,150.0,2144212746.0168698,chamestan,10909090.909090908,0.1864095269266598,-0.44497036862171424,27
IR-16,5,2121,14223329.01596428,5411253.115553906,17058823.529411763,136.03370786516854,1684707903.7800686,ilam,17058823.529411763,0.7468175388967468,-0.5134824886580003,28
IR-29,4,1873,13344781.096998509,3453984.7427365687,15294117.647058824,145.96501809408926,1397331639.1359594,birjand,15294117.647058824,0.7843032568072611,-0.5435337478709577,29
IR-11,8,6298,11827571.543517746,1222222.2222222222,18947368.42105263,147.6868640148011,1438785283.4740653,zahedan,15242718.446601942,0.5781200381073357,-0.5954308118645746,30
IR-17,4,3009,7015871.833084947,4096774.193548387,10800000.0,192.80178837555889,1367138599.1058123,yasuj,6500000.0,0.6769690927218345,-0.7600178903057238,31
