city_slug,listings,price_median,ppm2,ppm2_mean,size_median,rooms_median,county_en,county_fa,province_iso,lat,lon,match
tehran,91836,6750000000.0,83333333.33333333,96383082.24554422,85.0,2.0,Tehran,تهران,IR-23,35.7572,51.3934,name_match
mashhad,33624,3100000000.0,30200000.0,33690986.63358116,110.0,2.0,Mashhad,مشهد,IR-09,36.3467,59.8719,name_match
karaj,26725,3150000000.0,32926829.268292684,37212495.82843842,100.0,2.0,Karaj,کرج,IR-30,35.9463,51.0709,name_match
isfahan,18571,4000000000.0,35000000.0,40542218.15119725,125.0,2.0,Isfahan,اصفهان,IR-10,32.5691,51.8207,name_match
shiraz,16949,4600000000.0,37058823.52941176,40856765.15404345,138.0,2.0,Shiraz,شیراز,IR-07,29.574,52.4808,name_match
tabriz,15305,2600000000.0,28333333.33333333,31596252.312802427,109.0,2.0,Tabriz,تبریز,IR-03,38.1025,46.1702,name_match
andisheh-new-town,15154,1680000000.0,29533066.86046512,31839359.540920056,60.0,2.0,Shahriar,شهریار,IR-23,35.6077,51.0698,author_assigned
ahvaz,11120,2650000000.0,25714285.714285716,29176367.2590941,110.0,2.0,Ahvaz,اهواز,IR-06,31.3208,48.867,name_match
rasht,9202,2650000000.0,27777777.777777776,32207275.073513877,100.0,2.0,Rasht,رشت,IR-01,37.342,49.8205,name_match
qom,8130,2975000000.0,26470588.23529412,29712740.524071284,119.5,2.0,Qom,قم,IR-25,34.703,51.2661,name_match
kermanshah,7886,3000000000.0,27380952.38095238,29594612.47486537,120.0,2.0,Kermanshah,کرمانشاه,IR-05,34.2948,46.9946,name_match
pardis-city,7801,2750000000.0,29523809.52380952,31198383.4961087,88.0,2.0,Pardis,پردیس,IR-23,35.6819,51.7903,name_match
chamestan,7404,1600000000.0,10909090.909090908,13020124.15936756,150.0,2.0,Nur,نور,IR-02,36.4205,52.0393,author_assigned
urmia,6779,3000000000.0,22807017.54385965,24527250.90231899,160.0,2.0,Urumia,ارومیه,IR-04,37.6522,45.026,author_assigned
nur,6755,1600000000.0,10000000.0,12802209.946803508,170.0,3.0,Nur,نور,IR-02,36.4205,52.0393,name_match
parand-city,5533,1200000000.0,15733333.333333334,17606909.110105783,82.0,2.0,Robat Karim,رباط کریم,IR-23,35.4898,51.0193,author_assigned
bandar-abbas,5254,3000000000.0,34827380.952380955,33923385.83412039,99.0,2.0,Bandar-e-Abbas,بندرعباس,IR-22,27.4596,56.3083,author_assigned
arak,5203,3100000000.0,33513513.513513517,33865682.4410481,113.0,2.0,Arak,اراک,IR-00,34.1436,49.8806,name_match
kerman,5041,2500000000.0,21111111.111111112,22613066.196269065,151.0,2.0,Kerman,کرمان,IR-08,30.5136,58.0123,name_match
ardabil,4579,2600000000.0,25000000.0,27211401.71807688,120.0,2.0,Ardabil city,اردبیل,IR-24,38.286,48.1663,author_assigned
hashtgerd-city,4515,1380000000.0,15277777.777777778,19056085.35508041,88.0,2.0,Savojbolagh,ساوجبلاغ,IR-30,35.9825,50.8365,author_assigned
hamedan,4403,3000000000.0,34027777.777777776,35732510.48588047,103.0,2.0,Hamedan,همدان,IR-13,34.8359,48.7754,name_match
mahmudabad,4202,2200000000.0,16666666.666666666,19146198.82260154,145.0,2.0,Mahmudabad,محمودآباد,IR-02,36.7509,52.309,name_match
eslamshahr,4151,2550000000.0,32352941.17647059,34188551.70094873,81.0,2.0,Eslamshahr,اسلامشهر,IR-23,35.5713,51.2501,name_match
gorgan,4015,2700000000.0,24806201.5503876,28059504.516933996,120.0,2.0,Gorgan,گرگان,IR-27,36.7444,54.5039,name_match
qazvin,3825,2700000000.0,29230769.230769232,33701407.940778166,107.0,2.0,Qazvin,قزوین,IR-26,36.4555,49.9208,name_match
zanjan,3802,2500000000.0,26956521.739130437,28701007.925546028,113.0,2.0,Zanjan,زنجان,IR-19,36.8511,48.2467,name_match
yazd,3710,3038000000.0,20743212.14910262,24246142.35325724,180.0,2.0,Yazd,یزد,IR-21,31.8543,54.4912,name_match
zahedan,3641,1730000000.0,15242718.446601942,15705901.690419087,144.0,2.0,Zahedan,زاهدان,IR-11,29.6312,60.2664,name_match
nowshahr,3583,6400000000.0,31818181.818181816,35505332.92263652,230.0,3.0,Nowshahr,نوشهر,IR-02,36.5647,51.7107,name_match
fardis-city,3578,2550000000.0,31023570.4932344,32437952.21078186,86.0,2.0,Fardis,فردیس,IR-30,35.7418,50.9775,name_match
khorramabad,3523,2400000000.0,21153846.153846152,23360416.09429834,120.0,2.0,Khorramabad,خرم آباد,IR-15,33.3864,48.5594,name_match
shahriar-city,3376,3000000000.0,32000000.0,35295695.18560153,120.0,2.0,Shahriar,شهریار,IR-23,35.6077,51.0698,name_match
sanandaj,3152,1550000000.0,16666666.666666666,19581504.22453756,107.0,2.0,Sanandaj,سنندج,IR-12,35.366,46.8169,name_match
sadra,2775,2900000000.0,22916666.666666668,23282315.856470283,125.0,2.0,Shiraz,شیراز,IR-07,29.574,52.4808,author_assigned
bushehr,2574,2500000000.0,22928921.56862745,26205868.014691453,135.0,2.0,Bushehr,بوشهر,IR-18,28.9681,50.6708,name_match
neyshabur,2492,1707250000.0,16958646.616541356,18686226.496727515,120.0,2.0,Neyshabur,نیشابور,IR-09,36.4269,58.7657,name_match
dezful,2384,2650000000.0,24602774.27490542,24059405.916415498,130.0,2.0,Dezful,دزفول,IR-06,32.4853,48.746,name_match
amol,2318,2000000000.0,15191142.19114219,17634908.762583848,140.0,2.0,Amol,آمل,IR-02,36.2159,52.3079,name_match
kashan,2281,1800000000.0,15882352.94117647,17737015.220436465,130.0,2.0,Kashan,کاشان,IR-10,33.9731,51.2616,name_match
lahijan,2263,3400000000.0,35119047.61904762,34853085.194572575,120.0,2.0,Lahijan,لاهیجان,IR-01,37.3234,50.1566,name_match
bojnurd,2238,2350000000.0,21250000.0,22037187.82245301,120.0,2.0,Bojnurd,بجنورد,IR-28,37.6131,57.4042,name_match
qods-city,2144,2450000000.0,30000000.0,32509665.348054923,80.0,2.0,Qods,قدس,IR-23,35.7013,51.116,name_match
shahin-shahr,2105,2765000000.0,27692307.69230769,27731816.06679216,109.0,2.0,Shahin Shahr and Meymeh,شاهین شهر و میمه,IR-10,33.2424,51.2773,author_assigned
saveh,2073,2000000000.0,21000000.0,20464734.30775409,107.0,2.0,Saveh,ساوه,IR-00,35.0768,50.0837,name_match
yasuj,2037,1400000000.0,6500000.0,10996594.150089214,200.0,2.0,Buyerahmad,بویراحمد,IR-17,30.7588,51.3872,author_assigned
pakdasht-city,2034,1650000000.0,19230769.230769232,20926153.045583334,90.0,2.0,Pakdasht,پاکدشت,IR-23,35.4696,51.7561,name_match
najafabad,2006,2300000000.0,16500000.0,19430320.65589444,155.0,2.0,Najafabad,نجف آباد,IR-10,32.9044,51.1321,name_match
borujerd,1989,2030000000.0,19157088.120689657,21009800.168360226,120.0,2.0,Borujerd,بروجرد,IR-15,33.8649,48.7707,name_match
bandar-anzali,1958,3300000000.0,32500000.0,34435423.85700376,110.0,2.0,Bandar-e-Anzali,بندر انزلی,IR-01,37.5566,49.448,author_assigned
damavand,1889,3000000000.0,22117647.05882353,31365858.76916893,200.0,2.0,Damavand,دماوند,IR-23,35.6181,52.1841,name_match
sorkhrood,1816,3800000000.0,26666666.666666668,33996033.324156806,147.0,2.0,Mahmudabad,محمودآباد,IR-02,36.7509,52.309,author_assigned
kish,1762,8860000000.0,100000000.0,119490229.43598443,85.0,2.0,Bandar Lengeh,بندر لنگه,IR-22,26.708,54.1185,author_assigned
tonekabon,1746,3800000000.0,31578947.36842105,30790314.678823046,162.5,2.0,Tonekabon,تنکابن,IR-02,36.6574,50.813,name_match
robat-karim,1661,1600000000.0,17066666.666666668,18088902.33242455,100.0,2.0,Robat Karim,رباط کریم,IR-23,35.4898,51.0193,name_match
semnan,1628,2189000000.0,22337184.87394958,23712406.324766908,100.0,2.0,Semnan,سمنان,IR-20,35.1058,53.8306,name_match
ilam,1584,1900000000.0,17058823.529411763,17939948.881998274,130.0,2.0,Ilam,ایلام,IR-16,33.5234,46.5279,name_match
golbahar-city,1568,1111111111.0,13125000.0,14519819.633412875,82.0,2.0,Golbahar,گلبهار,IR-09,36.5658,59.1802,name_match
abadan,1566,1350000000.0,13116554.054054055,14071307.832558636,120.0,2.0,Abadan,آبادان,IR-06,30.1556,48.7441,name_match
birjand,1469,1500000000.0,15294117.647058824,15845591.758379454,135.0,2.0,Birjand,بیرجند,IR-29,33.0849,59.1462,name_match
qarchak-city,1448,1800000000.0,25027472.52747253,26595524.512236863,77.0,1.0,Qarchak,قرچک,IR-23,35.4116,51.5676,name_match
varamin-city,1446,2000000000.0,20833333.33333333,23861896.804037143,100.0,2.0,Varamin,ورامین,IR-23,35.1412,51.7489,name_match
sirjan,1373,1800000000.0,14418604.65116279,18266852.072244503,200.0,2.0,Sirjan,سیرجان,IR-08,29.3197,55.6477,name_match
babolsar,1260,3300000000.0,30434782.60869565,40715715.51065309,112.0,2.0,Babolsar,بابلسر,IR-02,36.8239,52.7007,name_match
sabzevar,1252,1600000000.0,16292857.142857142,17020901.476129748,120.0,2.0,Sabzevar,سبزوار,IR-09,35.9528,57.1749,name_match
shahrekord,1178,2000000000.0,16816114.359974008,19621839.49008382,150.0,2.0,Sharekurd,شهرکرد,IR-14,32.3051,50.8385,author_assigned
rudehen,1130,3780000000.0,28915830.54626533,34202355.286987446,150.0,2.0,Damavand,دماوند,IR-23,35.6181,52.1841,author_assigned
sari,1123,2300000000.0,20769230.769230768,21140607.321561147,130.0,2.0,Sari,ساری,IR-02,36.4932,53.1103,name_match
mahdasht-city,1111,1460000000.0,12000000.0,18048807.83684886,95.0,2.0,Karaj,کرج,IR-30,35.9463,51.0709,author_assigned
qaem-shahr,1067,2000000000.0,16216216.216216216,16815293.23088788,150.0,2.0,Qaem Shahr,قائم شهر,IR-02,36.4749,52.8786,name_match
mohammad-shahr,1065,2000000000.0,20000000.0,25844004.062481835,100.0,2.0,Karaj,کرج,IR-30,35.9463,51.0709,author_assigned
dorud,1058,1500000000.0,13299731.1827957,14114780.597971909,125.0,2.0,Dorud,دورود,IR-15,33.5183,49.1194,name_match
izadshahr,1055,2200000000.0,14333333.333333334,31716103.774047147,160.0,3.0,Nur,نور,IR-02,36.4205,52.0393,author_assigned
chalus,1044,3250000000.0,19411764.70588235,26723413.40333972,160.0,2.0,Chalus,چالوس,IR-02,36.5248,51.4024,name_match
rafsanjan,1042,1200000000.0,5566622.399291722,9196434.935353467,240.0,2.0,Rafsanjan,رفسنجان,IR-08,30.5726,55.8902,name_match
ramsar,1036,5000000000.0,24000000.0,33547508.56005042,220.0,3.0,Ramsar,رامسر,IR-02,36.8421,50.5873,name_match
mohammadieh,1027,1290000000.0,16025641.025641026,19704944.736326218,85.0,2.0,Alborz,البرز,IR-26,36.2138,50.125,author_assigned
nasimshahr,1011,1820000000.0,23166666.666666668,27076679.074962445,80.0,2.0,Baharestan,بهارستان,IR-23,35.5332,51.1651,author_assigned
shahrud,997,1950000000.0,17934782.608695652,18550426.678144302,120.0,2.0,Shahrud,شاهرود,IR-20,35.5796,55.8433,name_match
zibakenar,975,2900000000.0,27368421.05263158,25577194.69452194,110.0,2.0,Rasht,رشت,IR-01,37.342,49.8205,author_assigned
someh-sara,946,2200000000.0,21857040.229885057,20745433.230482705,113.0,2.0,Sowme'eh Sara,صومعه سرا,IR-01,37.3699,49.3455,author_assigned
gonbad-kavus,941,2150000000.0,20000000.0,20530121.48432597,120.0,2.0,Gonbad-e-Kavus,گنبد کاووس,IR-27,37.5877,55.0596,author_assigned
golestan-baharestan,927,1800000000.0,23214285.714285716,26391134.18040658,84.0,2.0,Baharestan,بهارستان,IR-23,35.5332,51.1651,author_assigned
malayer,919,2050000000.0,22352941.17647059,23734288.41097382,110.0,2.0,Malayer,ملایر,IR-13,34.3379,48.7059,name_match
sahand,889,1300000000.0,17391304.347826086,17986842.210490894,78.0,2.0,Osku,اسکو,IR-03,37.8554,46.1598,author_assigned
mahshahr,858,2300000000.0,21380952.38095238,26262790.50604173,107.0,2.0,Bandar-e-Mahshahr,بندر ماهشهر,IR-06,30.3612,49.2616,author_assigned
nazarabad,853,1400000000.0,13333333.333333334,15181964.914454514,110.0,2.0,Nazarabad,نظرآباد,IR-30,35.9022,50.5219,name_match
foolad-shahr,845,1310000000.0,14705882.352941176,17150972.474954125,90.0,2.0,Lenjan,لنجان,IR-10,32.3759,51.213,author_assigned
langarud,830,2250000000.0,27616632.860040568,26376528.962037843,100.0,2.0,Langarud,لنگرود,IR-01,37.1622,50.1635,name_match
charbagh-alborz,821,3000000000.0,13125000.0,26861208.52627294,170.0,2.0,Chaharbagh,چهارباغ,IR-30,35.8353,50.7606,author_assigned
fuman,817,2000000000.0,8888888.888888888,20010690.682638764,170.0,2.0,Fuman,فومن,IR-01,37.1561,49.1316,name_match
bumehen,802,2200000000.0,26394444.444444444,29162705.396370627,85.0,2.0,Pardis,پردیس,IR-23,35.6819,51.7903,author_assigned
marvdasht-city,795,1800000000.0,13500000.0,15736626.04412728,180.0,2.0,Marvdasht,مرودشت,IR-07,30.1587,52.6862,name_match
garmdareh,783,4200000000.0,43181818.18181818,42353385.850914896,97.0,2.0,Karaj,کرج,IR-30,35.9463,51.0709,author_assigned
abhar,761,1800000000.0,20000000.0,19114138.36541785,113.0,2.0,Abhar,ابهر,IR-19,36.1296,49.1618,name_match
talesh,756,2250000000.0,16666666.666666666,19488168.02715312,154.0,2.0,Talesh,طوالش,IR-01,37.9283,48.8776,name_match
babol,755,2400000000.0,23571428.57142857,23145337.029311795,120.0,2.0,Babol,بابل,IR-02,36.2807,52.6296,name_match
astaneh-ashrafiyeh,751,2000000000.0,22000000.0,21587118.0444168,120.0,2.0,Astaneh-ye Ashrafiyeh,آستانه اشرفیه,IR-01,37.4344,50.0551,author_assigned
zabol,735,670000000.0,3666666.6666666665,7212661.372123791,186.0,2.0,Zabol,زابل,IR-11,31.0535,61.5685,name_match
shushtar,709,1299000000.0,12727272.727272728,14542401.978627346,120.0,2.0,Shushtar,شوشتر,IR-06,31.8697,48.918,name_match
safadasht-industrial-city,704,1400000000.0,15497076.023391811,18775290.56261158,99.0,2.0,Malard,ملارد,IR-23,35.6019,50.6372,author_assigned
rudsar,696,2350000000.0,23121794.871794872,23021643.189196583,130.5,2.0,Rudsar,رودسر,IR-01,36.9579,50.3886,name_match
behbahan,690,1700000000.0,14044943.82022472,15933019.06763051,150.0,2.0,Behbahan,بهبهان,IR-06,30.5491,50.3016,name_match
qeshm,690,2000000000.0,18336046.511627905,22752026.362222504,130.0,2.0,Qeshm,قشم,IR-22,26.7078,55.9215,name_match
chabahar,683,2300000000.0,18947368.42105263,20094305.436309997,150.0,2.0,Chabahar,چابهار,IR-11,25.3914,60.7609,name_match
kahrizak,677,2310000000.0,30500000.0,30643050.510543,78.0,2.0,Rey,ری,IR-23,35.3623,51.2132,author_assigned
borazjan,676,1000000000.0,7133072.40704501,11411940.738811744,200.0,2.0,Dashtestan,دشتستان,IR-18,29.2247,51.3763,author_assigned
salman-shahr,676,9000000000.0,50000000.0,53307923.17594157,220.0,2.0,Abbasabad,عباس آباد,IR-02,36.8172,51.2127,author_assigned
andimeshk,664,1328000000.0,13867521.366826922,14960551.827241993,120.0,2.0,Andimeshk,اندیمشک,IR-06,32.6366,48.2173,name_match
royan,661,3500000000.0,20000000.0,25521985.79869621,200.0,3.0,Nur,نور,IR-02,36.4205,52.0393,author_assigned
khorramshahr,653,1300000000.0,10000000.0,13511862.71989002,148.0,2.0,Khoramshahr,خرمشهر,IR-06,30.6361,48.1808,name_match
dogonbadan,647,1300000000.0,10800000.0,12426930.350389898,140.0,2.0,Gachsaran,گچساران,IR-17,30.2846,50.8013,author_assigned
chaf-chamkhale,611,1400000000.0,5500000.0,15538132.512984224,190.0,2.0,Langarud,لنگرود,IR-01,37.1622,50.1635,author_assigned
bandar-kangan,609,1830000000.0,15000000.0,14274189.019627815,170.0,2.0,Kangan,کنگان,IR-18,27.5898,52.1796,author_assigned
khoshkbijar,589,2600000000.0,21428571.42857143,21528707.955324035,125.0,2.0,Rasht,رشت,IR-01,37.342,49.8205,author_assigned
marand,585,1250000000.0,9326424.870466322,14677236.322319351,150.0,2.0,Marand,مرند,IR-03,38.5863,45.6589,name_match
kouchesfahan,581,1750000000.0,17000000.0,18028496.387005363,150.0,2.0,Rasht,رشت,IR-01,37.342,49.8205,author_assigned
pishva,573,1150000000.0,12881355.93220339,16698821.989546131,80.0,1.0,Pishva,پیشوا,IR-23,35.3349,51.7469,name_match
khoy,564,1500000000.0,11723958.333333332,15849418.134261264,143.0,2.0,Khoy,خوی,IR-04,38.6431,44.7664,name_match
marivan,547,900000000.0,8000000.0,12903859.984637786,120.0,2.0,Marivan,مریوان,IR-12,35.5993,46.3529,name_match
sangar,531,2000000000.0,7380073.800738008,18686626.535166275,200.0,2.0,Rasht,رشت,IR-01,37.342,49.8205,author_assigned
kelarestan,524,3900000000.0,14888468.013468014,24116264.746291105,240.0,3.0,,,,,,unassigned
shirvan,522,1350000000.0,12832417.58241758,11925687.457612593,130.0,2.0,Shirwan,شیروان,IR-28,37.5239,57.9684,name_match
masjed-e-soleyman,520,1015000000.0,7713709.677419355,10070447.584245749,135.0,2.0,Masjedsoleyman,مسجدسلیمان,IR-06,32.0035,49.2938,author_assigned
bam,518,1000000000.0,4023809.523809524,11412670.155221254,250.0,2.0,Bam,بم,IR-08,29.0659,58.1881,name_match
torbat-heydariyeh,517,1300000000.0,11084337.34939759,13785351.138669828,120.0,2.0,Torbat-e-Heydarieh,تربت حیدریه,IR-09,35.4227,59.0461,author_assigned
astara,506,2500000000.0,18504962.779156327,21747527.69892613,150.0,2.0,Astara,آستارا,IR-01,38.3548,48.8531,name_match
Iranshahr,504,795000000.0,3333333.333333333,7044980.778297782,221.0,3.0,Iranshahr,ایرانشهر,IR-11,27.6664,60.0957,name_match
izeh,498,1374000000.0,9000000.0,12987271.471096924,160.0,2.0,Izeh,ایذه,IR-06,32.0079,49.9137,name_match
kiashahr,493,2500000000.0,20000000.0,20992204.806351256,150.0,2.0,Astaneh-ye Ashrafiyeh,آستانه اشرفیه,IR-01,37.4344,50.0551,author_assigned
bandar-ganaveh,489,1250000000.0,5814814.814814814,10756329.820330052,214.0,2.0,Ganaveh,گناوه,IR-18,29.5308,50.4173,author_assigned
lashtenesha,486,2160000000.0,19500000.0,19300147.49858385,122.5,2.0,Rasht,رشت,IR-01,37.342,49.8205,author_assigned
jiroft,483,1000000000.0,4040404.04040404,11435726.593355544,250.0,2.0,Jiroft,جیرفت,IR-08,28.7293,57.5468,name_match
alvand,478,1700000000.0,19661748.63387978,19937934.374502048,97.0,2.0,Alborz,البرز,IR-26,36.2138,50.125,author_assigned
shush,475,1380000000.0,12000000.0,17533555.53038074,130.0,2.0,Shush,شوش,IR-06,32.2108,48.1398,name_match
rezvanshahr,464,2300000000.0,15000000.0,19807010.133541197,200.0,2.0,Rezvanshahr,رضوانشهر,IR-01,37.5893,49.0451,name_match
saqqez,462,1500000000.0,14142857.142857142,16394254.18684382,147.0,2.0,Saqqez,سقز,IR-12,36.1227,46.3575,name_match
bandar-Imam-khomeini,458,1650000000.0,16666666.666666666,17549764.539396305,113.5,2.0,Bandar-e-Mahshahr,بندر ماهشهر,IR-06,30.3612,49.2616,author_assigned
ahar,453,1200000000.0,10461538.461538462,13639288.151452065,140.0,2.0,Ahar,اهر,IR-03,38.5313,47.1386,name_match
parsabad,449,980000000.0,10833333.333333334,15099050.516318996,105.0,2.0,Parsabad,پارس آباد,IR-24,39.5476,47.8847,name_match
siahkal,439,2150000000.0,9000000.0,18595765.36421832,200.0,2.0,Siahkal,سیاهکل,IR-01,36.9322,49.8703,name_match
shahre-rey,436,2503750000.0,32000000.0,37527983.38273673,80.0,2.0,Rey,ری,IR-23,35.3623,51.2132,author_assigned
khomam,434,2000000000.0,8464285.714285715,19084286.622624647,207.5,2.0,Khomam,خمام,IR-01,37.5519,49.7212,name_match
fereydunkenar,433,2500000000.0,24266666.666666668,32081891.20723167,120.0,2.0,Fereydunkenar,فریدونکنار,IR-02,36.7929,52.518,name_match
maragheh,427,1450000000.0,13478260.869565217,15731156.857827265,138.0,2.0,Maragheh,ویژه مراغه,IR-03,37.3796,46.3934,name_match
masal,425,2490000000.0,12000000.0,19536690.20007693,210.0,2.0,Masal,ماسال,IR-01,37.3698,48.9921,name_match
kazeroon,417,2050000000.0,16666666.666666666,17238171.392399352,180.0,2.0,Kazerun,کازرون,IR-07,29.4541,51.7738,name_match
garmsar,415,1320000000.0,13333333.333333334,14509971.688345468,120.0,2.0,Garmsar,گرمسار,IR-20,34.9888,52.2397,name_match
chenaran,409,888888888.0,8421052.631578946,10393523.75337127,125.0,2.0,Chenaran,چناران,IR-09,36.8128,59.0965,name_match
eslamabad-gharb,404,1980000000.0,17386363.636363637,19403594.877120078,120.0,2.0,Eslamabad-e Gharb,اسلام آباد غرب,IR-05,34.043,46.652,author_assigned
chahar-dangeh,403,2436000000.0,29861111.111111112,31586745.72168413,90.0,2.0,Eslamshahr,اسلامشهر,IR-23,35.5713,51.2501,author_assigned
shandiz-city,401,1800000000.0,12000000.0,22360195.716101144,240.0,2.0,torghabeh shandiz,طرقبه شاندیز,IR-09,36.3058,59.2768,author_assigned
kuhdasht,398,1300000000.0,9250000.0,12882442.477585642,162.5,2.0,Kuhdasht,کوهدشت,IR-15,33.6313,47.3785,name_match
jahrom,391,1320000000.0,9090909.090909092,12840462.65456476,200.0,2.0,Jahrom,جهرم,IR-07,28.5958,53.4096,name_match
meshgin-shahr,388,1350000000.0,12076149.425287357,15733234.392206753,130.5,2.0,Meshkinshahr,مشگین شهر,IR-24,38.5367,47.792,author_assigned
nahavand,387,1500000000.0,15909090.909090908,15675885.84289873,120.0,2.0,Nahavand,نهاوند,IR-13,34.2178,48.2474,name_match
abyek,385,1700000000.0,17090909.09090909,18607907.89994684,110.0,2.0,Abyek,آبیک,IR-26,36.0886,50.3459,name_match
lavasan-city,383,15000000000.0,61428571.42857143,92256071.52841292,267.0,3.0,Shemiranat,شمیرانات,IR-23,35.9289,51.6112,author_assigned
zarand,380,875000000.0,3957213.1147540985,8067708.4484743485,222.5,2.0,Zarand,زرند,IR-08,30.9082,56.415,name_match
ramhormoz,378,1140000000.0,7696153.846153846,10292497.252785375,150.0,2.0,Ramhormoz,رامهرمز,IR-06,31.2162,49.655,name_match
saravan,374,680000000.0,3027777.777777778,7530048.8548136,200.0,2.0,Saravan,سراوان,IR-11,27.3601,62.303,name_match
absard,372,3225000000.0,8449000.0,26641004.62446968,250.0,2.0,Damavand,دماوند,IR-23,35.6181,52.1841,author_assigned
takestan,369,1250000000.0,12153846.153846154,14172850.905309156,124.0,2.0,Takestan,تاکستان,IR-26,36.0148,49.5683,name_match
mianeh,369,1200000000.0,11333333.333333334,15350666.761339508,120.0,2.0,Mianeh,میانه,IR-03,37.4719,47.7284,name_match
sabashahr,365,1900000000.0,17333333.333333332,21709597.24689944,102.0,2.0,Shahriar,شهریار,IR-23,35.6077,51.0698,author_assigned
minab,364,800000000.0,3486111.111111111,9312040.841076432,210.0,2.0,Minab,میناب,IR-22,26.9789,57.2321,name_match
qorveh,362,1500000000.0,12886904.76190476,15947545.828982197,150.0,2.0,Ghorveh,قروه,IR-12,35.2533,47.8063,name_match
quchan,359,1350000000.0,12222222.222222222,12632984.06123142,125.0,2.0,Quchan,قوچان,IR-09,37.1447,58.5785,name_match
jam,347,1700000000.0,10500000.0,13195299.82436242,180.0,2.0,Jam,جم,IR-18,27.9205,52.2644,name_match
damghan,346,1520000000.0,15500000.0,16366144.99247921,120.0,2.0,Damghan,دامغان,IR-20,35.3807,54.3594,name_match
torbat-jam,345,750000000.0,7500000.0,8515977.575679319,130.0,2.0,Torbat-e-jam,تربت جام,IR-09,35.3216,60.6552,author_assigned
shaft,344,1940000000.0,6000000.0,17225377.563370906,230.5,2.0,Shaft,شفت,IR-01,37.1283,49.4244,name_match
bukan,343,1150000000.0,9500000.0,12838942.871779945,120.0,2.0,Bukan,بوکان,IR-04,36.5286,46.198,name_match
esfarayen,342,1350000000.0,11031250.0,14089507.563397126,125.0,2.0,Esfarayen,اسفراین,IR-28,36.9401,57.4566,name_match
omidiyeh,334,1200000000.0,10645833.333333332,12011862.064760132,125.0,2.0,Omidieh,امیدیه,IR-06,30.7921,49.6942,name_match
nashtarud,331,4050000000.0,20000000.0,28509344.33810076,220.0,2.0,Tonekabon,تنکابن,IR-02,36.6574,50.813,author_assigned
fasa-city,330,1750000000.0,14129530.600118836,14912597.583434528,165.0,2.0,Fasa,فسا,IR-07,28.9672,53.8182,name_match
koohsar,329,4500000000.0,13617021.276595743,36880467.49142738,262.0,2.0,Savojbolagh,ساوجبلاغ,IR-30,35.9825,50.8365,author_assigned
khomein,319,1500000000.0,11538461.538461538,15726025.788130514,153.0,2.0,Khomein,خمین,IR-00,33.6648,50.0173,name_match
khomeyni-shahr,315,2500000000.0,18333333.33333333,22230733.865457363,144.0,2.0,Khomeyni Shahr,خمینی شهر,IR-10,32.6783,51.5267,name_match
abbasabad-mazandaran,307,5500000000.0,23733333.33333333,37351027.07955241,200.0,2.0,Abbasabad,عباس آباد,IR-02,36.8172,51.2127,author_assigned
falavarjan,301,2000000000.0,10810810.81081081,16274017.723674128,180.0,2.0,Falaverjan,فلاورجان,IR-10,32.5223,51.5346,author_assigned
golpayegan,298,1722500000.0,15147058.823529411,17838897.8213682,137.5,2.0,Golpayegan,گلپایگان,IR-10,33.4533,50.291,name_match
boroujen,297,1900000000.0,16438356.164383562,19006417.914243896,150.0,2.0,Borujen,بروجن,IR-14,31.8574,51.1278,name_match
firuzkooh,294,2000000000.0,17158333.333333336,19060198.73278269,117.5,2.0,Firuzkuh,فیروزکوه,IR-23,35.6371,52.7107,name_match
miandoab,291,1400000000.0,10895522.388059702,14236359.03518939,145.0,2.0,Miandoab,میاندوآب,IR-04,37.0598,45.8168,name_match
norabad,281,1000000000.0,3882352.9411764704,8205948.683011848,241.0,2.0,,,,,,unassigned
dehdasht,280,875000000.0,4096774.193548387,8047787.422887438,200.0,2.0,Kohkiluyeh,کهگیلویه,IR-17,31.0076,50.5714,author_assigned
maku,279,1400000000.0,8976744.186046511,14141473.491325434,168.0,2.0,Maku,ماکو,IR-04,39.4696,44.6196,name_match
azadshahr-golestan,279,1200000000.0,10320512.82051282,12008321.881476644,130.0,2.0,Azadshahr,آزادشهر,IR-27,36.9956,55.4048,author_assigned
aran-va-bidgol,274,1300000000.0,10050520.05,12979262.581550058,150.0,2.0,Aran and Bidgol,آران و بیدگل,IR-10,34.1511,51.862,author_assigned
ardakan,271,1750000000.0,10101010.1,14523594.952678038,200.0,2.0,Ardakan,اردکان,IR-21,32.6953,54.8625,name_match
aligudarz,270,1600000000.0,15000000.0,15695360.89220916,130.0,2.0,Aligudarz,الیگودرز,IR-15,33.1388,49.3837,name_match
azna,267,1300000000.0,10869565.217391305,11756112.007134955,145.0,2.0,Azna,ازنا,IR-15,33.4899,49.4287,name_match
khash,263,320000000.0,1222222.2222222222,3562261.862870664,220.0,2.0,Khash,خاش,IR-11,28.0855,61.1127,name_match
nurabad,250,1100000000.0,6298878.205128205,10376267.110513275,200.0,2.0,,,,,,unassigned
lordegan,242,1400000000.0,6152173.913043479,11499784.501692483,210.5,2.0,Lordegan,لردگان,IR-14,31.4189,50.8997,name_match
tankaman,236,1650000000.0,4650000.0,17362237.361019835,300.0,2.0,Nazarabad,نظرآباد,IR-30,35.9022,50.5219,author_assigned
Kordkuy,233,1550000000.0,13333333.333333334,14737063.693674574,145.0,2.0,Kordkuy,کردکوی,IR-27,36.6946,54.2051,name_match
amlash,233,2000000000.0,18500000.0,19225793.83494267,120.0,2.0,Amlash,املش,IR-01,36.9749,50.1431,name_match
aliabad-katul,231,1500000000.0,11363636.363636363,12820243.624281174,151.0,2.0,Aliabad,علی آباد کتول,IR-27,36.8315,54.9104,author_assigned
khalkhal,227,1700000000.0,12000000.0,16391213.214776767,150.0,2.0,Kahlkhal,خلخال,IR-24,37.4784,48.5022,author_assigned
kelarabad,226,7662500000.0,30000000.0,45536280.52911956,250.0,3.0,Abbasabad,عباس آباد,IR-02,36.8172,51.2127,author_assigned
abadeh,223,1500000000.0,8196721.31147541,12010801.578370271,200.0,2.0,Abadeh,آباده,IR-07,31.2213,52.4152,name_match
meybod,219,1500000000.0,7500000.0,10232330.709165031,200.0,2.0,Meybod,میبد,IR-21,31.9552,53.375,name_match
fasham-city,217,9800000000.0,60000000.0,83035417.87393264,160.0,2.0,Shemiranat,شمیرانات,IR-23,35.9289,51.6112,author_assigned
sarein,217,2500000000.0,25000000.0,23918802.59456233,107.0,2.0,Sareyn,سرعین,IR-24,38.1814,47.9834,name_match
chaboksar,216,3675000000.0,18956521.73913044,26022866.9946744,205.0,2.0,Rudsar,رودسر,IR-01,36.9579,50.3886,author_assigned
kamyaran,214,1550000000.0,16531250.0,22514386.113322817,120.0,2.0,Kamyaran,کامیاران,IR-12,34.94,46.8531,name_match
salmas,210,1450000000.0,9966887.417218544,12576679.30946404,150.0,2.0,Salmas,سلماس,IR-04,38.1099,44.6971,name_match
tuyserkan,207,1500000000.0,15474452.554744525,16615657.791165223,140.0,2.0,Tuyserkan,تویسرکان,IR-13,34.5529,48.3111,name_match
susangerd,207,890000000.0,5384615.384615385,16933163.138250075,180.0,3.0,Dasht-e-Azadegan,دشت آزادگان,IR-06,31.7398,48.0417,author_assigned
sarpol-zahab,202,1370000000.0,13231534.09090909,16653739.088568255,129.0,2.0,Sarpol-e-Zahab,سرپل ذهاب,IR-05,34.5305,45.8344,author_assigned
darab,202,1111111111.0,8298898.071625344,9792186.91854565,150.0,2.0,Darab,داراب,IR-07,28.4833,55.0581,name_match
ferdosiye,202,1856500000.0,19478319.78319783,23755734.38308398,100.0,2.0,Shahriar,شهریار,IR-23,35.6077,51.0698,author_assigned
khorramdarreh,202,1650000000.0,14452798.663324978,16836527.820471518,154.5,2.0,Khoramdareh,خرمدره,IR-19,36.2965,49.1723,name_match
emamzadeh-abdollah,200,1950000000.0,13568181.818181818,15160203.417073283,160.0,2.0,Amol,آمل,IR-02,36.2159,52.3079,author_assigned
kangavar,197,1600000000.0,14000000.0,18771535.069904648,145.0,2.0,Kangavar,کنگاور,IR-05,34.4519,47.9643,name_match
shirgah,196,2250000000.0,9282051.282051282,15476453.36793688,200.0,2.0,North Savadkuh,سوادکوه شمالی,IR-02,36.317,52.9142,author_assigned
dehloran,196,750000000.0,6048780.487804879,8949017.310272962,150.0,2.0,Dehloran,دهلران,IR-16,32.6794,47.2301,name_match
baft,196,1035000000.0,4069536.42384106,9084386.903823072,222.0,2.0,Baft,بافت,IR-08,29.0564,56.489,name_match
asadabad,195,1600000000.0,17647058.82352941,18850441.71561035,120.0,2.0,Asadabad,اسدآباد,IR-13,34.787,48.0376,name_match
kelachay,195,2600000000.0,18560606.060606062,21289024.76589294,150.0,2.0,Rudsar,رودسر,IR-01,36.9579,50.3886,author_assigned
taleqan,195,2800000000.0,8846153.846153846,20293544.380828448,280.0,2.0,Taleghan,طالقان,IR-30,36.2219,50.7897,name_match
firuzabad,193,1400000000.0,7909090.909090909,9772678.93012693,200.0,2.0,Firuzabad,فیروزآباد,IR-07,28.862,52.6318,name_match
shadeghan,193,1020000000.0,6250000.0,21245221.32731704,180.0,3.0,Shadegan,شادگان,IR-06,30.6281,48.6323,author_assigned
kahnooj,191,490000000.0,1555555.5555555555,7802304.7548868945,275.0,2.0,Kahnuj,کهنوج,IR-08,27.9038,57.6146,name_match
kalale,191,1100000000.0,8450704.225352112,10982644.204324877,150.0,2.0,Kalaleh,کلاله,IR-27,37.571,55.613,name_match
ghayen,189,1050000000.0,7294117.647058823,12289649.187396064,180.0,2.0,Qaenat,قائنات,IR-29,33.6502,59.0296,author_assigned
eshtehard,189,1200000000.0,13571428.57142857,13745264.341206634,100.0,2.0,Eshtehard,اشتهارد,IR-30,35.6939,50.4981,name_match
vahidieh,186,2000000000.0,17928571.42857143,27880360.600366063,120.0,2.0,Shahriar,شهریار,IR-23,35.6077,51.0698,author_assigned
behshahr,182,1365000000.0,10151412.429378532,13248248.953812534,150.5,2.0,Behshahr,بهشهر,IR-02,36.7645,53.4853,name_match
gonabad,179,1150000000.0,8000000.0,11079052.6982308,190.0,2.0,Gonabad,گناباد,IR-09,34.4206,58.8819,name_match
shahedshahr,179,1650000000.0,17000000.0,20892126.567359105,95.0,2.0,Shahriar,شهریار,IR-23,35.6077,51.0698,author_assigned
khoram-abad,177,3480000000.0,12142857.142857144,22766693.551179823,250.0,2.0,Khorramabad,خرم آباد,IR-15,33.3864,48.5594,name_match
sonqor,172,1160000000.0,13672476.397966594,13460199.858893408,120.0,2.0,Sonqor,سنقر,IR-05,34.8544,47.4436,name_match
khormoj,170,745000000.0,4229629.62962963,6749355.149760374,211.0,2.0,Dashti,دشتی,IR-18,28.4026,51.6467,author_assigned
eqbaliyeh,168,1325000000.0,13508771.92982456,14551608.39106812,120.0,1.0,Qazvin,قزوین,IR-26,36.4555,49.9208,author_assigned
qeydar,163,1300000000.0,7900000.0,14125395.214735204,200.0,2.0,Khodabandeh,خدابنده,IR-19,35.9998,48.3799,author_assigned
eyvan,162,1200000000.0,7839506.172839506,10656286.730030073,170.0,2.0,Eyvan,ایوان,IR-16,33.8639,46.1644,name_match
azarshahr,161,1500000000.0,14285714.285714284,16581286.059121924,120.0,2.0,Azarshahr,آذرشهر,IR-03,37.73,45.8689,name_match
asalem,160,2400000000.0,8266666.666666666,19785486.703559976,200.0,2.0,Talesh,طوالش,IR-01,37.9283,48.8776,author_assigned
mobarakeh,158,1500000000.0,11015873.015873017,13257001.621634403,160.0,2.0,Mobarakeh,مبارکه,IR-10,32.2669,51.497,name_match
mahabad,157,1250000000.0,11190476.19047619,13544546.756692598,120.0,2.0,Mahabad,مهاباد,IR-04,36.6643,45.7919,name_match
zarghan,156,1267500000.0,13084853.291038858,13462912.368202807,110.0,2.0,Zarghan,زرقان,IR-07,29.7191,52.8429,name_match
marzan-abad,151,2000000000.0,7102272.727272728,18182280.202995807,250.0,2.0,Chalus,چالوس,IR-02,36.5248,51.4024,author_assigned
bijar,150,1400000000.0,10617554.858934168,13917953.474978644,137.5,2.0,Bijar,بیجار,IR-12,35.9514,47.598,name_match
minoodasht,150,1075000000.0,7337662.337662337,11089137.153495489,139.0,2.0,Minudasht,مینودشت,IR-27,37.1463,55.4475,name_match
bonab,148,1025000000.0,7348484.848484849,11421194.60980137,167.5,2.0,Bonab,بناب,IR-03,37.3519,45.931,name_match
ziraab,145,2100000000.0,8500000.0,14232510.278240958,200.0,2.0,Savadkuh,سوادکوه,IR-02,36.0862,52.9667,author_assigned
taft,143,2500000000.0,10000000.0,18883097.584272686,250.0,2.0,Taft,تفت,IR-21,31.4218,53.7967,name_match
pareh-sar,141,2500000000.0,8461538.461538462,17504785.85308995,250.0,2.0,Rezvanshahr,رضوانشهر,IR-01,37.5893,49.0451,author_assigned
javanrud,139,820000000.0,8750000.0,10471868.994773356,100.0,1.0,Javanrud,جوانرود,IR-05,34.8617,46.3252,name_match
hachirud,139,6500000000.0,27272727.272727277,42631241.88167559,230.0,3.0,,,,,,unassigned
koumeleh,137,2300000000.0,14805825.242718449,20247920.66144734,190.0,2.0,Langarud,لنگرود,IR-01,37.1622,50.1635,author_assigned
bandar-torkaman,137,1350000000.0,10000000.0,12905508.24730515,150.0,2.0,Torkaman,ترکمن,IR-27,36.8981,54.1556,author_assigned
katalem-sadatshahr,135,4500000000.0,20555555.55555556,27910894.988713365,240.0,2.0,Ramsar,رامسر,IR-02,36.8421,50.5873,author_assigned
mohajeran,134,1600000000.0,17785688.536409516,18923745.342379287,85.0,2.0,Shazand,شازند,IR-00,33.9085,49.3195,author_assigned
ashkhaneh,131,1300000000.0,9386740.331491712,12860420.991496569,153.0,2.0,Maneh and Samalqan,مانه و سملقان,IR-28,37.7318,56.7121,author_assigned
bahar-city,130,1690000000.0,15443925.23364486,19173580.930720262,145.0,2.0,Bahar,بهار,IR-13,34.9562,48.3358,name_match
baneh,130,1100000000.0,10773809.523809524,13149983.217723092,120.0,2.0,Baneh,بانه,IR-12,36.0022,45.8676,name_match
neyriz,127,1780000000.0,12315270.93596059,19334868.74262718,188.0,2.0,Neyriz,نی ریز,IR-07,29.1732,54.566,name_match
aleshtar,127,1500000000.0,9750000.0,12325219.1314792,170.0,2.0,Selseleh,سلسله,IR-15,33.8337,48.1076,author_assigned
khansar,126,2560000000.0,18711764.70588236,19986063.88939146,172.5,2.0,Khansar,خوانسار,IR-10,33.2492,50.448,name_match
torghabeh-city,126,2775000000.0,21974664.67958271,30420202.825206425,141.5,2.0,torghabeh shandiz,طرقبه شاندیز,IR-09,36.3058,59.2768,author_assigned
sarab,126,1500000000.0,12488505.747126438,14963485.041098887,177.5,2.0,Sarab,سراب,IR-03,37.9956,47.4573,name_match
dehgolan,124,990000000.0,6641038.35978836,10317912.199879209,150.0,2.0,Dehgolan,دهگلان,IR-12,35.3251,47.3554,name_match
daran,123,1450000000.0,7777777.777777778,11361332.783305904,190.0,2.0,Fereydan,فریدن,IR-10,32.9617,50.3758,author_assigned
baghershahr,123,2500000000.0,32000000.0,37331739.99814438,80.0,2.0,Rey,ری,IR-23,35.3623,51.2132,author_assigned
ahmadsar-gourab,122,1812500000.0,4060489.5104895104,11781338.154051373,381.0,2.0,Shaft,شفت,IR-01,37.1283,49.4244,author_assigned
lenjan,121,2000000000.0,9250000.0,22160377.42798561,200.0,2.0,Lenjan,لنجان,IR-10,32.3759,51.213,name_match
dayyer,121,950000000.0,4166666.6666666665,6939400.722322615,200.0,3.0,Deyr,دیر,IR-18,27.8475,51.5853,author_assigned
raheem-abad,120,2300000000.0,21291666.666666664,23027709.20026884,130.0,2.0,Rudsar,رودسر,IR-01,36.9579,50.3886,author_assigned
mehriz,120,1425000000.0,5444444.444444444,14513318.717854692,200.0,2.0,Mehriz,مهریز,IR-21,31.3688,54.6855,name_match
sahneh,119,1600000000.0,12857142.857142856,19372373.5784202,150.0,2.0,Sahneh,صحنه,IR-05,34.564,47.5763,name_match
lar,118,2127000000.0,12038011.695906432,15397141.79442584,200.0,2.0,Larestan,لارستان,IR-07,27.748,54.8724,author_assigned
aq-qala,117,1250000000.0,8666666.666666666,10932905.895125628,182.0,2.0,Aqqala,آق قلا,IR-27,37.19,54.5313,name_match
lamerd,115,900000000.0,4208754.208333333,10260189.638786744,236.0,2.0,Lamerd,لامرد,IR-07,27.4892,53.3352,name_match
mahalat,115,1700000000.0,20000000.0,22435124.769451097,96.0,2.0,Mahallat,محلات,IR-00,33.8887,50.4259,name_match
bardsir,114,1050000000.0,4210526.315789473,10033405.657286089,247.5,2.0,Bardsir,بردسیر,IR-08,29.7934,56.7069,name_match
javadabad,112,1200000000.0,5595458.758109361,17839872.18695477,146.5,1.0,Varamin,ورامین,IR-23,35.1412,51.7489,author_assigned
abdanan,111,1000000000.0,6250000.0,8893389.928759452,167.0,2.0,Abdanan,آبدانان,IR-16,32.8567,47.5257,name_match
neka,111,1400000000.0,5600000.0,10166805.463699665,189.0,2.0,Neka,نکا,IR-02,36.6783,53.3222,name_match
ferdows,110,820000000.0,3453984.7427365687,6998839.916555292,201.0,2.0,Ferdows,فردوس,IR-29,33.8558,57.9078,name_match
shazand,109,1200000000.0,7272727.272727272,14192419.605799614,180.0,1.0,Shazand,شازند,IR-00,33.9085,49.3195,name_match
naqadeh,108,1225000000.0,9750000.0,11239896.02613154,139.0,2.0,Naqadeh,نقده,IR-04,37.0349,45.4412,name_match
shahin-dej,108,1218224439.0,6637298.091042585,10540844.97234708,181.0,2.0,Shahin Dezh,شاهین دژ,IR-04,36.6629,46.7115,author_assigned
rostam-abad,106,2000000000.0,6000000.0,16600513.010698304,247.0,2.0,Rudbar,رودبار,IR-01,36.838,49.5468,author_assigned
tabas,105,1100000000.0,4133333.3333333335,9792246.722155754,200.0,2.0,Tabas,طبس,IR-29,33.0514,56.712,name_match
pirbazar,105,2800000000.0,10000000.0,27077735.91162902,200.0,2.0,Rasht,رشت,IR-01,37.342,49.8205,author_assigned
pol-dokhtar,103,750000000.0,6595744.680851064,9636477.366778748,140.0,2.0,,,,,,unassigned
galikesh,102,750000000.0,4221594.120972301,7847691.901394115,167.5,2.0,Galikash,گالیکش,IR-27,37.3249,55.6034,author_assigned
asara,101,4500000000.0,21568627.45098039,45402284.10144579,200.0,2.0,Karaj,کرج,IR-30,35.9463,51.0709,author_assigned
roudbaneh,101,1700000000.0,4514170.04048583,11254173.051104989,300.0,2.0,Lahijan,لاهیجان,IR-01,37.3234,50.1566,author_assigned
abrisham-isfahan,100,2000000000.0,16035714.285714284,19180091.028487533,120.0,2.0,Falaverjan,فلاورجان,IR-10,32.5223,51.5346,author_assigned
fazel-abad,98,1280000000.0,8352713.178294573,13683047.835468028,150.0,2.0,Aliabad,علی آباد کتول,IR-27,36.8315,54.9104,author_assigned
mahan,98,1600000000.0,5208333.333333333,14174503.11160876,228.5,2.0,Kerman,کرمان,IR-08,30.5136,58.0123,author_assigned
toutkabon,96,2800000000.0,6205082.135523614,17627096.530768268,410.0,2.0,Rudbar,رودبار,IR-01,36.838,49.5468,author_assigned
eqlid,94,1345000000.0,6595238.095238095,14081868.02457254,207.5,2.0,Eqlid,اقلید,IR-07,30.6616,52.3637,name_match
polsefid,94,1500000000.0,8856209.150326796,14720945.018559365,180.0,2.0,Savadkuh,سوادکوه,IR-02,36.0862,52.9667,author_assigned
otaghvar,91,1700000000.0,6071428.571428572,13282843.928438053,212.0,2.0,Langarud,لنگرود,IR-01,37.1622,50.1635,author_assigned
farahabad,91,2000000000.0,14248704.663212435,15359115.231114142,196.0,2.0,Sari,ساری,IR-02,36.4932,53.1103,author_assigned
tulam-shahr,89,2000000000.0,5500000.0,14931509.628568985,210.0,2.0,Sowme'eh Sara,صومعه سرا,IR-01,37.3699,49.3455,author_assigned
delijan,88,2000000000.0,20740963.855421685,21377181.636691622,100.0,2.0,Delijan,دلیجان,IR-00,34.0365,50.7859,name_match
germi,87,880000000.0,6159420.289855072,9813551.666237917,180.0,2.0,Germi,گرمی,IR-24,39.0185,48.1069,name_match
kilan,87,3000000000.0,10000000.0,31117431.3472376,302.0,2.0,Damavand,دماوند,IR-23,35.6181,52.1841,author_assigned
shanderman,85,2400000000.0,8680851.063829787,14654605.371494094,260.0,2.0,Masal,ماسال,IR-01,37.3698,48.9921,author_assigned
kabudrahang,83,1300000000.0,12000000.0,14322893.479502598,160.0,2.0,Kabutarahang,کبودرآهنگ,IR-13,35.3294,48.3784,author_assigned
galougah-babol,82,1500000000.0,5000000.0,11319151.70624008,200.0,2.0,Babol,بابل,IR-02,36.2807,52.6296,author_assigned
molkabad,81,850000000.0,8750000.0,12202920.852488996,165.0,2.0,,,,,,unassigned
lisar,80,2500000000.0,6249382.716049382,19564727.81122803,233.0,2.0,Talesh,طوالش,IR-01,37.9283,48.8776,author_assigned
shirud,78,4000000000.0,12000000.0,21874719.726812568,231.5,3.0,Tonekabon,تنکابن,IR-02,36.6574,50.813,author_assigned
loulman,78,1620000000.0,4291666.666666666,16850804.97614897,217.5,2.0,Fuman,فومن,IR-01,37.1561,49.1316,author_assigned
ghamsar,76,2300000000.0,11237373.737373738,19033172.913488783,220.0,2.0,Kashan,کاشان,IR-10,33.9731,51.2616,author_assigned
gourab-zarmikh,75,2500000000.0,5172413.793103448,16607425.238011602,250.0,2.0,Sowme'eh Sara,صومعه سرا,IR-01,37.3699,49.3455,author_assigned
harsin,73,1600000000.0,14705882.352941176,15230924.601332383,130.0,2.0,Harsin,هرسین,IR-05,34.3355,47.5331,name_match
juybar,71,1250000000.0,12500000.0,13951087.865042644,125.0,2.0,Juybar,جویبار,IR-02,36.7725,52.9178,name_match
taybad,70,690000000.0,4739377.470355731,8736128.25237402,135.0,2.0,Taybad,تایباد,IR-09,34.7448,60.6628,name_match
mehran,68,805000000.0,5411253.115553906,8114025.325644217,180.0,2.0,Mehran,مهران,IR-16,33.2646,46.2851,name_match
marzikola,66,2100000000.0,6803964.757709252,17585217.362137735,200.0,2.0,Babol,بابل,IR-02,36.2807,52.6296,author_assigned
shelman,65,2200000000.0,19402985.074626867,18857867.743906494,151.0,2.0,Langarud,لنگرود,IR-01,37.1622,50.1635,author_assigned
ramiyan,65,1100000000.0,4200000.0,8455347.721554914,240.0,2.0,Ramian,رامیان,IR-27,36.9656,55.1033,name_match
bafq,64,980000000.0,5000000.0,8465362.693405736,190.0,2.0,Bafq,بافق,IR-21,31.6459,55.468,name_match
ramshir,64,1535000000.0,9096695.557963165,14253483.439655935,150.0,2.0,Ramshir,رامشیر,IR-06,30.9549,49.383,name_match
namin,63,1850000000.0,15000000.0,15881770.431901898,141.0,2.0,Namin,نمین,IR-24,38.387,48.4285,name_match
hamidiyeh,63,800000000.0,5777777.777777778,22853072.60105499,205.0,2.0,Hamidieh,حمیدیه,IR-06,31.4942,48.4844,name_match
dabudasht,63,1970000000.0,16296296.296296297,16510931.450390192,156.0,2.0,Amol,آمل,IR-02,36.2159,52.3079,author_assigned
kiakola,62,1890000000.0,5308695.652173913,13461909.95169272,200.0,2.0,Simorgh,سیمرغ,IR-02,36.5768,52.8073,author_assigned
farrokhshahr,60,2000000000.0,12500000.0,14145089.927524626,178.5,2.0,Sharekurd,شهرکرد,IR-14,32.3051,50.8385,author_assigned
bahnamir,60,2290000000.0,9500000.0,17945684.790391583,150.0,2.0,Babolsar,بابلسر,IR-02,36.8239,52.7007,author_assigned
zahak,59,425000000.0,1500000.0,4315020.112695936,200.0,2.0,Zehak,زهک,IR-11,30.8118,61.6329,author_assigned
deylaman,59,1800000000.0,4047619.047619048,15454208.37565689,339.0,2.0,Siahkal,سیاهکل,IR-01,36.9322,49.8703,author_assigned
hamidia,55,2400000000.0,14117647.05882353,16815500.474112466,150.0,2.0,Hamidieh,حمیدیه,IR-06,31.4942,48.4844,author_assigned
semirom,53,1300000000.0,10233918.12865497,13536487.59589824,160.0,2.0,Semirom,سمیرم,IR-10,31.2816,51.6464,name_match
tahergurab,52,2000000000.0,4700000.0,16633772.45394915,280.0,2.0,Sowme'eh Sara,صومعه سرا,IR-01,37.3699,49.3455,author_assigned
bisotun,51,1400000000.0,6500000.0,11835539.815345382,165.0,2.0,Harsin,هرسین,IR-05,34.3355,47.5331,author_assigned
aalasht,51,1400000000.0,6000000.0,11150362.128593553,192.0,2.0,,,,,,unassigned
kiasar,50,930000000.0,3000000.0,7330127.674780755,222.0,3.0,Sari,ساری,IR-02,36.4932,53.1103,author_assigned
abali,49,4950000000.0,20000000.0,30471670.610854,225.0,2.0,,,,,,unassigned
hendijan,49,1000000000.0,10000000.0,17168006.29278931,140.0,2.0,Hendijan,هندیجان,IR-06,30.104,49.7723,name_match
pool,48,2100000000.0,5604066.60262568,15850496.270336607,333.5,2.0,,,,,,unassigned
khaf,47,1100000000.0,7500000.0,13617486.396590848,160.0,2.0,Khaf,خواف,IR-09,34.4356,60.0628,name_match
shemshak,47,8500000000.0,65853658.53658537,86006182.48286292,168.0,2.0,Shemiranat,شمیرانات,IR-23,35.9289,51.6112,author_assigned
reyneh,47,3000000000.0,13000000.0,34649246.6034361,240.0,2.5,Amol,آمل,IR-02,36.2159,52.3079,author_assigned
rudbar,47,1683000000.0,5000000.0,11896725.525531132,222.0,2.0,Rudbar,رودبار,IR-01,36.838,49.5468,name_match
bandar-gaz,47,1750000000.0,16447368.421052633,26819286.688836,120.0,2.0,Bandar-e-Gaz,بندر گز,IR-27,36.7978,53.9525,author_assigned
rankouh,46,2830000000.0,10000000.0,17571087.10809651,235.0,2.0,Amlash,املش,IR-01,36.9749,50.1431,author_assigned
saman-city,45,1100000000.0,2500000.0,11795926.574027125,260.0,2.0,Saman,سامان,IR-14,32.5514,50.896,name_match
sisakht,45,1400000000.0,4200000.0,7075990.15278943,450.0,3.0,Dena,دنا,IR-17,31.0425,51.2104,author_assigned
chamran-town,42,1975000000.0,15141666.666666668,26976736.55051757,120.0,2.0,,,,,,unassigned
ghorogh,40,1250000000.0,7007575.757575758,10204896.166719291,137.0,2.0,,,,,,unassigned
konarak,39,570000000.0,3428571.4285714286,4991021.646647596,200.0,2.0,Konarak,کنارک,IR-11,25.4202,60.1018,name_match
gomishan,39,1800000000.0,18333333.33333333,13355662.655359289,110.0,2.0,Gomishan,گمیشان,IR-27,37.1475,54.0063,name_match
khan-bin,39,900000000.0,5500000.0,9508216.010126216,200.0,2.0,,,,,,unassigned
shal,38,1212000000.0,4541666.666666667,10621487.079639507,158.5,2.0,Buin Zahra,بوئین زهرا,IR-26,35.8395,49.9889,author_assigned
kojur,37,1300000000.0,4000000.0,8167046.603133672,300.0,2.0,Nowshahr,نوشهر,IR-02,36.5647,51.7107,author_assigned
makloan,37,2900000000.0,9000000.0,28246450.35814715,330.0,2.0,,,,,,unassigned
sorkhan-kalateh,37,1200000000.0,4000000.0,8337928.748806997,285.0,2.0,,,,,,unassigned
manjil,37,1250000000.0,12162162.162162162,12561532.503486956,100.0,2.0,Rudbar,رودبار,IR-01,36.838,49.5468,author_assigned
ziyabar,35,2500000000.0,7640750.670241287,19842150.83507349,298.0,2.0,Sowme'eh Sara,صومعه سرا,IR-01,37.3699,49.3455,author_assigned
bardaskan,34,875000000.0,6781250.0,8976072.901419647,155.0,2.0,Bardaskan,بردسکن,IR-09,35.1401,57.4343,name_match
piranshahr,34,829000000.0,8951219.512195121,12054819.092048869,109.5,1.5,Piranshahr,پیرانشهر,IR-04,36.6808,45.2976,name_match
lavandevil,34,1925000000.0,6833333.333333334,20364497.06185052,275.0,2.0,Astara,آستارا,IR-01,38.3548,48.8531,author_assigned
barah-sar,32,1490000000.0,4301282.051282051,12297971.110601828,288.5,2.0,,,,,,unassigned
akand,31,2000000000.0,6340057.636887608,23306021.619385596,290.0,2.0,,,,,,unassigned
khoshroud-pey,31,1500000000.0,6844106.463878327,10298465.214002952,198.0,2.0,,,,,,unassigned
sourek,31,935000000.0,4000000.0,6241050.186155382,230.0,2.0,,,,,,unassigned
takht,31,500000000.0,1233333.3333333333,5621613.165154029,300.0,2.0,,,,,,unassigned
paeen-holar,29,2400000000.0,5000000.0,33053852.00859303,220.0,2.0,,,,,,unassigned
amirkala,29,2200000000.0,24285714.285714287,21943783.45775916,114.0,2.0,,,,,,unassigned
baladeh,29,2000000000.0,6666666.666666667,18176624.736608468,180.0,2.0,,,,,,unassigned
hadi-shahr,29,1580000000.0,7181818.181818182,14969579.695140524,200.0,2.0,,,,,,unassigned
zargarshahr,28,2100000000.0,13500000.0,16390967.045600727,233.0,2.0,,,,,,unassigned
galugah-babol,28,1400000000.0,5500000.0,10354750.96794355,200.0,3.0,Babol,بابل,IR-02,36.2807,52.6296,author_assigned
gahvareh,27,820000000.0,7303370.786516854,10615352.07857377,190.0,2.0,,,,,,unassigned
dalkhani,26,3825000000.0,13664874.551971326,26867563.28023501,250.0,2.0,,,,,,unassigned
farim,26,1137500000.0,4457692.307692308,9251422.187297206,300.0,3.0,,,,,,unassigned
mohr,25,455000000.0,1666666.6666666667,7043528.533376655,270.0,2.0,Mohr,مهر,IR-07,27.6856,52.6703,name_match
haviq,25,2100000000.0,7000000.0,21438501.68118544,200.0,2.0,,,,,,unassigned
gazanak,25,1600000000.0,7491467.576791809,20556734.36501589,200.0,2.0,,,,,,unassigned
loshan,24,1395000000.0,17125000.0,17640827.958418835,101.5,1.0,,,,,,unassigned
babakan,24,962500000.0,5588235.294117647,11507798.389636489,200.0,2.0,,,,,,unassigned
kouhi-kheyl,23,1630000000.0,7874396.1352657,15357754.899496771,200.0,2.0,,,,,,unassigned
vajargah,22,2700000000.0,10172413.793103447,13342278.544142572,249.0,2.0,,,,,,unassigned
hormuz,22,1250000000.0,5258358.662613982,9050144.028359609,181.5,3.0,,,,,,unassigned
chobar,20,1900000000.0,9500000.0,27543389.800557222,252.0,2.0,,,,,,unassigned
sardasht,19,1250000000.0,10000000.0,12706293.53115275,140.0,1.0,Sardasht,سردشت,IR-04,36.1585,45.493,name_match
jirandeh,19,2000000000.0,16923076.923076924,24957498.099105056,180.0,2.0,,,,,,unassigned
nodeh-khandoz,19,1300000000.0,14666666.666666666,16747970.524709033,150.0,2.0,,,,,,unassigned
dargahan,18,2275000000.0,14823529.411764706,20338436.05001964,203.5,2.5,,,,,,unassigned
jelin,16,800000000.0,4000000.0,5581352.645488298,132.5,1.0,,,,,,unassigned
rostamkola,15,695000000.0,3000000.0,6092791.037965026,200.0,2.0,,,,,,unassigned
negin-shahr,14,1050000000.0,6942244.224422442,9314235.54570343,175.0,2.0,,,,,,unassigned
oshnavieh,14,2075000000.0,10340909.09090909,12407894.85793196,207.5,2.0,Oshnavieh,اشنویه,IR-04,37.0802,45.0229,name_match
arjmand,14,1550000000.0,5583333.333333334,5504264.517637405,379.0,1.0,,,,,,unassigned
sadegh-abad,14,960000000.0,11010040.160642572,13289836.089128496,125.0,2.0,,,,,,unassigned
arateh,13,1400000000.0,3571428.571428572,3540071.80937874,505.0,,,,,,,unassigned
mazrae-katool,13,1100000000.0,4500000.0,8488733.683477512,208.0,2.0,,,,,,unassigned
masuleh,13,4500000000.0,11250000.0,27259948.29109484,150.0,2.0,,,,,,unassigned
daland,12,1420000000.0,17500000.0,14753059.35069493,129.5,2.5,,,,,,unassigned
alghajar,12,789500000.0,3458525.3456221195,6798123.991799294,200.0,2.0,,,,,,unassigned
faragi,10,675000000.0,2336943.620178041,4771259.9816801455,257.5,2.0,,,,,,unassigned
gatab,10,1465000000.0,7887596.899224807,13957620.389934862,207.5,3.0,,,,,,unassigned
nokandeh,10,1425000000.0,5107142.857142857,10927267.883400608,214.0,2.0,,,,,,unassigned
khalil-shahr,9,800000000.0,2465753.4246575343,5222677.454989293,200.0,1.5,,,,,,unassigned
astaneh-sara,9,1300000000.0,14705882.352941176,14841438.42706842,85.0,2.0,,,,,,unassigned
boluk,8,675000000.0,3619047.6190476194,7401647.97036268,210.0,2.5,,,,,,unassigned
sijval,6,475000000.0,1434397.163120567,1610539.7951142632,267.5,,,,,,,unassigned
tabaghdeh,6,1675000000.0,6942190.669371197,14739090.01148352,225.0,1.5,,,,,,unassigned
simin-shahr,6,1600000000.0,13055555.555555556,13463267.376966009,165.0,2.5,,,,,,unassigned
khour,5,350000000.0,257142.85714285716,17277750.038082294,700.0,3.0,,,,,,unassigned
inche-borun,4,1950000000.0,7437500.0,8635416.666666666,180.0,3.0,,,,,,unassigned
dozin,4,925000000.0,6750000.0,6672794.117647059,300.0,2.5,,,,,,unassigned
sangdovin,4,1075000000.0,4020895.52238806,7304892.205638474,145.5,1.5,,,,,,unassigned
goli-dagh,3,1500000000.0,9230769.23076923,9743589.743589744,260.0,1.0,,,,,,unassigned
qasemabad-khaf,3,300000000.0,1415094.3396226414,3579176.745686179,130.0,2.0,,,,,,unassigned
maraveh-tapeh,2,530555555.5,1765432.098611111,1765432.098611111,330.0,5.0,Maraveh Tappeh,مراوه تپه,IR-27,37.8198,55.8897,name_match
yanghagh,1,4444444.0,54869.67901234568,54869.67901234568,81.0,3.0,,,,,,unassigned
anbaralum,1,850000000.0,8500000.0,8500000.0,100.0,2.0,,,,,,unassigned
tatar-olya,1,1200000000.0,3703703.703703704,3703703.703703704,324.0,,,,,,,unassigned
