city_slug,listings_2021,ppm2_2021,listings_2024,ppm2_2024,growth_multiple
pardis-city,145,7471264.3678160915,7801,29523809.52380952,3.9516483516483514
qods-city,74,8726851.85185185,2144,30000000.0,3.437665782493369
parand-city,126,5320000.0,5533,15733333.333333334,2.9573934837092732
shahriar-city,12,11276041.666666668,3376,32000000.0,2.8378752886836023
kahrizak,16,11023809.523809524,677,30500000.0,2.7667386609071274
pakdasht-city,26,7386363.636363637,2034,19230769.230769232,2.603550295857988
eslamshahr,40,12533444.816053512,4151,32352941.17647059,2.581328728956559
damavand,23,9444444.444444444,1889,22117647.05882353,2.3418685121107266
andisheh-new-town,83,12631578.94736842,15154,29533066.86046512,2.338034459786822
golestan-baharestan,16,11188679.245283019,927,23214285.714285716,2.0748012527101904
rudehen,11,14250000.0,1130,28915830.54626533,2.029181090965988
