t,jalali_year,jalali_month,date,cbi,transactions,cbi_quality,cbi_source,kilid,cbi_yoy,kilid_mom
0,1395,1,2016-03-20,4089000.0,,official_series_transcribed,https://github.com/amiralimadadi/Regression_TheranHousing/blob/ac6a6406f2c5507ab9a905859efc1b61cb4d17c1/TehranHousingPriceBackground.csv,,,
1,1395,2,2016-04-20,4287000.0,,official_series_transcribed,https://github.com/amiralimadadi/Regression_TheranHousing/blob/ac6a6406f2c5507ab9a905859efc1b61cb4d17c1/TehranHousingPriceBackground.csv,,,
2,1395,3,2016-05-21,4328000.0,,official_series_transcribed,https://github.com/amiralimadadi/Regression_TheranHousing/blob/ac6a6406f2c5507ab9a905859efc1b61cb4d17c1/TehranHousingPriceBackground.csv,,,
3,1395,4,2016-06-21,4350000.0,,official_series_transcribed,https://github.com/amiralimadadi/Regression_TheranHousing/blob/ac6a6406f2c5507ab9a905859efc1b61cb4d17c1/TehranHousingPriceBackground.csv,,,
4,1395,5,2016-07-22,4391000.0,,official_series_transcribed,https://github.com/amiralimadadi/Regression_TheranHousing/blob/ac6a6406f2c5507ab9a905859efc1b61cb4d17c1/TehranHousingPriceBackground.csv,,,
5,1395,6,2016-08-22,4335000.0,,official_series_transcribed,https://github.com/amiralimadadi/Regression_TheranHousing/blob/ac6a6406f2c5507ab9a905859efc1b61cb4d17c1/TehranHousingPriceBackground.csv,,,
6,1395,7,2016-09-22,4370000.0,,official_series_transcribed,https://github.com/amiralimadadi/Regression_TheranHousing/blob/ac6a6406f2c5507ab9a905859efc1b61cb4d17c1/TehranHousingPriceBackground.csv,,,
7,1395,8,2016-10-22,4410000.0,,official_series_transcribed,https://github.com/amiralimadadi/Regression_TheranHousing/blob/ac6a6406f2c5507ab9a905859efc1b61cb4d17c1/TehranHousingPriceBackground.csv,,,
8,1395,9,2016-11-21,4429000.0,,official_series_transcribed,https://github.com/amiralimadadi/Regression_TheranHousing/blob/ac6a6406f2c5507ab9a905859efc1b61cb4d17c1/TehranHousingPriceBackground.csv,,,
9,1395,10,2016-12-21,4493000.0,,official_series_transcribed,https://github.com/amiralimadadi/Regression_TheranHousing/blob/ac6a6406f2c5507ab9a905859efc1b61cb4d17c1/TehranHousingPriceBackground.csv,,,
10,1395,11,2017-01-20,4502000.0,,official_series_transcribed,https://github.com/amiralimadadi/Regression_TheranHousing/blob/ac6a6406f2c5507ab9a905859efc1b61cb4d17c1/TehranHousingPriceBackground.csv,,,
11,1395,12,2017-02-19,4567000.0,,official_series_transcribed,https://github.com/amiralimadadi/Regression_TheranHousing/blob/ac6a6406f2c5507ab9a905859efc1b61cb4d17c1/TehranHousingPriceBackground.csv,,,
12,1396,1,2017-03-21,4267700.0,,official_series_transcribed,https://github.com/amiralimadadi/Regression_TheranHousing/blob/ac6a6406f2c5507ab9a905859efc1b61cb4d17c1/TehranHousingPriceBackground.csv,,0.04370261677671805,
13,1396,2,2017-04-21,4435000.0,,official_series_transcribed,https://github.com/amiralimadadi/Regression_TheranHousing/blob/ac6a6406f2c5507ab9a905859efc1b61cb4d17c1/TehranHousingPriceBackground.csv,,0.03452297644040114,
14,1396,3,2017-05-22,4465600.0,,official_series_transcribed,https://github.com/amiralimadadi/Regression_TheranHousing/blob/ac6a6406f2c5507ab9a905859efc1b61cb4d17c1/TehranHousingPriceBackground.csv,,0.031792975970425186,
15,1396,4,2017-06-22,4521900.0,,official_series_transcribed,https://github.com/amiralimadadi/Regression_TheranHousing/blob/ac6a6406f2c5507ab9a905859efc1b61cb4d17c1/TehranHousingPriceBackground.csv,,0.03951724137931034,
16,1396,5,2017-07-23,4566200.0,,official_series_transcribed,https://github.com/amiralimadadi/Regression_TheranHousing/blob/ac6a6406f2c5507ab9a905859efc1b61cb4d17c1/TehranHousingPriceBackground.csv,,0.0398997950352995,
17,1396,6,2017-08-23,4650000.0,,official_series_transcribed,https://github.com/amiralimadadi/Regression_TheranHousing/blob/ac6a6406f2c5507ab9a905859efc1b61cb4d17c1/TehranHousingPriceBackground.csv,,0.0726643598615917,
18,1396,7,2017-09-23,4692100.0,,official_series_transcribed,https://github.com/amiralimadadi/Regression_TheranHousing/blob/ac6a6406f2c5507ab9a905859efc1b61cb4d17c1/TehranHousingPriceBackground.csv,,0.0737070938215103,
19,1396,8,2017-10-23,4792900.0,,official_series_transcribed,https://github.com/amiralimadadi/Regression_TheranHousing/blob/ac6a6406f2c5507ab9a905859efc1b61cb4d17c1/TehranHousingPriceBackground.csv,,0.08682539682539692,
20,1396,9,2017-11-22,4982100.0,,official_series_transcribed,https://github.com/amiralimadadi/Regression_TheranHousing/blob/ac6a6406f2c5507ab9a905859efc1b61cb4d17c1/TehranHousingPriceBackground.csv,,0.12488146308421766,
21,1396,10,2017-12-22,5124700.0,,official_series_transcribed,https://github.com/amiralimadadi/Regression_TheranHousing/blob/ac6a6406f2c5507ab9a905859efc1b61cb4d17c1/TehranHousingPriceBackground.csv,,0.14059648341865127,
22,1396,11,2018-01-21,5384900.0,,official_series_transcribed,https://github.com/amiralimadadi/Regression_TheranHousing/blob/ac6a6406f2c5507ab9a905859efc1b61cb4d17c1/TehranHousingPriceBackground.csv,,0.19611283873833862,
23,1396,12,2018-02-20,5638600.0,,official_series_transcribed,https://github.com/amiralimadadi/Regression_TheranHousing/blob/ac6a6406f2c5507ab9a905859efc1b61cb4d17c1/TehranHousingPriceBackground.csv,,0.2346398073133349,
24,1397,1,2018-03-21,5528000.0,,official_series_transcribed,https://github.com/amiralimadadi/Regression_TheranHousing/blob/ac6a6406f2c5507ab9a905859efc1b61cb4d17c1/TehranHousingPriceBackground.csv,,0.29531129179651794,
25,1397,2,2018-04-21,5978000.0,,official_series_transcribed,https://github.com/amiralimadadi/Regression_TheranHousing/blob/ac6a6406f2c5507ab9a905859efc1b61cb4d17c1/TehranHousingPriceBackground.csv,,0.3479143179255919,
26,1397,3,2018-05-22,6510000.0,,official_series_transcribed,https://github.com/amiralimadadi/Regression_TheranHousing/blob/ac6a6406f2c5507ab9a905859efc1b61cb4d17c1/TehranHousingPriceBackground.csv,,0.45781082049444644,
27,1397,4,2018-06-22,6973000.0,,official_series_transcribed,https://github.com/amiralimadadi/Regression_TheranHousing/blob/ac6a6406f2c5507ab9a905859efc1b61cb4d17c1/TehranHousingPriceBackground.csv,,0.5420509078042415,
28,1397,5,2018-07-23,7399900.0,,official_series_transcribed,https://github.com/amiralimadadi/Regression_TheranHousing/blob/ac6a6406f2c5507ab9a905859efc1b61cb4d17c1/TehranHousingPriceBackground.csv,,0.6205816652796636,
29,1397,6,2018-08-23,8095700.0,,official_series_transcribed,https://github.com/amiralimadadi/Regression_TheranHousing/blob/ac6a6406f2c5507ab9a905859efc1b61cb4d17c1/TehranHousingPriceBackground.csv,,0.741010752688172,
30,1397,7,2018-09-23,8510000.0,,official_series_transcribed,https://github.com/amiralimadadi/Regression_TheranHousing/blob/ac6a6406f2c5507ab9a905859efc1b61cb4d17c1/TehranHousingPriceBackground.csv,,0.8136868353189404,
31,1397,8,2018-10-23,9179400.0,,official_series_transcribed,https://github.com/amiralimadadi/Regression_TheranHousing/blob/ac6a6406f2c5507ab9a905859efc1b61cb4d17c1/TehranHousingPriceBackground.csv,,0.915207911702727,
32,1397,9,2018-11-22,9554700.0,,official_series_transcribed,https://github.com/amiralimadadi/Regression_TheranHousing/blob/ac6a6406f2c5507ab9a905859efc1b61cb4d17c1/TehranHousingPriceBackground.csv,,0.9178057445655448,
33,1397,10,2018-12-22,9797300.0,,official_series_transcribed,https://github.com/amiralimadadi/Regression_TheranHousing/blob/ac6a6406f2c5507ab9a905859efc1b61cb4d17c1/TehranHousingPriceBackground.csv,,0.9117802017679084,
34,1397,11,2019-01-21,9967200.0,,official_series_transcribed,https://github.com/amiralimadadi/Regression_TheranHousing/blob/ac6a6406f2c5507ab9a905859efc1b61cb4d17c1/TehranHousingPriceBackground.csv,,0.8509535924529703,
35,1397,12,2019-02-20,10901126.0,,official_series_transcribed,https://github.com/amiralimadadi/Regression_TheranHousing/blob/ac6a6406f2c5507ab9a905859efc1b61cb4d17c1/TehranHousingPriceBackground.csv,,0.9333036569361188,
36,1398,1,2019-03-21,11269100.0,,official_series_transcribed,https://github.com/amiralimadadi/Regression_TheranHousing/blob/ac6a6406f2c5507ab9a905859efc1b61cb4d17c1/TehranHousingPriceBackground.csv,,1.0385492040520985,
37,1398,2,2019-04-21,12672500.0,,official_series_transcribed,https://github.com/amiralimadadi/Regression_TheranHousing/blob/ac6a6406f2c5507ab9a905859efc1b61cb4d17c1/TehranHousingPriceBackground.csv,,1.1198561391769823,
38,1398,3,2019-05-22,13299700.0,,official_series_transcribed,https://github.com/amiralimadadi/Regression_TheranHousing/blob/ac6a6406f2c5507ab9a905859efc1b61cb4d17c1/TehranHousingPriceBackground.csv,,1.0429646697388635,
39,1398,4,2019-06-22,13351200.0,,official_series_transcribed,https://github.com/amiralimadadi/Regression_TheranHousing/blob/ac6a6406f2c5507ab9a905859efc1b61cb4d17c1/TehranHousingPriceBackground.csv,,0.9146995554280797,
40,1398,5,2019-07-23,13025900.0,,official_series_transcribed,https://github.com/amiralimadadi/Regression_TheranHousing/blob/ac6a6406f2c5507ab9a905859efc1b61cb4d17c1/TehranHousingPriceBackground.csv,,0.7602805443316802,
41,1398,6,2019-08-23,12667700.0,,official_series_transcribed,https://github.com/amiralimadadi/Regression_TheranHousing/blob/ac6a6406f2c5507ab9a905859efc1b61cb4d17c1/TehranHousingPriceBackground.csv,,0.5647442469459096,
42,1398,7,2019-09-23,12715700.0,,official_series_transcribed,https://github.com/amiralimadadi/Regression_TheranHousing/blob/ac6a6406f2c5507ab9a905859efc1b61cb4d17c1/TehranHousingPriceBackground.csv,,0.4942068155111634,
43,1398,8,2019-10-23,12463700.0,,official_series_transcribed,https://github.com/amiralimadadi/Regression_TheranHousing/blob/ac6a6406f2c5507ab9a905859efc1b61cb4d17c1/TehranHousingPriceBackground.csv,,0.35779026951652604,
44,1398,9,2019-11-22,13525700.0,,official_series_transcribed,https://github.com/amiralimadadi/Regression_TheranHousing/blob/ac6a6406f2c5507ab9a905859efc1b61cb4d17c1/TehranHousingPriceBackground.csv,,0.4156069787643777,
45,1398,10,2019-12-22,13882700.0,,official_series_transcribed,https://github.com/amiralimadadi/Regression_TheranHousing/blob/ac6a6406f2c5507ab9a905859efc1b61cb4d17c1/TehranHousingPriceBackground.csv,,0.4169924366917417,
46,1398,11,2020-01-21,14397000.0,,official_series_transcribed,https://github.com/amiralimadadi/Regression_TheranHousing/blob/ac6a6406f2c5507ab9a905859efc1b61cb4d17c1/TehranHousingPriceBackground.csv,,0.44443775583915235,
47,1398,12,2020-02-20,15658800.0,,official_series_transcribed,https://github.com/amiralimadadi/Regression_TheranHousing/blob/ac6a6406f2c5507ab9a905859efc1b61cb4d17c1/TehranHousingPriceBackground.csv,,0.43643876788507896,
48,1399,1,2020-03-20,15295900.0,,official_series_transcribed,https://github.com/amiralimadadi/Regression_TheranHousing/blob/ac6a6406f2c5507ab9a905859efc1b61cb4d17c1/TehranHousingPriceBackground.csv,,0.35733110896167397,
49,1399,2,2020-04-20,16972700.0,,official_series_transcribed,https://github.com/amiralimadadi/Regression_TheranHousing/blob/ac6a6406f2c5507ab9a905859efc1b61cb4d17c1/TehranHousingPriceBackground.csv,,0.33933320181495374,
50,1399,3,2020-05-21,19071900.0,,official_series_transcribed,https://github.com/amiralimadadi/Regression_TheranHousing/blob/ac6a6406f2c5507ab9a905859efc1b61cb4d17c1/TehranHousingPriceBackground.csv,,0.4340097896945043,
51,1399,4,2020-06-21,20986100.0,,official_series_transcribed,https://github.com/amiralimadadi/Regression_TheranHousing/blob/ac6a6406f2c5507ab9a905859efc1b61cb4d17c1/TehranHousingPriceBackground.csv,,0.5718512193660494,
52,1399,5,2020-07-22,23107800.0,,official_series_transcribed,https://github.com/amiralimadadi/Regression_TheranHousing/blob/ac6a6406f2c5507ab9a905859efc1b61cb4d17c1/TehranHousingPriceBackground.csv,,0.7739887454993513,
53,1399,6,2020-08-22,24288100.0,,official_series_transcribed,https://github.com/amiralimadadi/Regression_TheranHousing/blob/ac6a6406f2c5507ab9a905859efc1b61cb4d17c1/TehranHousingPriceBackground.csv,,0.9173251655785974,
54,1399,7,2020-09-22,26720000.0,,official_series_transcribed,https://github.com/amiralimadadi/Regression_TheranHousing/blob/ac6a6406f2c5507ab9a905859efc1b61cb4d17c1/TehranHousingPriceBackground.csv,,1.1013392892251312,
55,1399,8,2020-10-22,27193100.0,,official_series_transcribed,https://github.com/amiralimadadi/Regression_TheranHousing/blob/ac6a6406f2c5507ab9a905859efc1b61cb4d17c1/TehranHousingPriceBackground.csv,,1.1817839004468977,
56,1399,9,2020-11-21,26905500.0,,official_series_transcribed,https://github.com/amiralimadadi/Regression_TheranHousing/blob/ac6a6406f2c5507ab9a905859efc1b61cb4d17c1/TehranHousingPriceBackground.csv,,0.989213127601529,
57,1399,10,2020-12-21,27386000.0,,official_series_transcribed,https://github.com/amiralimadadi/Regression_TheranHousing/blob/ac6a6406f2c5507ab9a905859efc1b61cb4d17c1/TehranHousingPriceBackground.csv,,0.9726710222074957,
58,1399,11,2021-01-20,28398100.0,,official_series_transcribed,https://github.com/amiralimadadi/Regression_TheranHousing/blob/ac6a6406f2c5507ab9a905859efc1b61cb4d17c1/TehranHousingPriceBackground.csv,,0.9725012155310133,
59,1399,12,2021-02-19,30274700.0,,official_series_transcribed,https://github.com/amiralimadadi/Regression_TheranHousing/blob/ac6a6406f2c5507ab9a905859efc1b61cb4d17c1/TehranHousingPriceBackground.csv,,0.9333984724244515,
60,1400,1,2021-03-21,,,,,,,
61,1400,2,2021-04-21,,,,,,,
62,1400,3,2021-05-22,,,,,,,
63,1400,4,2021-06-22,,,,,,,
64,1400,5,2021-07-23,,,,,,,
65,1400,6,2021-08-23,31703400.0,7789.0,scale_inferred_crosschecked,https://d-learn.ir/wp-content/uploads/2023/01/cbi_houseprice_tehran.csv,,0.30530589053898827,
66,1400,7,2021-09-23,31631100.0,5471.0,scale_inferred_crosschecked,https://d-learn.ir/wp-content/uploads/2023/01/cbi_houseprice_tehran.csv,,0.1837986526946107,
67,1400,8,2021-10-23,32009000.0,7304.0,scale_inferred_crosschecked,https://d-learn.ir/wp-content/uploads/2023/01/cbi_houseprice_tehran.csv,,0.17710007318032894,
68,1400,9,2021-11-22,32590800.0,9772.0,scale_inferred_crosschecked,https://d-learn.ir/wp-content/uploads/2023/01/cbi_houseprice_tehran.csv,,0.21130623850142172,
69,1400,10,2021-12-22,32936400.0,9816.0,scale_inferred_crosschecked,https://d-learn.ir/wp-content/uploads/2023/01/cbi_houseprice_tehran.csv,,0.20267289856130866,
70,1400,11,2022-01-21,33056200.0,8532.0,scale_inferred_crosschecked,https://d-learn.ir/wp-content/uploads/2023/01/cbi_houseprice_tehran.csv,,0.16402857937678927,
71,1400,12,2022-02-20,35120000.0,6834.0,scale_inferred_crosschecked,https://d-learn.ir/wp-content/uploads/2023/01/cbi_houseprice_tehran.csv,,0.16004452562700866,
72,1401,1,2022-03-21,34272700.0,3427.0,scale_inferred_crosschecked,https://d-learn.ir/wp-content/uploads/2023/01/cbi_houseprice_tehran.csv,,,
73,1401,2,2022-04-21,36351500.0,10490.0,scale_inferred_crosschecked,https://d-learn.ir/wp-content/uploads/2023/01/cbi_houseprice_tehran.csv,,,
74,1401,3,2022-05-22,39414500.0,13874.0,scale_inferred_crosschecked,https://d-learn.ir/wp-content/uploads/2023/01/cbi_houseprice_tehran.csv,,,
75,1401,4,2022-06-22,41704900.0,10294.0,scale_inferred_crosschecked,https://d-learn.ir/wp-content/uploads/2023/01/cbi_houseprice_tehran.csv,,,
76,1401,5,2022-07-23,42729900.0,7825.0,scale_inferred_crosschecked,https://d-learn.ir/wp-content/uploads/2023/01/cbi_houseprice_tehran.csv,,,
77,1401,6,2022-08-23,43216900.0,6033.0,scale_inferred_crosschecked,https://d-learn.ir/wp-content/uploads/2023/01/cbi_houseprice_tehran.csv,,0.3631629415141593,
78,1401,7,2022-09-23,43724900.0,5416.0,scale_inferred_crosschecked,https://d-learn.ir/wp-content/uploads/2023/01/cbi_houseprice_tehran.csv,,0.38233890063892817,
79,1401,8,2022-10-23,46704800.0,8005.0,scale_inferred_crosschecked,https://d-learn.ir/wp-content/uploads/2023/01/cbi_houseprice_tehran.csv,,0.45911462401199654,
80,1401,9,2022-11-22,48073700.0,10184.0,scale_inferred_crosschecked,https://d-learn.ir/wp-content/uploads/2023/01/cbi_houseprice_tehran.csv,,0.4750696515581083,
81,1401,10,2022-12-22,,,,,,,
82,1401,11,2023-01-21,,,,,,,
83,1401,12,2023-02-20,,,,,,,
84,1402,1,2023-03-21,,,,,,,
85,1402,2,2023-04-21,75320000.0,,secondary_report,https://sarmayesazan.com/blog/%D8%AA%D8%BA%DB%8C%DB%8C%D8%B1%D8%A7%D8%AA-%D8%A8%D8%A7%D8%B2%D8%A7%D8%B1-%D9%85%D8%B9%D8%A7%D9%85%D9%84%D8%A7%D8%AA-%D9%85%D8%B3%DA%A9%D9%86-%D8%B4%D9%87%D8%B1-%D8%AA%D9%87%D8%B1%D8%A7%D9%86-%D8%AF/,,1.0719915271721936,
86,1402,3,2023-05-22,78300000.0,,secondary_report,https://sarmayesazan.com/blog/%D9%85%D8%B9%D8%A7%D9%85%D9%84%D8%A7%D8%AA-%D9%85%D8%B3%DA%A9%D9%86-%D8%AA%D9%87%D8%B1%D8%A7%D9%86-%D8%AE%D8%B1%D8%AF%D8%A7%D8%AF-1403/,,0.9865785434294485,
87,1402,4,2023-06-22,76540000.0,,secondary_report,https://sarmayesazan.com/blog/%DA%AF%D8%B2%D8%A7%D8%B1%D8%B4-%D9%85%D8%B9%D8%A7%D9%85%D9%84%D8%A7%D8%AA-%D9%85%D8%B3%DA%A9%D9%86-%D8%AA%D9%87%D8%B1%D8%A7%D9%86-%D8%AA%DB%8C%D8%B1-1403-%D8%AA%D8%AD%D9%84%DB%8C%D9%84-%D8%AC%D8%A7/,,0.8352759507875573,
88,1402,5,2023-07-23,75790000.0,,secondary_report,https://sarmayesazan.com/blog/%D9%85%D8%B9%D8%A7%D9%85%D9%84%D8%A7%D8%AA-%D9%85%D8%B3%DA%A9%D9%86-%D8%AA%D9%87%D8%B1%D8%A7%D9%86-%D9%85%D8%B1%D8%AF%D8%A7%D8%AF-1403/,,0.7736994469914509,
89,1402,6,2023-08-23,75330000.0,,secondary_report,https://tejaratnews.com/%D8%A8%D8%AE%D8%B4-%D9%85%D8%B3%DA%A9%D9%86-48/904124-%D9%82%DB%8C%D9%85%D8%AA-%D9%85%D8%B3%DA%A9%D9%86-%D8%AF%D8%B1-%D9%86%DB%8C%D9%85%D9%87-%D8%AF%D9%88%D9%85-%D8%B3%D8%A7%D9%84,,0.7430681053013983,
90,1402,7,2023-09-23,76000000.0,,rounded_secondary_report,https://tejaratnews.com/%D8%A8%D8%AE%D8%B4-%D9%85%D8%B3%DA%A9%D9%86-48/904124-%D9%82%DB%8C%D9%85%D8%AA-%D9%85%D8%B3%DA%A9%D9%86-%D8%AF%D8%B1-%D9%86%DB%8C%D9%85%D9%87-%D8%AF%D9%88%D9%85-%D8%B3%D8%A7%D9%84,,0.7381400529217905,
91,1402,8,2023-10-23,75770000.0,,secondary_report,https://otaghiranonline.ir/news/68538/%D8%AA%D9%88%D8%B1%D9%85-%D9%86%D9%82%D8%B7%D9%87-%D8%A8%D9%87-%D9%86%D9%82%D8%B7%D9%87-%D9%85%D8%B3%DA%A9%D9%86-%D8%AA%D9%87%D8%B1%D8%A7%D9%86-%D8%A8%D9%87-62-2-%D8%AF%D8%B1%D8%B5%D8%AF-%D8%B1%D8%B3%DB%8C%D8%AF,,0.6223171922372004,
92,1402,9,2023-11-22,74090000.0,,secondary_report,https://www.tasnimnews.com/fa/news/1402/10/03/3011261/%DA%A9%D8%A7%D9%87%D8%B4-2-2-%D8%AF%D8%B1%D8%B5%D8%AF%DB%8C-%D9%82%DB%8C%D9%85%D8%AA-%D9%85%D8%B3%DA%A9%D9%86-%D8%AF%D8%B1-%D8%A2%D8%B0%D8%B1%D9%85%D8%A7%D9%87-%D9%85%D8%AA%D9%88%D8%B3%D8%B7-%D9%82%DB%8C%D9%85%D8%AA-%D9%85%D8%B3%DA%A9%D9%86-%D8%AF%D8%B1-%D8%AA%D9%87%D8%B1%D8%A7%D9%86-74-%D9%85%DB%8C%D9%84%DB%8C%D9%88%D9%86-%D8%AA%D9%88%D9%85%D8%A7%D9%86-%D8%B4%D8%AF,,0.5411753203934793,
93,1402,10,2023-12-22,75390000.0,,secondary_report,https://tejaratnews.com/%D8%A8%D8%AE%D8%B4-%D9%85%D8%B3%DA%A9%D9%86-48/904124-%D9%82%DB%8C%D9%85%D8%AA-%D9%85%D8%B3%DA%A9%D9%86-%D8%AF%D8%B1-%D9%86%DB%8C%D9%85%D9%87-%D8%AF%D9%88%D9%85-%D8%B3%D8%A7%D9%84,,,
94,1402,11,2024-01-21,,,,,,,
95,1402,12,2024-02-20,81440000.0,,secondary_report,https://tejaratnews.com/%D8%A8%D8%AE%D8%B4-%D9%85%D8%B3%DA%A9%D9%86-48/904124-%D9%82%DB%8C%D9%85%D8%AA-%D9%85%D8%B3%DA%A9%D9%86-%D8%AF%D8%B1-%D9%86%DB%8C%D9%85%D9%87-%D8%AF%D9%88%D9%85-%D8%B3%D8%A7%D9%84,,,
96,1403,1,2024-03-20,81630000.0,,secondary_report,https://sarmayesazan.com/blog/%D8%AA%D8%BA%DB%8C%DB%8C%D8%B1%D8%A7%D8%AA-%D8%A8%D8%A7%D8%B2%D8%A7%D8%B1-%D9%85%D8%B9%D8%A7%D9%85%D9%84%D8%A7%D8%AA-%D9%85%D8%B3%DA%A9%D9%86-%D8%B4%D9%87%D8%B1-%D8%AA%D9%87%D8%B1%D8%A7%D9%86-%D8%AF/,,,
97,1403,2,2024-04-20,84750000.0,,secondary_report,https://sarmayesazan.com/blog/%D8%AA%D8%BA%DB%8C%DB%8C%D8%B1%D8%A7%D8%AA-%D8%A8%D8%A7%D8%B2%D8%A7%D8%B1-%D9%85%D8%B9%D8%A7%D9%85%D9%84%D8%A7%D8%AA-%D9%85%D8%B3%DA%A9%D9%86-%D8%B4%D9%87%D8%B1-%D8%AA%D9%87%D8%B1%D8%A7%D9%86-%D8%AF/,,0.12519915029208706,
98,1403,3,2024-05-21,85910000.0,,secondary_report,https://sarmayesazan.com/blog/%D9%85%D8%B9%D8%A7%D9%85%D9%84%D8%A7%D8%AA-%D9%85%D8%B3%DA%A9%D9%86-%D8%AA%D9%87%D8%B1%D8%A7%D9%86-%D8%AE%D8%B1%D8%AF%D8%A7%D8%AF-1403/,,0.09719029374201793,
99,1403,4,2024-06-21,87460000.0,,secondary_report,https://sarmayesazan.com/blog/%D9%85%D8%B9%D8%A7%D9%85%D9%84%D8%A7%D8%AA-%D9%85%D8%B3%DA%A9%D9%86-%D8%AA%D9%87%D8%B1%D8%A7%D9%86-%D9%85%D8%B1%D8%AF%D8%A7%D8%AF-1403/,,0.1426704990854455,
100,1403,5,2024-07-22,88500000.0,,secondary_report,https://sarmayesazan.com/blog/%D9%85%D8%B9%D8%A7%D9%85%D9%84%D8%A7%D8%AA-%D9%85%D8%B3%DA%A9%D9%86-%D8%AA%D9%87%D8%B1%D8%A7%D9%86-%D9%85%D8%B1%D8%AF%D8%A7%D8%AF-1403/,,0.16770022430399778,
101,1403,6,2024-08-22,,,,,,,
102,1403,7,2024-09-22,,,,,,,
103,1403,8,2024-10-22,,,,,,,
104,1403,9,2024-11-21,,,,,,,
105,1403,10,2024-12-21,,,,,,,
106,1403,11,2025-01-20,,,,,,,
107,1403,12,2025-02-19,,,,,,,
108,1404,1,2025-03-21,,,,,,,
109,1404,2,2025-04-21,,,,,,,
110,1404,3,2025-05-22,,,,,,,
111,1404,4,2025-06-22,,,,,,,
112,1404,5,2025-07-23,,,,,,,
113,1404,6,2025-08-23,,,,,98700000.0,,
114,1404,7,2025-09-23,,,,,100000000.0,,0.01317122593718345
115,1404,8,2025-10-23,,,,,101900000.0,,0.018999999999999906
116,1404,9,2025-11-22,,,,,105600000.0,,0.036310107948969605
117,1404,10,2025-12-22,,,,,110400000.0,,0.045454545454545414
118,1404,11,2026-01-21,,,,,119700000.0,,0.0842391304347827
119,1404,12,2026-02-20,,,,,126400000.0,,0.05597326649958223
120,1405,1,2026-03-21,,,,,135000000.0,,0.06803797468354422
121,1405,2,2026-04-21,,,,,161600000.0,,0.19703703703703712
122,1405,3,2026-05-22,,,,,185000000.0,,0.14480198019801982
123,1405,4,2026-06-22,,,,,195000000.0,,0.054054054054053946
124,1405,5,2026-07-23,,,,,210000000.0,,0.07692307692307687
