district,neighborhoods,listings,ppm2,ppm2_q25,ppm2_q75,price_median,size_median,build_year,elevator_share,parking_share,storage_share,rebuilt_share,top_slug,cheapest_slug,vs_tehran,rank,listings_2021,ppm2_2021,area_2021,reliable_2021,growth_multiple,listings_1405,ppm2_1405,ppm2_p25_1405,ppm2_p75_1405,price_median_1405,size_median_1405,rooms_median_1405,build_year_1405,parking_share_1405,elevator_share_1405
1,29,6844,198278952.11078072,169365149.2104882,225716602.61680576,34370712401.05541,170.0,1396.0,0.9618021575270899,0.9789447256735596,0.9847922165553978,0.3982695361375203,zafaraniyeh,shahrak-e-mahalati,1.106610988237707,1,428.0,84079207.92079207,150.0,True,2.358240009796144,10833.0,661698695.1364175,520540132.2001889,771652938.221999,115000000000.0,175.0,3.0,1398.0,0.9846764515831256,0.972306840210468
2,24,7084,143626555.3852181,101180905.25012057,167807678.48035297,14364238320.920786,105.0,1393.0,0.8729230049860595,0.9321224845948783,0.9616745953641356,0.5214824652241686,eivanak,university-of-sharif,0.525957629674104,3,252.0,63686313.68631369,122.5,True,2.255218540244758,15120.0,401545128.5116557,312379671.1509716,500000000.0,41000000000.0,109.0,2.0,1396.0,0.9437169312169312,0.8802248677248677
3,14,3960,147244907.4074074,142079034.4208066,148566679.13298658,19500000000.0,138.41628545288197,1389.9741935483871,0.9160884598186071,0.964914959538609,0.9728815825569865,0.4795422753394398,darrous,tehran-jolfa,0.5644007425114026,2,116.0,61681818.18181819,120.0,True,2.3871687273124262,8244.0,444292613.6363636,425094680.8510639,477685010.12829167,65000000000.0,140.0,3.0,1395.0,0.967612809315866,0.9235807860262008
4,22,8107,95459914.11729723,86268174.83617958,130378514.2145224,8200000000.0,95.55306246209824,1393.0,0.8270312584759536,0.872627865219987,0.9608268131518395,0.44119413859418993,pasdaran,khak-sefid,0.014212057684120927,6,178.0,54671607.09096193,113.5,True,1.74606014340263,13539.0,298005794.9105568,246765316.71858776,390966577.54010695,29000000000.0,99.0,2.0,1395.0,0.8787945933968535,0.8601816973188566
5,25,14703,104602010.98511694,100000000.0,111893706.46723282,8817097581.317764,84.99039417025506,1392.8850129198966,0.8135327817096861,0.944513742664749,0.9733607871592024,0.6254113896199979,aboozar,kan,0.11134209348601676,5,963.0,37349397.590361446,79.0,True,2.8006344876660343,36844.0,302863354.0372671,289900480.98946404,331155172.4137931,27000000000.0,90.0,2.0,1394.0,0.96107914450114,0.8559602649006622
6,17,2360,139806259.31445605,109741693.97853607,145803477.34457323,15850537634.408602,114.4049331963001,1393.9311408016445,0.8154840777152152,0.8709603585610143,0.9053375760564006,0.41319324817854713,yousef-abad,valiasr,0.4853689661003109,4,67.0,51818181.81818182,110.0,True,2.698015530629853,5856.0,422191570.88122606,326570256.77603424,451096822.0338983,43500000000.0,113.0,2.0,1395.0,0.9004439890710383,0.8399931693989071
7,14,3254,90935690.8697775,67920158.62848195,114733917.20212206,6398406374.501992,76.7609561752988,1392.0,0.6815073157458978,0.7197803635776814,0.8638328555371523,0.4988927032174948,niloufar,tehran-gorgan,-0.03385546690689367,7,15.0,40000000.0,90.0,True,2.2733922717444375,7248.0,243312000.0,178937307.69230768,344768428.3727399,18900000000.0,80.0,2.0,1393.0,0.7386865342163356,0.7057119205298014
8,12,3213,81314598.71397951,67942325.58334407,93568077.1260286,5034941176.470589,63.277165354330705,1392.0,0.5722309476673687,0.6394312019109577,0.9047364088749502,0.5220465877621456,haft-hoz,vahidiyeh,-0.13607457911466725,8,10.0,22273809.523809522,84.5,False,,8454.0,235532934.1317365,183672053.70462456,289380964.59722936,14800000000.0,67.0,2.0,1393.0,0.6749467707594038,0.6271587414241779
9,9,3051,68046279.92873289,59330419.580419585,73547992.82316028,4499432050.274941,69.34278565471226,1396.0575942915393,0.7746325067700929,0.7366293287535673,0.8662920340692948,0.5838850154967944,dr-hoshyar,jey,-0.2770435818801482,11,106.0,23939393.939393938,66.0,True,2.842439541326817,5300.0,182880946.6889792,176607491.2212251,191166387.7599809,12400000000.0,68.0,2.0,1397.0,0.7215094339622642,0.8481132075471698
10,9,8128,63536828.614328615,56941480.68183016,65697254.335260116,3474411623.439001,56.54490874159462,1389.3794495412844,0.4836529060618554,0.5475979533435262,0.8897935502984262,0.7141883688329986,tehran-zanjan,soleymani,-0.3249541623462959,13,213.0,22142857.14285714,62.0,True,2.869405163227744,20111.0,159418874.39040464,143245941.27806562,163114736.38720828,8800000000.0,58.0,1.0,1391.0,0.5441300780667296,0.5307045895281189
11,14,2997,57097416.39955443,50277507.378049724,69898059.20580617,3120913978.4946237,64.75700934579439,1390.0,0.5172540608819485,0.5518229977965529,0.8238360429410863,0.5674606056883654,jamalzadeh,gomrok,-0.3933695760098517,15,49.0,23027058.82352941,80.0,True,2.47957921318251,5638.0,159193287.03703704,134072327.04402515,191040000.0,10300000000.0,65.0,2.0,1390.0,0.5897481376374601,0.5569350833628947
12,13,1202,51114066.19385343,45912270.96862875,73257725.1808021,3969755244.7552447,80.0,1392.0,0.5949019494762908,0.6222199126248907,0.7543128881890421,0.3945366778587078,tehran-iran,baharestan,-0.4569395674568598,19,3.0,22192982.45614035,68.0,False,,1216.0,165201342.2818792,110408469.9453552,193713414.63414636,10300000000.0,70.0,2.0,1390.0,0.6085526315789473,0.6060855263157895
13,13,2065,77149896.26637268,66541810.650082625,86251091.03826246,4833519553.072626,74.95851851851852,1392.402088772846,0.6485941031811819,0.6806053660681305,0.7931831972849956,0.4492667271022087,niroo-havayi,emam-hossein,-0.1803223817456152,9,77.0,27118644.06779661,70.0,True,2.8449024248224926,3075.0,218687179.4871795,200759751.77304965,244991753.063148,15900000000.0,77.0,2.0,1390.0,0.6630894308943089,0.6377235772357723
14,18,2395,63882203.50270815,62851151.824366115,72503048.19160752,3802312500.0,63.78947368421053,1391.0,0.5468274418602951,0.5936042343747534,0.7690640636531297,0.47471255366065196,parastar,khavaran,-0.3212847333566007,12,13.0,20588235.29411765,56.0,False,,4769.0,181630289.532294,155000000.0,203715948.27586207,12000000000.0,68.0,2.0,1391.0,0.6104005032501573,0.586076745648983
15,13,3186,50029710.910211004,45079211.40644253,60565914.290742695,3197000000.0,69.15587044534414,1393.1267828843106,0.624420180209174,0.6340438484590367,0.7042790460712032,0.3977630675863098,abouzar,shoosh,-0.4684602797228722,21,14.0,20638932.496075355,65.5,False,,5011.0,134592004.381161,114899805.4474708,164820143.88489208,9500000000.0,70.0,2.0,1395.0,0.6467770904011175,0.6761125523847535
16,7,1240,52252612.39606904,47935397.55351682,61470221.56221067,3631605633.802817,74.27551020408163,1392.2961275626424,0.6525292107008243,0.5587415319939244,0.6481388990050122,0.4130181335024307,nazi-abad,baq-e-azari,-0.44484310479821276,18,4.0,15194805.194805196,64.5,False,,1400.0,130000000.0,123420473.77326564,166634765.625,9690000000.0,71.0,2.0,1395.0,0.6128571428571429,0.7028571428571428
17,14,1912,49427462.99299447,49099656.60905511,50752851.60269293,2897762186.1152143,62.51255539143279,1393.842013888889,0.6761495086499202,0.5814572736679264,0.6989380809650273,0.49670034109443223,bagh-khazaneh,vasfenard,-0.474858851364217,22,22.0,17500371.85780158,75.0,True,2.8243664417313483,3043.0,120000000.0,118000000.0,129795031.05590062,7500000000.0,64.0,1.0,1394.0,0.5885639171869865,0.6664475846204404
18,12,1685,50099933.46447582,44476974.852791846,50780743.21067978,3000000000.0,67.24242424242425,1391.0,0.614619534308596,0.5968796738643923,0.6805010057294182,0.4034922300349888,tolid-daroo,saeed-abad,-0.46771420151910137,20,4.0,14705882.352941176,85.0,False,,1922.0,121169491.52542374,115364168.61826698,140000000.0,7830000000.0,65.0,1.0,1392.0,0.6066597294484911,0.6534859521331946
19,9,1036,58275643.83428265,47397594.17537195,60715174.631182745,4034952830.188679,73.2707182320442,1392.8139963167587,0.6645616485539303,0.5728480015956714,0.6629678698837193,0.3600148336341186,khani-abad-no,shahrak-e-aboozar,-0.38085152084454676,14,,,,,,979.0,155927685.95041323,148969924.81203008,166582010.58201057,11000000000.0,77.0,2.0,1397.0,0.686414708886619,0.710929519918284
20,15,2051,55068474.118767865,46491933.17080166,62404944.58653027,3847253787.878788,74.5,1393.2948717948718,0.7764363954009864,0.6711715945512313,0.6883234086951714,0.28503833024182124,south-deylaman,mobarak-abad-e-beheshti,-0.41492603501724545,16,14.0,19250000.0,76.5,False,,3886.0,156126373.62637362,130496376.8115942,160832422.58652094,10500000000.0,77.0,2.0,1398.0,0.7997941327843541,0.8383942357179619
21,13,2866,52945027.02335225,43669678.95741852,68165173.31757931,4150512070.2267737,77.87578757875788,1397.5512021371326,0.820393623166114,0.9080823675187619,0.9301192802790221,0.3608739495805944,shahrak-pasdaran,shahrak-daneshgah-tehran,-0.43748655864581854,17,31.0,14583333.333333334,90.0,True,3.630516138744154,4550.0,169226012.79317698,112638402.62582056,190000000.0,10700000000.0,72.0,2.0,1400.0,0.930989010989011,0.8424175824175825
22,11,5027,73206072.84564021,69533278.51730843,94972145.5140193,7547152366.863905,112.28671328671328,1401.1433566433566,0.8906209310412323,0.9603959712728348,0.9870497028519316,0.30709398152792977,dehkade-olympic,abshar-tehran,-0.22222345932011445,10,104.0,28836842.640626587,111.0,True,2.5386299657683167,10019.0,227678517.397882,204985337.24340177,245009778.012685,25000000000.0,118.0,2.0,1402.0,0.9749475995608344,0.909372192833616
