slug,listings,price_median,ppm2,ppm2_p25,ppm2_p75,ppm2_stabilized,ci95_low,ci95_high,size_median,rooms_median,build_year,elevator_share,parking_share,storage_share,rebuilt_share,balcony_share,lat,lon,district,location_check,quality,listings_1405,ppm2_1405,ppm2_p25_1405,ppm2_p75_1405,price_median_1405,size_median_1405,rooms_median_1405,build_year_1405,parking_share_1405,elevator_share_1405
poonak,2767,9500000000.0,114606741.5730337,97674104.12440838,133522727.27272728,112171223.0591967,113333333.33333331,115789473.68421052,85.0,2.0,1393.0,0.796553016110903,0.9514527399779332,0.9771974990805444,0.6172839506172839,0.953198127925117,35.76210975646973,51.33013343811035,5.0,inside,ok,,,,,,,,,,
jeyhoun,2195,3500000000.0,63000000.0,55515957.44680851,71560175.7944557,64488884.85448182,62121212.121212125,63636363.63636363,57.0,1.0,1390.0,0.5105683419445749,0.544392523364486,0.8957943925233645,0.7080163838502048,0.9057714958775028,35.68763732910156,51.36460494995117,10.0,inside,ok,,,,,,,,,,
sarsabil,1969,3450000000.0,64285714.28571428,56818181.81818182,73214285.71428572,65842566.961555794,63541666.66666666,64924242.42424242,56.0,1.0,1387.0,0.3834976647638817,0.5165289256198347,0.8858471074380165,0.7555135475740391,0.8695652173913043,35.68894577026367,51.37411117553711,10.0,inside,ok,,,,,,,,,,
chitgar-lake,1732,7400000000.0,71587318.8800523,39750000.0,85000000.0,72722131.57227135,69580077.7261977,73189472.59136213,110.0,2.0,1402.0,0.984070796460177,0.9889534883720932,0.9959302325581396,0.2834799608993157,0.9889779559118236,35.749732971191406,51.210039138793945,22.0,inside,ok,,,,,,,,,,
sazamn-barnameh,1667,7700000000.0,104375000.0,94801852.80494082,116250000.0,101887797.22480972,103508771.92982456,105338676.84478372,78.0,2.0,1392.0,0.8696439348219674,0.9710669077757684,0.9903556359252562,0.7023076923076923,0.9329608938547486,35.72991752624512,51.30108451843262,5.0,inside,ok,,,,,,,,,,
saadat-abad,1590,21000000000.0,168576479.83237296,142106725.1461988,210000000.0,155815073.6877926,166666666.66666666,171428571.42857143,131.0,3.0,1393.0,0.9614343707713126,0.9766688269604666,0.9896305897602072,0.5231388329979879,0.962588473205258,35.78205490112305,51.37488555908203,2.0,inside,ok,,,,,,,,,,
west-tehranpars,1514,8200000000.0,95000000.0,78645815.3580673,111740196.07843138,93558575.19253404,93750000.0,96748655.91397849,96.0,2.0,1392.0,0.8056835637480799,0.8584507042253521,0.9647887323943662,0.4995417048579285,0.859251968503937,35.73899841308594,51.52931213378906,4.0,inside,ok,,,,,,,,,,
south-janat-abad,1483,9990000000.0,109259259.25925924,97565672.52617024,120801282.05128203,105798257.15741426,108108108.1081081,110326086.95652172,90.0,2.0,1394.0,0.8148921363952679,0.962707182320442,0.986878453038674,0.6441441441441441,0.968075117370892,35.74760437011719,51.30598068237305,5.0,inside,ok,,,,,,,,,,
kooy-e-ferdos,1377,7900000000.0,101818181.8181818,92708333.33333331,113138686.13138686,99263799.46985473,101004797.97979796,102941176.47058824,80.0,2.0,1391.0,0.8561847988077497,0.9540059347181008,0.9866468842729972,0.6549222797927461,0.9312567132116004,35.72373008728027,51.3161506652832,5.0,inside,ok,,,,,,,,,,
andisheh,1325,1800000000.0,30434782.60869565,25660377.358490568,42682926.82926829,34732856.78780323,30000000.0,31111111.111111112,60.0,2.0,1398.0,0.7655763239875389,0.9753276792598304,0.9915188897455668,0.5449500554938956,0.9789196310935442,35.74589920043945,51.2811450958252,5.0,inside,outlier_vs_district,,,,,,,,,,
central-janat-abad,1321,9500000000.0,105882352.94117647,92727272.72727272,118461538.46153846,102600088.4019246,105000000.0,107142857.14285716,89.0,2.0,1395.0,0.7844217151848938,0.9477379095163808,0.9773790951638064,0.5668103448275862,0.9604072398190046,35.75911331176758,51.30409622192383,5.0,inside,ok,,,,,,,,,,
shahr-e-ziba,1297,1900000000.0,32500000.0,26153846.153846152,59302325.58139535,36856776.41021599,31506849.31506849,33333333.33333333,61.0,2.0,1397.0,0.7424483306836248,0.9771112865035516,0.988950276243094,0.6997690531177829,0.9760765550239234,35.7481575012207,51.291460037231445,5.0,inside,outlier_vs_district,,,,,,,,,,
west-shahrak-e-golestan,1157,11750000000.0,95161290.32258064,70000000.0,128342245.9893048,93317883.67094149,93513529.4117647,99266528.92561984,127.0,2.0,1399.0,0.8275510204081633,0.9630681818181818,0.990530303030303,0.3568,0.9827856025039124,35.75241470336914,51.23619079589844,22.0,inside,ok,,,,,,,,,,
ostad-moein,1136,4543500000.0,68965517.2413793,58302717.39130434,78854489.1640867,70947223.54059047,67973788.69463868,70161290.32258065,70.0,2.0,1397.0,0.8303821062441752,0.8052536231884058,0.894927536231884,0.5705045278137129,0.9406688241639698,35.693721771240234,51.34459686279297,9.0,inside,ok,2014.0,178000000.0,133250000.0,207000000.0,12000000000.0,68.0,2.0,1398.0,0.7934458788480635,0.8669314796425025
tehransar,1091,4500000000.0,68115942.0289855,38688172.04301076,77322495.02322495,70277287.86260103,67000000.0,69491525.42372881,75.0,2.0,1396.0,0.7406311637080868,0.8856332703213611,0.9640831758034026,0.4539641943734015,0.9303703703703704,35.69601821899414,51.2551383972168,21.0,inside,ok,,,,,,,,,,
heravi,1051,16800000000.0,138695652.17391303,121132376.39553428,160092592.5925926,127847455.47180772,135135135.13513514,140000000.0,124.0,2.0,1397.0,0.9756335282651072,0.9786407766990292,0.9864077669902912,0.406807131280389,0.9235772357723576,35.76724433898926,51.47656440734863,4.0,inside,ok,,,,,,,,,,
qeytariyeh,950,22650000000.0,169361147.32724902,146666666.66666666,204679670.72297785,149709525.37900352,166003752.34521574,172976359.6452426,132.5,3.0,1396.0,0.9563269876819708,0.9823982398239824,0.9801980198019802,0.3905967450271247,0.9578947368421052,35.79129219055176,51.4472541809082,1.0,inside,ok,,,,,,,,,,
east-tehranpars,934,4200000000.0,67741935.48387097,30147058.82352941,79690016.10305959,70262527.04376163,65560226.048291735,69000000.0,75.0,2.0,1393.0,0.65,0.7631887456037515,0.9519343493552168,0.4434654919236417,0.7560137457044673,35.741506576538086,51.54642105102539,4.0,inside,ok,,,,,,,,,,
pasdaran,927,22500000000.0,163809523.80952382,134078782.17200252,214119601.32890368,145294892.10765973,160000000.0,167407407.4074074,140.0,3.0,1397.0,0.9710843373493976,0.981651376146789,0.9885321100917432,0.4119922630560928,0.956140350877193,35.76714897155762,51.46321868896485,4.0,inside,ok,,,,,,,,,,
yousef-abad,925,16500000000.0,145833333.33333334,125510204.08163266,173563218.3908046,132023134.14980994,143076923.07692307,150000000.0,115.0,2.0,1396.0,0.8851894374282434,0.9391891891891893,0.9572072072072072,0.3933209647495361,0.9468267581475128,35.734426498413086,51.405574798583984,6.0,inside,ok,,,,,,,,,,
beryanak,901,2950000000.0,55555555.55555555,50000000.0,61538461.538461536,59801903.50742505,55000000.0,56521739.13043478,55.0,1.0,1391.0,0.5571913929784824,0.5460674157303371,0.9224719101123596,0.6875834445927904,0.874095513748191,35.67388916015625,51.37664222717285,10.0,inside,ok,,,,,,,,,,
chitgar,894,4000000000.0,41176470.5882353,22000000.0,66452510.40693229,46840511.57828224,38207194.36525239,45000000.0,101.0,2.0,1403.0,0.9556592765460912,0.9795454545454544,0.975,0.1945031712473573,0.9899598393574296,35.72515106201172,51.18548202514648,21.0,inside,ok,,,,,,,,,,
niavaran,878,33500000000.0,196739803.59196675,164501212.85627654,250000000.0,167755348.12112314,191239395.54612935,200000000.0,170.0,3.0,1396.0,0.978021978021978,0.9904761904761904,0.988095238095238,0.3617463617463617,0.972972972972973,35.81520462036133,51.4692611694336,1.0,inside,ok,,,,,,,,,,
dr-hoshyar,826,5100000000.0,76086956.52173913,65909090.90909091,84210526.31578948,77448263.14313309,75000000.0,77249258.89328063,73.0,2.0,1396.0,0.8192457737321196,0.7675879396984925,0.8881909547738693,0.6006600660066007,0.93033381712627,35.693904876708984,51.35068321228027,9.0,inside,ok,,,,,,,,,,
bagh-feyz,824,7700000000.0,100000000.0,89775916.04823747,111691176.47058824,96501688.62792112,99383134.719405,101405952.3809524,80.0,2.0,1391.0,0.7620253164556962,0.9267990074441688,0.966501240694789,0.6054313099041534,0.9316546762589928,35.744869232177734,51.32010269165039,5.0,inside,ok,,,,,,,,,,
azarbaijan,799,4150000000.0,71428571.42857143,61970149.25373134,80000000.0,73667295.30234963,70666666.66666667,72580645.16129032,60.0,1.0,1388.0,0.4163424124513619,0.5788804071246819,0.9071246819338422,0.7714285714285715,0.8899082568807339,35.698368072509766,51.36988830566406,10.0,inside,ok,125.0,183000000.0,147000000.0,216000000.0,13000000000.0,73.0,2.0,1385.0,0.544,0.504
marzdaran,798,13780000000.0,138668890.93419236,117647058.8235294,162121621.6216216,125215572.37973724,136179965.41501978,140430402.93040293,105.0,2.0,1395.0,0.94421768707483,0.9631093544137024,0.9736495388669302,0.45489443378119,0.9390962671905696,35.73454475402832,51.33983612060547,2.0,inside,ok,,,,,,,,,,
zafaraniyeh,795,45000000000.0,234375000.0,192857142.85714287,284807692.3076923,190388814.4700756,225743905.50389543,240740740.74074075,190.0,3.0,1394.0,0.9932975871313672,0.9872448979591836,0.9910714285714286,0.4202898550724637,0.988785046728972,35.807945251464844,51.41414260864258,1.0,inside,ok,,,,,,,,,,
north-shahran,781,8700000000.0,97500000.0,85000000.0,108823529.41176473,94428549.51927362,96400000.0,99152542.37288135,95.0,2.0,1391.0,0.8844086021505376,0.9269588313413014,0.9721115537848606,0.6654929577464789,0.96843853820598,35.7661018371582,51.288944244384766,5.0,inside,ok,,,,,,,,,,
south-shahran,754,7945000000.0,100000000.0,89781096.56301145,113896321.07023412,96249871.43184596,99421202.95698924,102062074.82993196,80.0,2.0,1393.0,0.8475033738191633,0.9623655913978496,0.98252688172043,0.6208112874779541,0.9506172839506172,35.759620666503906,51.29092788696289,5.0,inside,ok,,,,,,,,,,
narmak,728,7100000000.0,95571895.4248366,80598072.56235828,115000000.0,92790701.22040312,93836182.33618234,97493032.24493948,82.0,2.0,1393.0,0.6864274570982839,0.7915451895043731,0.9606413994169096,0.5032537960954447,0.8329853862212944,35.736019134521484,51.49953079223633,4.0,inside,ok,,,,,,,,,,
darrous,706,32000000000.0,194270729.76734936,158333333.33333334,245332519.82916412,161161752.51622295,189170237.3104812,200000000.0,166.5,3.0,1396.0,0.9807407407407408,0.988388969521045,0.9927431059506532,0.4375,0.9663157894736842,35.77359199523926,51.45492362976074,3.0,inside,ok,,,,,,,,,,
north-janat-abad,697,8500000000.0,103406593.4065934,87857142.85714285,115000000.0,98548449.77415152,101612903.22580644,105044491.52542374,86.0,2.0,1395.0,0.7406855439642325,0.9367647058823528,0.9852941176470588,0.5150905432595574,0.9533333333333334,35.770896911621094,51.30755615234375,5.0,inside,ok,,,,,,,,,,
afsariyeh,693,4250000000.0,60937500.0,46875000.0,69259259.25925925,65362552.70444297,59375000.0,62500000.0,72.0,2.0,1397.0,0.658703071672355,0.7240829346092504,0.7288676236044657,0.3161290322580645,0.7676537585421412,35.649417877197266,51.49230194091797,15.0,inside,ok,541.0,168000000.0,139000000.0,185000000.0,11700000000.0,70.0,2.0,1398.0,0.7079482439926063,0.7024029574861368
gisha,679,14800000000.0,155714285.7142857,137500000.0,175890625.0,135067700.4344526,153295289.85507247,157894736.84210527,96.0,2.0,1395.0,0.928902627511592,0.96206373292868,0.984825493171472,0.4753694581280788,0.971830985915493,35.7353458404541,51.37760925292969,2.0,inside,ok,,,,,,,,,,
pirouzi,673,4120000000.0,67164179.10447761,54629629.62962963,81147540.98360656,70566662.32309408,65846291.866028704,69542868.85245901,71.0,2.0,1393.0,0.6122448979591837,0.6486486486486487,0.7583465818759937,0.5044843049327354,0.6635730858468677,35.692726135253906,51.48339080810547,13.0,inside,ok,,,,,,,,,,
shams-abad,649,9000000000.0,105882352.94117647,94339622.64150944,120689655.1724138,100074409.20388496,104819277.10843374,108280254.77707006,88.0,2.0,1393.0,0.8933333333333333,0.8788870703764321,0.9689034369885434,0.5047619047619047,0.8511749347258486,35.74838066101074,51.47891616821289,4.0,inside,ok,,,,,,,,,,
mirdamad,643,19500000000.0,147222222.2222222,128062564.1025641,186794871.7948718,128628276.20193668,142583741.83006534,153333333.33333334,138.0,3.0,1388.0,0.9401993355481728,0.9821138211382112,0.9869918699186992,0.4918918918918919,0.9447513812154696,35.758596420288086,51.44007682800293,3.0,inside,ok,,,,,,,,,,
elahiyeh,642,42900000000.0,225543478.2608696,188571428.57142857,277104784.9788008,178040866.36631513,220000000.0,230404842.4208618,200.0,3.0,1393.0,0.969747899159664,0.9951612903225806,0.9951612903225806,0.3777173913043478,0.9786666666666668,35.79115676879883,51.426809310913086,1.0,inside,ok,919.0,727000000.0,590000000.0,955000000.0,150000000000.0,210.0,3.0,1395.0,0.9912948857453754,0.9749727965179544
farmaniyeh,638,36500000000.0,206057142.85714287,172222222.2222222,262585812.3569794,166017018.20262694,200000000.0,212196368.4463685,180.0,3.0,1396.0,0.9730185497470488,0.9869067103109656,0.995090016366612,0.3714285714285714,0.9708994708994708,35.79709053039551,51.46924209594727,1.0,inside,ok,,,,,,,,,,
ekhtiyariyeh,619,17700000000.0,148275862.06896552,129238505.74712645,170000000.0,128812773.28776376,145076612.9032258,150897058.8235294,122.0,2.0,1391.0,0.9057239057239056,0.9635157545605308,0.9751243781094528,0.5298329355608592,0.9095127610208816,35.78642272949219,51.459720611572266,3.0,inside,ok,1448.0,450000000.0,392750000.0,531250000.0,61000000000.0,130.0,3.0,1395.0,0.9661602209944752,0.9371546961325968
north-sohrevardi,619,11100000000.0,115217391.30434784,95454545.45454544,136979066.17788923,106453326.84459768,112903225.80645162,118484375.0,100.0,2.0,1392.0,0.772020725388601,0.8663282571912013,0.9153976311336718,0.5542857142857143,0.8992628992628993,35.72170639038086,51.43534851074219,7.0,inside,ok,,,,,,,,,,
jey,584,3150000000.0,56577748.86141835,52157786.885245904,60165453.91545392,62452087.87767857,56075293.75386519,57500000.0,58.0,1.0,1395.0,0.7246891651865008,0.6306620209059234,0.8867595818815331,0.6954643628509719,0.9269311064718164,35.67786407470703,51.35260581970215,9.0,inside,ok,,,,,,,,,,
hashemi,580,3525000000.0,63824404.76190476,56250000.0,70522058.8235294,68341936.57939944,62900142.31499051,64662311.88375713,59.0,1.0,1393.0,0.5992779783393501,0.5204991087344029,0.8181818181818182,0.6252771618625277,0.8877118644067796,35.68504333496094,51.360145568847656,10.0,inside,ok,,,,,,,,,,
sattarkhan,563,8900000000.0,100757575.75757577,85365853.65853658,117875939.84962408,95865712.53491066,99125000.0,103095394.73684213,95.0,2.0,1393.0,0.7300970873786408,0.8442776735459663,0.9437148217636022,0.5737704918032787,0.9293193717277488,35.72103309631348,51.35769271850586,2.0,inside,ok,,,,,,,,,,
sabalan,532,3500000000.0,67964957.52427185,62000000.0,74549441.7862839,71857910.81814182,66880434.782608695,68750000.0,54.0,1.0,1394.0,0.5517928286852589,0.5828460038986355,0.8771929824561403,0.5203488372093024,0.6933333333333334,35.723472595214844,51.463626861572266,8.0,inside,ok,,,,,,,,,,
velenjak,531,37000000000.0,233081632.6530612,190454545.45454544,280000000.0,175911745.27588782,228395061.72839507,246478873.23943663,165.0,3.0,1396.0,0.9782178217821782,0.9980769230769232,0.9980769230769232,0.4487951807228915,0.9854227405247812,35.806060791015625,51.40216255187988,1.0,inside,ok,,,,,,,,,,
haftchenar,530,3000000000.0,56250000.0,50000000.0,62500000.0,62645317.75121562,55218095.23809524,57170787.54578754,56.0,1.0,1389.0,0.492063492063492,0.58984375,0.904296875,0.7025171624713958,0.8646080760095012,35.6755256652832,51.36962890625,10.0,inside,ok,,,,,,,,,,
tehran-zanjan,522,4200000000.0,71698113.20754717,65304487.179487176,80208333.33333333,74747973.71937917,70787861.84210525,72673296.81318203,60.0,2.0,1394.0,0.631163708086785,0.6472868217054264,0.8953488372093024,0.6690140845070423,0.926605504587156,35.69335174560547,51.36023712158203,10.0,inside,ok,,,,,,,,,,
soleymani,514,2785000000.0,54366895.49961861,48888888.88888889,60000000.0,61276069.25515549,53370155.03875969,54693877.551020406,53.0,1.0,1387.0,0.4205231388329979,0.4990059642147117,0.856858846918489,0.7373271889400922,0.8254716981132075,35.672607421875,51.36366653442383,10.0,inside,ok,,,,,,,,,,
fallah,507,2900000000.0,49210526.31578948,45030864.19753087,52941176.47058824,57117750.05783495,48787466.94093447,49807692.307692304,63.0,1.0,1394.0,0.7190775681341719,0.5523613963039015,0.6529774127310062,0.4300254452926209,0.8264705882352941,35.65802574157715,51.36517333984375,17.0,inside,ok,,,,,,,,,,
shahrak-e-gharb,480,26600000000.0,186881720.43010756,150000000.0,238100600.6006006,147368826.96665686,177777777.7777778,200000000.0,150.0,3.0,1386.0,0.9694444444444444,0.9767441860465116,0.9936575052854124,0.542319749216301,0.9679144385026738,35.76015853881836,51.371429443359375,2.0,inside,ok,,,,,,,,,,
shahrak-e-vali-e-asr,476,3000000000.0,50422413.79310345,43137254.90196078,60892857.14285714,58503035.68169247,48854166.66666666,52551307.76636714,65.0,1.0,1389.0,0.5134474327628362,0.5829493087557603,0.6497695852534562,0.4596774193548387,0.7987220447284346,35.647539138793945,51.34025764465332,18.0,inside,ok,,,,,,,,,,
aboozar,474,11000000000.0,116447026.1834576,106051716.644937,131860824.74226804,105441071.8616558,114375000.0,118892652.21275423,96.0,2.0,1392.0,0.926991150442478,0.962800875273523,0.9846827133479212,0.6116207951070336,0.9427609427609428,35.73118209838867,51.32947540283203,5.0,inside,ok,980.0,340000000.0,292750000.0,400000000.0,35000000000.0,106.0,2.0,1393.0,0.9775510204081632,0.9408163265306122
azad-shahr,458,7500000000.0,67543859.6491228,51976377.95275591,76895947.47019014,71997303.72195268,65932789.55557716,69029829.54545455,114.0,2.0,1402.0,0.9328859060402684,0.9757709251101322,0.9669603524229076,0.2103559870550161,0.972027972027972,35.753475189208984,51.17460060119629,22.0,inside,ok,,,,,,,,,,
jordan,450,20000000000.0,138944444.44444445,122485465.11627908,165453296.70329672,118720739.18189484,135818907.10382515,142527972.027972,145.0,3.0,1385.0,0.9356435643564356,0.990498812351544,0.973871733966746,0.4827586206896552,0.9390862944162436,35.76803779602051,51.41743850708008,3.0,inside,ok,,,,,,,,,,
amiriyeh,448,2900000000.0,51045751.63398693,4000000.0,67272727.27272727,59382280.46625771,48585924.71358429,54385964.9122807,80.0,2.0,1390.0,0.5146579804560261,0.5736196319018405,0.8098159509202454,0.6111111111111112,0.8433734939759037,35.6776237487793,51.40111541748047,11.0,inside,ok,,,,,,,,,,
zafar,442,16500000000.0,140967365.96736598,122814685.31468531,168617724.86772487,119673265.63943993,137500000.0,144827586.20689654,120.0,2.0,1390.0,0.8789346246973365,0.9400479616306956,0.9616306954436452,0.4635036496350365,0.8935361216730038,35.76667404174805,51.43242645263672,3.0,inside,ok,,,,,,,,,,
gomrok,438,2700000000.0,49212549.603174604,44046511.62790698,55240471.86932849,58047310.19692776,48203448.27586207,50000000.0,57.0,1.0,1390.0,0.5314861460957179,0.5107913669064749,0.7745803357314148,0.4450867052023121,0.7030716723549488,35.665056228637695,51.38981628417969,11.0,inside,ok,,,,,,,,,,
masoudieh,432,3200000000.0,49878048.780487806,44271978.02197802,55190081.351689614,58674631.78087778,48764071.2945591,50500645.8136514,68.5,2.0,1393.0,0.5497512437810945,0.6553398058252428,0.7354368932038835,0.4372990353697749,0.7302158273381295,35.633296966552734,51.4968147277832,15.0,inside,ok,,,,,,,,,,
abouzar,431,5650000000.0,72641509.43396227,64089552.238805965,85000000.0,75872824.65498461,70833333.33333333,74705882.35294117,81.0,2.0,1390.0,0.7272727272727273,0.7434052757793765,0.8129496402877698,0.4491017964071856,0.8041237113402062,35.652414321899414,51.47984313964844,15.0,inside,ok,714.0,185000000.0,158250000.0,216000000.0,14800000000.0,80.0,2.0,1391.0,0.6428571428571429,0.7226890756302521
sazman-ab,418,8850000000.0,96091163.73822255,85891536.8884694,108163390.66339068,91761924.81622715,93821424.66950728,98297180.00339223,94.5,2.0,1391.0,0.8252427184466019,0.963855421686747,0.983132530120482,0.6813880126182965,0.976510067114094,35.73834800720215,51.28927040100098,5.0,inside,ok,,,,,,,,,,
sadeghiyeh,418,9000000000.0,99179445.78911924,77081395.34883721,117483793.51740696,93746424.2920244,94827586.20689656,102325268.8172043,100.0,2.0,1395.0,0.7575757575757576,0.9246753246753248,0.9090909090909092,0.5566666666666666,0.9326923076923076,35.72065734863281,51.34082221984863,2.0,inside,ok,,,,,,,,,,
tehran-kerman,411,5000000000.0,81052631.57894737,70312500.0,91890410.95890412,81792222.32360882,78823863.63636363,83333333.33333333,63.0,1.0,1392.0,0.639386189258312,0.6439393939393939,0.8939393939393939,0.4831081081081081,0.7874015748031497,35.73118591308594,51.4730339050293,8.0,inside,ok,,,,,,,,,,
shahid-navab-safavi,398,2745000000.0,50000000.0,43596563.01145663,57535377.35849056,59315324.48583831,49000000.0,51033964.64646464,54.0,1.0,1386.0,0.53125,0.467866323907455,0.8663239074550129,0.6764705882352942,0.8081180811808119,35.67668151855469,51.380897521972656,11.0,inside,ok,,,,,,,,,,
kuhak,385,10950000000.0,91600000.0,79120879.12087911,108253968.25396824,88685404.39330257,90000000.0,93103448.27586208,117.0,2.0,1400.0,0.9653333333333334,0.9973474801061007,0.9946949602122016,0.2975609756097561,0.9803149606299212,35.72768020629883,51.24349021911621,22.0,inside,ok,,,,,,,,,,
seyed-khandan,382,12850000000.0,125000000.0,106357742.78215224,150000000.0,108742059.2166512,121608550.27465966,129871621.6216216,104.5,2.0,1392.5,0.7800586510263929,0.9293785310734464,0.9717514124293786,0.4956521739130435,0.9402390438247012,35.74592590332031,51.45535659790039,4.0,inside,ok,,,,,,,,,,
niroo-havayi,380,8500000000.0,95000000.0,80000000.0,114970472.44094488,90803218.603131,92081376.26262626,98735719.72581874,93.0,2.0,1394.0,0.8219584569732937,0.8174157303370787,0.898876404494382,0.4150197628458498,0.9068825910931174,35.70080757141113,51.484256744384766,13.0,inside,ok,,,,,,,,,,
niloufar,378,16800000000.0,140140845.07042253,117206414.4736842,167533003.30033004,117071703.24777348,135611943.06930694,143273475.60975608,120.0,2.0,1394.0,0.905982905982906,0.9416666666666668,0.9444444444444444,0.4291044776119403,0.950191570881226,35.73707962036133,51.437591552734375,7.0,inside,ok,,,,,,,,,,
vahidiyeh,363,3500000000.0,65581395.34883721,58152096.65955935,71791443.85026738,71406726.74318086,64146341.46341463,66205357.142857134,56.0,1.0,1392.0,0.4256559766763848,0.5722543352601156,0.8786127167630058,0.553030303030303,0.6826086956521739,35.71516418457031,51.47038841247559,8.0,inside,ok,,,,,,,,,,
nazi-abad,363,4200000000.0,61764705.88235294,50000000.0,77048494.98327759,68698838.16773738,60000000.0,65000000.0,77.0,2.0,1392.0,0.625,0.5958702064896755,0.6607669616519174,0.4094202898550724,0.833976833976834,35.63857650756836,51.405548095703125,16.0,inside,ok,,,,,,,,,,
south-deylaman,360,5000000000.0,65849906.19136961,53952752.97619048,75625440.45102185,71627183.20395248,65000000.0,67916176.47058824,84.0,2.0,1399.0,0.8411764705882353,0.7803468208092486,0.6589595375722543,0.2181818181818181,0.8562874251497006,35.603084564208984,51.432050704956055,20.0,inside,ok,,,,,,,,,,
haft-hoz,356,7750000000.0,106966490.29982364,89905660.3773585,127991452.991453,97778756.90975893,103699339.38043451,110055851.06382978,81.0,2.0,1392.0,0.6985074626865672,0.75,0.9534883720930232,0.5547169811320755,0.8674242424242424,35.72905349731445,51.48964309692383,8.0,inside,ok,,,,,,,,,,
ahang,350,4200000000.0,64142857.14285714,51804401.99335548,80738213.39950372,70547724.64717723,60585127.591706544,66666666.66666666,80.0,2.0,1391.0,0.6282894736842105,0.7009345794392523,0.7725856697819314,0.4535315985130111,0.7359307359307359,35.66365432739258,51.47688102722169,14.0,inside,ok,500.0,192000000.0,166000000.0,242000000.0,14350000000.0,74.0,2.0,1388.0,0.65,0.716
hakimiyeh,340,7500000000.0,86459876.54320988,66590909.09090909,95164992.82639883,85288449.56081972,85000000.0,88329380.67571527,100.0,2.0,1398.0,0.8947368421052632,0.9201277955271564,0.9648562300319488,0.2692307692307692,0.9321266968325792,35.738651275634766,51.591064453125,4.0,inside,ok,,,,,,,,,,
tarasht,334,7275000000.0,94117647.05882353,81632569.55810148,102548076.92307691,89924118.57690576,90400633.04275632,95267628.2051282,85.0,2.0,1394.5,0.8757763975155279,0.9176829268292684,0.9207317073170732,0.6042553191489362,0.9282868525896414,35.70676803588867,51.342960357666016,2.0,inside,ok,,,,,,,,,,
nezam-abad,331,4150000000.0,67777777.77777778,60982142.85714286,72638146.16755792,73262962.1106477,66923076.92307692,69230769.23076923,67.0,2.0,1395.0,0.7087378640776699,0.697452229299363,0.7961783439490446,0.4,0.7892376681614349,35.709041595458984,51.458778381347656,7.0,inside,ok,,,,,,,,,,
shahrak-e-parvaz,330,6950000000.0,100000000.0,89336065.5737705,112500000.0,93351281.56716052,98701298.7012987,102623015.87301588,73.0,2.0,1388.0,0.5945121951219512,0.9329268292682928,0.9847560975609756,0.724907063197026,0.9251968503937008,35.72643852233887,51.30612564086914,5.0,inside,ok,,,,,,,,,,
amir-abad,325,15900000000.0,140000000.0,120089285.71428572,160000000.0,114893624.02314351,137209302.3255814,141891891.8918919,118.0,2.0,1397.0,0.8903654485049833,0.9451612903225808,0.9838709677419356,0.4071856287425149,0.9322916666666666,35.735538482666016,51.39494323730469,6.0,inside,ok,,,,,,,,,,
khalij-e-fars,322,3300000000.0,49092244.41833137,44272347.38372093,54214052.47156852,60125833.84702203,48000000.0,50000000.0,70.0,2.0,1393.0,0.7722419928825622,0.7653061224489796,0.7244897959183674,0.4758064516129032,0.8486238532110092,35.67265701293945,51.26671028137207,21.0,snapped,ok,,,,,,,,,,
javadiyeh,309,2850000000.0,48000000.0,42708333.333333336,53500000.0,59618052.63529908,47017592.59259259,49242581.09040718,62.0,1.0,1393.0,0.6051660516605166,0.4724137931034483,0.6620689655172414,0.4534412955465587,0.7655502392344498,35.65316390991211,51.38998794555664,16.0,inside,ok,,,,,,,,,,
moshiriyeh,309,2950000000.0,49000000.0,39041095.89041096,60000000.0,60369006.20596545,47777777.777777776,50000000.0,70.0,2.0,1388.0,0.4008097165991903,0.6354166666666666,0.8263888888888888,0.4043478260869565,0.6930232558139535,35.620548248291016,51.48402404785156,15.0,inside,ok,,,,,,,,,,
moniriyeh,308,5200000000.0,75440767.08939067,63461538.461538464,89227941.1764706,78454697.69132483,72646008.2486375,78355786.89528474,73.0,2.0,1390.0,0.6391752577319587,0.7275747508305648,0.8970099667774086,0.5495495495495496,0.9237668161434978,35.68195724487305,51.40165138244629,11.0,inside,ok,,,,,,,,,,
khaje-nezam-molk,306,3750000000.0,67809343.43434343,59675866.49550706,75817204.30107526,73565904.77940476,65957446.80851064,69090909.0909091,60.0,1.0,1385.0,0.4111498257839721,0.4290657439446367,0.8062283737024222,0.5772727272727273,0.7136150234741784,35.71345901489258,51.4482536315918,7.0,inside,ok,,,,,,,,,,
shaharak-e-shariyati,303,4080000000.0,60000000.0,52798611.11111111,65292869.26994906,68371938.28754634,58823529.4117647,61818181.81818182,71.0,2.0,1393.0,0.6412213740458015,0.6093189964157706,0.6344086021505376,0.3940886699507389,0.8804347826086957,35.634559631347656,51.37612533569336,19.0,inside,ok,,,,,,,,,,
dolat-abad,300,3900000000.0,55223880.59701493,46185064.93506493,63173018.753781006,65103397.6581782,53965416.66666666,57046271.92982455,75.0,2.0,1393.0,0.7195571955719557,0.6445993031358885,0.5749128919860628,0.4409090909090909,0.8115183246073299,35.619441986083984,51.449832916259766,20.0,inside,ok,,,,,,,,,,
shadman,286,8825000000.0,100977403.1563845,87281976.74418604,112457191.78082192,93304151.9381526,98986370.7165109,104304800.72463769,92.5,2.0,1393.0,0.7191011235955056,0.8442028985507246,0.927536231884058,0.5412844036697247,0.9318181818181818,35.70827674865723,51.36533164978027,2.0,inside,ok,,,,,,,,,,
mobarak-abad-e-beheshti,281,2232000000.0,30714285.714285716,28571428.57142857,32514705.88235294,46513700.42494047,30000000.0,31000000.0,74.0,2.0,1401.0,0.9450980392156862,0.7689393939393939,0.9545454545454546,0.0349650349650349,0.8387096774193549,35.578697204589844,51.42108917236328,20.0,inside,ok,,,,,,,,,,
eram,281,7300000000.0,103174603.17460318,90000000.0,115151515.15151516,94407312.18930334,100000000.0,105714285.71428572,72.0,2.0,1393.5,0.8618181818181818,0.960431654676259,0.9892086330935252,0.5633187772925764,0.845771144278607,35.728986740112305,51.29094886779785,5.0,inside,ok,1550.0,283000000.0,253000000.0,312750000.0,21200000000.0,75.0,2.0,1395.0,0.9767741935483872,0.8980645161290323
zahir-abad,280,3200000000.0,46026315.78947368,34157894.73684211,63358070.50092764,58942439.308415465,44541160.59379217,50000000.0,74.5,2.0,1390.0,0.6978723404255319,0.5833333333333334,0.6628787878787878,0.3652173913043478,0.8,35.591278076171875,51.450828552246094,20.0,inside,ok,,,,,,,,,,
vardavard,276,4150000000.0,53038461.538461536,38044776.11940298,60086206.89655173,64126802.95551545,50000000.0,55000000.0,83.0,2.0,1400.0,0.8871595330739299,0.9185185185185184,0.9111111111111112,0.3112244897959184,0.8855721393034826,35.738616943359375,51.13130569458008,21.0,inside,ok,,,,,,,,,,
charsad-dastgah,274,3675000000.0,63339970.13439523,55888297.872340426,73453104.64611377,71112881.4059026,61326754.38596492,65964459.8690858,63.5,1.0,1390.0,0.4838709677419355,0.5731225296442688,0.7786561264822134,0.5668202764976958,0.635,35.68566131591797,51.46393966674805,14.0,inside,ok,,,,,,,,,,
abshar-tehran,271,5500000000.0,60256410.256410256,30419540.229885057,77607816.71159029,69150849.90452564,46666666.66666666,67001876.17260788,102.0,2.0,1400.0,0.8243243243243243,0.906614785992218,0.9416342412451362,0.2974683544303797,0.9281045751633988,35.759328842163086,51.22451210021973,22.0,inside,ok,283.0,195000000.0,179000000.0,207000000.0,17000000000.0,91.0,2.0,1392.0,0.8939929328621908,0.8657243816254417
parastar,270,6522500000.0,84000000.0,68562500.0,104313501.14416476,83715662.6441673,79887096.77419354,89057231.29610115,85.0,2.0,1394.0,0.6639676113360324,0.7276264591439688,0.8793774319066148,0.5,0.8,35.687538146972656,51.48453903198242,14.0,inside,ok,,,,,,,,,,
dehkade-olympic,270,11900000000.0,96463937.62183236,68690476.19047618,125000000.0,90640863.87225504,85644536.71328671,105358422.93906812,125.0,2.0,1401.0,0.7062146892655368,0.9116279069767442,0.9767441860465116,0.4094488188976378,0.9745222929936306,35.76129913330078,51.25746154785156,22.0,inside,ok,,,,,,,,,,
majidiyeh,269,5270000000.0,83076923.07692307,72500000.0,98148148.14814816,83186169.84368704,80000000.0,85903614.45783132,65.0,2.0,1390.5,0.5604838709677419,0.60546875,0.90234375,0.4975369458128079,0.8390804597701149,35.736013412475586,51.46651077270508,8.0,inside,ok,,,,,,,,,,
vanak,269,19500000000.0,145000000.0,118518518.51851852,179487179.4871795,114495486.14391305,140000000.0,150232558.1395349,149.0,3.0,1385.0,0.9110169491525424,0.9629629629629628,0.9506172839506172,0.4496644295302013,0.9323308270676692,35.758527755737305,51.39923858642578,3.0,inside,ok,,,,,,,,,,
amaniyeh,266,22000000000.0,145129734.25402802,128871706.75830469,183013598.83438563,114379892.74644576,140985901.409859,151851851.85185185,155.0,3.0,1387.0,0.908713692946058,0.9678714859437751,0.9718875502008032,0.4571428571428571,0.9370629370629372,35.779441833496094,51.419395446777344,3.0,inside,ok,,,,,,,,,,
aghdasieh,261,39000000000.0,212500000.0,154320987.654321,266666666.66666663,141574733.9467407,195171624.7139588,222727272.72727272,200.0,3.0,1395.0,0.9789915966386554,0.9919354838709676,0.9919354838709676,0.2857142857142857,0.9857142857142858,35.805532455444336,51.47702217102051,1.0,inside,ok,161.0,737000000.0,557000000.0,1000000000.0,200000000000.0,275.0,3.0,1398.0,1.0,0.9937888198757764
shahin,260,9500000000.0,111506935.68726356,100000000.0,121357402.51156645,98244719.53081182,110040254.23728812,114285714.28571428,88.0,2.0,1394.0,0.8063241106719368,0.94921875,0.953125,0.6571428571428571,0.953846153846154,35.76120376586914,51.313438415527344,5.0,inside,ok,,,,,,,,,,
almahdi,254,6900000000.0,99206349.2063492,86691176.47058824,110731538.99240854,91871821.11299811,96069140.625,100956912.87878788,72.0,2.0,1387.0,0.49800796812749,0.9130434782608696,0.8972332015810277,0.6995305164319249,0.9655172413793104,35.774356842041016,51.3282527923584,5.0,inside,ok,1172.0,268000000.0,234000000.0,305250000.0,19200000000.0,73.0,2.0,1388.0,0.8976109215017065,0.5008532423208191
shahrak-e-kianshahr,254,3193000000.0,51677192.98245614,40129310.34482759,57973684.21052632,63784821.79744846,48790322.58064516,53118000.60864273,64.0,1.0,1391.0,0.5555555555555556,0.5020242914979757,0.4493927125506073,0.4202898550724637,0.625,35.63767623901367,51.44850158691406,15.0,inside,ok,,,,,,,,,,
daryan-no,253,10500000000.0,107843137.25490196,93220338.98305084,121111111.1111111,96240079.9267128,104561597.28122345,111015151.5151515,100.0,2.0,1394.0,0.8008474576271186,0.9369747899159664,0.9453781512605042,0.5930232558139535,0.9547738693467336,35.714054107666016,51.36056900024414,2.0,inside,ok,,,,,,,,,,
shahrak-naft-district5,252,9125000000.0,112250000.0,100000000.0,125519480.51948053,98388434.56811751,109624066.00249068,115533625.73099416,84.5,2.0,1391.0,0.8625,0.9590163934426228,0.9795081967213116,0.6051282051282051,0.9398907103825136,35.78352355957031,51.3365592956543,5.0,inside,ok,,,,,,,,,,
yaftabad,249,2500000000.0,38823529.4117647,28888888.888888888,45000000.0,54557711.56726757,,,70.0,1.0,1391.0,0.5126903553299492,0.488479262672811,0.6820276497695853,0.3764705882352941,0.7763157894736842,35.643272399902344,51.30583381652832,18.0,inside,ok,,,,,,,,,,
shahrak-e-jandarmeri,247,16200000000.0,147887323.94366196,125000000.0,183064516.12903225,114411941.3084431,,,115.0,2.0,1396.0,0.925438596491228,0.9787234042553192,0.9787234042553192,0.3571428571428571,0.9767441860465116,35.734561920166016,51.35727310180664,2.0,inside,ok,,,,,,,,,,
ozgol,243,14500000000.0,140186915.88785046,120851449.27536231,166103603.6036036,110847554.08281834,,,107.0,2.0,1395.5,0.9641255605381166,0.9872881355932204,0.9915254237288136,0.4496644295302013,0.9363057324840764,35.79227256774902,51.49772834777832,1.0,inside,ok,188.0,400000000.0,354000000.0,444500000.0,47000000000.0,120.0,2.0,1395.0,0.9893617021276596,0.9840425531914894
tehran-no,241,6500000000.0,84745762.71186441,68224299.06542057,100000000.0,84102262.7116021,,,81.0,2.0,1391.0,0.6571428571428571,0.7174887892376681,0.8654708520179372,0.536144578313253,0.7816091954022989,35.709510803222656,51.49639129638672,13.0,inside,ok,,,,,,,,,,
khani-abad-no,240,4300000000.0,61465433.300876334,48474747.47474748,70000000.0,70585633.05511148,,,74.0,2.0,1392.0,0.5523809523809524,0.625,0.625,0.489247311827957,0.8888888888888888,35.62945938110352,51.38964080810547,19.0,inside,ok,,,,,,,,,,
aramaneh,237,3710000000.0,68043478.26086956,59677419.35483871,76388888.8888889,74657916.23857148,,,61.0,1.0,1390.0,0.5898617511520737,0.5133928571428571,0.8303571428571429,0.4335260115606936,0.7852760736196319,35.72045135498047,51.45733833312988,7.0,inside,ok,589.0,179000000.0,155000000.0,202000000.0,10400000000.0,60.0,1.0,1394.0,0.5585738539898133,0.633276740237691
ekbatan,234,11111111111.0,98148148.14814816,76153575.2025361,117130691.12348507,91019410.7358667,,,135.0,2.0,1371.0,0.9611650485436892,0.7297297297297297,0.6936936936936937,0.5159235668789809,0.4711538461538461,35.708160400390625,51.306427001953125,5.0,inside,ok,359.0,319000000.0,273000000.0,363000000.0,39500000000.0,135.0,3.0,1370.0,0.6880222841225627,0.9832869080779943
oghaf,231,5400000000.0,78125000.0,69614069.36980948,85000000.0,80500096.06082462,,,75.0,2.0,1393.0,0.7630331753554502,0.7889908256880734,0.9587155963302753,0.2948717948717949,0.7619047619047619,35.74889373779297,51.51414108276367,4.0,inside,ok,,,,,,,,,,
sharifabad,226,1575000000.0,12500000.0,3250000.0,20520097.30105409,30459419.93783508,,,150.0,2.0,1399.0,0.6557377049180327,0.6782608695652174,0.7391304347826086,0.1923076923076923,0.7142857142857143,35.42277145385742,51.78679656982422,,outside_tehran,outside_districts,,,,,,,,,,
sarsabz,225,7500000000.0,103448275.86206897,85000000.0,120089285.71428572,93440015.65487576,,,82.0,2.0,1390.0,0.5925925925925926,0.7201834862385321,0.9587155963302753,0.5426829268292683,0.84472049689441,35.72645378112793,51.49771308898926,8.0,inside,ok,,,,,,,,,,
khazaneh,225,3500000000.0,50568181.81818182,45000000.0,55555555.55555555,63968684.040897325,,,73.0,2.0,1393.0,0.7247191011235955,0.5238095238095238,0.6190476190476191,0.4022988505747126,0.7763157894736842,35.6393928527832,51.42206382751465,16.0,inside,ok,,,,,,,,,,
south-narmak,224,5300000000.0,86180555.55555555,75746753.24675325,98322876.44787644,84825604.12542039,,,65.0,2.0,1392.0,0.6188118811881188,0.6411483253588517,0.8995215311004785,0.5028571428571429,0.7639751552795031,35.71841812133789,51.489013671875,8.0,inside,ok,,,,,,,,,,
estakhr,222,5866000000.0,78331415.42002302,53970588.23529412,87828269.12642431,80663419.3749084,,,90.0,2.0,1396.0,0.9186046511627908,0.9150943396226416,0.9481132075471698,0.3448275862068966,0.8875,35.755136489868164,51.56196975708008,4.0,inside,ok,324.0,208000000.0,189000000.0,226000000.0,15550000000.0,79.0,2.0,1394.0,0.8827160493827161,0.8981481481481481
bahar,221,8200000000.0,98484848.48484848,84615384.61538461,111764705.88235296,90971120.91486973,,,86.0,2.0,1391.0,0.7611940298507462,0.8413461538461539,0.908653846153846,0.5,0.8287671232876712,35.71185302734375,51.43248748779297,7.0,inside,ok,,,,,,,,,,
ajoodanieh,220,25000000000.0,169375000.0,104702380.95238096,210094850.94850948,120828140.49867256,,,155.0,3.0,1395.0,0.940828402366864,0.9903381642512076,0.9855072463768116,0.464,0.9395973154362416,35.80843162536621,51.48390769958496,1.0,inside,ok,211.0,592000000.0,500000000.0,704000000.0,113000000000.0,180.0,3.0,1396.0,0.990521327014218,0.976303317535545
sharif,218,7925000000.0,65180124.22360249,38208737.86407767,82142857.14285713,73311064.15490933,,,118.0,2.0,1403.0,0.99009900990099,0.9952153110047848,0.9952153110047848,0.1418918918918918,1.0,35.75377655029297,51.14631652832031,22.0,inside,ok,,,,,,,,,,
sharara,218,12900000000.0,117866082.60325406,95833333.33333331,140000000.0,99849464.85743035,,,105.0,2.0,1395.0,0.7609756097560976,0.861904761904762,0.923809523809524,0.5167785234899329,0.9664429530201344,35.72113800048828,51.37224197387695,2.0,inside,ok,,,,,,,,,,
abbas-abad,214,11170000000.0,113619240.79976818,92445054.94505496,133203125.0,97816411.0103044,,,106.0,2.0,1392.0,0.8010752688172043,0.8324873096446701,0.8730964467005076,0.4859154929577465,0.9172413793103448,35.72870635986328,51.43783378601074,7.0,inside,ok,,,,,,,,,,
north-karegar,214,11600000000.0,117422965.8160809,98035714.28571428,135000000.0,99495654.29400258,,,106.5,2.0,1392.0,0.75,0.7969543147208121,0.9035532994923858,0.4929577464788732,0.902097902097902,35.71920394897461,51.394338607788086,6.0,inside,ok,,,,,,,,,,
taslihat,212,3800000000.0,67741935.48387097,60667293.23308271,77095238.09523809,74907976.15102994,,,56.0,1.0,1392.0,0.3830845771144278,0.6067961165048543,0.9174757281553398,0.5448717948717948,0.746268656716418,35.718528747558594,51.47330474853516,8.0,inside,ok,,,,,,,,,,
fadak,211,6400000000.0,95000000.0,77369721.47349507,110084745.76271188,89131800.60681692,,,74.0,2.0,1393.0,0.6464646464646465,0.7205882352941176,0.8872549019607843,0.5341614906832298,0.7884615384615384,35.72528839111328,51.48163604736328,8.0,inside,ok,,,,,,,,,,
south-mehrabad,210,3450000000.0,59045454.54545455,50227272.72727273,66083333.333333336,69851836.39702693,,,63.0,1.0,1392.0,0.5789473684210527,0.628140703517588,0.7336683417085427,0.4615384615384615,0.8297872340425532,35.675912857055664,51.33846664428711,9.0,inside,ok,,,,,,,,,,
azari,208,2400000000.0,50000000.0,41998494.80021894,54901108.454683766,64227259.47296686,,,59.5,1.0,1392.0,0.5232558139534884,0.5760869565217391,0.6739130434782609,0.5405405405405406,0.7727272727272727,35.66691589355469,51.352935791015625,17.0,inside,ok,236.0,116000000.0,105000000.0,127000000.0,6000000000.0,53.0,1.0,1390.0,0.4703389830508475,0.461864406779661
sohanak,208,14040000000.0,134262496.76249677,111902834.00809716,151454689.98410174,106271664.118553,,,110.0,2.0,1391.0,0.9836065573770492,0.9685863874345548,0.9738219895287958,0.5354330708661418,0.8623853211009175,35.79722785949707,51.53304862976074,1.0,inside,ok,,,,,,,,,,
eskandari,204,3250000000.0,60000000.0,52000000.0,70629855.71587124,70595777.78394483,,,55.0,1.0,1383.5,0.3385416666666667,0.4387755102040816,0.8622448979591837,0.6932515337423313,0.7972972972972973,35.687496185302734,51.38174819946289,11.0,inside,ok,552.0,155500000.0,127750000.0,186000000.0,9190000000.0,62.0,2.0,1387.0,0.5108695652173914,0.5362318840579711
hekmat,203,21000000000.0,177528089.88764045,150000000.0,202025689.05539203,121973484.1432829,,,120.0,2.0,1398.0,0.9281767955801103,0.9405405405405406,0.945945945945946,0.3916666666666666,0.9296875,35.80030059814453,51.442665100097656,1.0,inside,ok,,,,,,,,,,
tehran-gorgan,201,3600000000.0,65714285.71428572,56818181.81818182,74000000.0,73979372.90993215,,,56.0,1.0,1387.0,0.5054347826086957,0.5531914893617021,0.8776595744680851,0.4830508474576271,0.7,35.709938049316406,51.45088958740234,7.0,inside,ok,,,,,,,,,,
shoosh,199,2650000000.0,42000000.0,37071428.57142857,50000000.0,59211616.30759771,,,68.0,2.0,1394.0,0.6382978723404256,0.5738636363636364,0.6534090909090909,0.282051282051282,0.6846846846846847,35.656288146972656,51.440677642822266,15.0,inside,ok,,,,,,,,,,
doolab,199,2800000000.0,51639344.26229508,44000000.0,58571428.571428575,65638732.33405233,,,58.0,1.0,1391.0,0.4228571428571429,0.4193548387096774,0.7795698924731183,0.3706293706293706,0.6597938144329897,35.66701316833496,51.46002960205078,14.0,inside,ok,,,,,,,,,,
javadiyeh-tehran-pars,196,4200000000.0,67132976.34984381,47666666.66666666,74517730.49645391,74877525.52501644,,,70.0,2.0,1393.0,0.6761363636363636,0.73224043715847,0.8633879781420765,0.3962264150943396,0.7,35.733619689941406,51.55150985717773,4.0,inside,ok,,,,,,,,,,
east-shareq,189,4820000000.0,68918918.91891892,61702127.65957447,74000000.0,75987958.87871931,,,72.0,2.0,1397.0,0.7696629213483146,0.7206703910614525,0.7877094972067039,0.3971631205673759,0.8432835820895522,35.71234130859375,51.46450424194336,7.0,inside,ok,,,,,,,,,,
hasan-abad-shomali,186,9922500000.0,114785256.41025642,100000000.0,130000000.0,97236761.13638268,,,96.0,2.0,1392.0,0.8764044943820225,0.9333333333333332,1.0,0.5918367346938775,0.9323308270676692,35.732322692871094,51.32130813598633,5.0,inside,ok,,,,,,,,,,
darvazeh-shemiran,185,5800000000.0,75000000.0,62500000.0,90476190.47619048,79219370.738171,,,80.0,2.0,1385.5,0.5512820512820513,0.6294117647058823,0.8,0.5069444444444444,0.7518248175182481,35.69613265991211,51.443302154541016,12.0,inside,ok,,,,,,,,,,
firoozabadi,184,5000000000.0,65098039.21568628,54948630.1369863,73537162.16216215,74033404.8588021,,,83.5,2.0,1395.5,0.8242424242424242,0.7078651685393258,0.6797752808988764,0.291970802919708,0.7894736842105263,35.59514617919922,51.43282699584961,20.0,inside,ok,,,,,,,,,,
darya,180,20550000000.0,166904761.9047619,143638250.3192848,198487314.7732376,115799206.52898878,,,128.0,3.0,1393.0,0.9444444444444444,0.9653179190751444,0.9826589595375722,0.5615384615384615,0.9230769230769232,35.77321243286133,51.37416458129883,2.0,inside,ok,,,,,,,,,,
tohid,180,8550000000.0,101209834.46932814,80000000.0,112792207.7922078,91369148.45905463,,,95.0,2.0,1390.0,0.6890243902439024,0.8,0.9212121212121211,0.5470085470085471,0.8151260504201681,35.70529556274414,51.37225341796875,2.0,inside,ok,,,,,,,,,,
gholhak,179,15900000000.0,148672566.37168142,126365441.90665343,175894736.84210527,109536674.9821494,,,108.0,2.0,1390.0,0.8176100628930818,0.927710843373494,0.9698795180722892,0.5047619047619047,0.9339622641509434,35.77467346191406,51.44390869140625,3.0,inside,ok,,,,,,,,,,
jomhouri,176,5200000000.0,78317448.68035191,63513896.76687464,93981481.48148148,80946686.37171191,,,78.5,2.0,1388.0,0.4774193548387097,0.5679012345679012,0.7839506172839507,0.6,0.7933884297520661,35.696685791015625,51.38128662109375,11.0,inside,ok,,,,,,,,,,
tehran-police,175,5600000000.0,88135593.22033899,75277777.77777778,102500000.0,85540927.92138703,,,72.0,2.0,1385.0,0.5220125786163522,0.608433734939759,0.8433734939759037,0.6183206106870229,0.7829457364341085,35.718204498291016,51.44374847412109,7.0,inside,ok,,,,,,,,,,
kamraniyeh,170,41350000000.0,219677419.35483876,187500000.0,261111111.1111111,130087590.55994768,,,200.0,3.0,1396.0,0.9873417721518988,0.9817073170731708,0.9817073170731708,0.4235294117647059,0.931372549019608,35.806640625,51.46280670166016,1.0,inside,ok,,,,,,,,,,
bolursazi,170,2895000000.0,50741758.24175824,46491555.38098979,55987704.91803279,66347830.0848252,,,61.0,1.0,1394.0,0.660377358490566,0.5950920245398773,0.6809815950920245,0.5611510791366906,0.8540145985401459,35.66257858276367,51.37925148010254,17.0,inside,ok,,,,,,,,,,
atabak,169,2800000000.0,43065693.43065693,38333333.333333336,46153846.15384615,61591037.53435297,,,68.0,2.0,1397.0,0.8111888111888111,0.6455696202531646,0.6962025316455697,0.4285714285714285,0.6833333333333333,35.65052032470703,51.46204376220703,15.0,inside,ok,206.0,101000000.0,91900000.0,111000000.0,7050000000.0,71.0,2.0,1399.0,0.7087378640776699,0.912621359223301
makhsous,168,3110000000.0,56852008.456659615,47670454.54545455,65453384.41890166,69984658.1634342,,,62.0,1.0,1388.0,0.4863013698630137,0.5220125786163522,0.8050314465408805,0.5746268656716418,0.8225806451612904,35.67820739746094,51.38805389404297,11.0,inside,ok,,,,,,,,,,
nosrat,164,7950000000.0,100000000.0,80256410.25641026,119337606.83760685,90467756.58834004,,,95.0,2.0,1391.0,0.6776315789473685,0.7468354430379747,0.7658227848101266,0.3697478991596639,0.8235294117647058,35.70454788208008,51.386112213134766,6.0,inside,ok,,,,,,,,,,
abshar,163,4200000000.0,54444444.44444445,20357142.85714286,69782608.69565217,68834738.37595129,,,100.0,2.0,1396.5,0.6698113207547169,0.7222222222222222,0.7847222222222222,0.2892561983471074,0.8076923076923077,35.67765998840332,51.44130516052246,12.0,inside,ok,110.0,170000000.0,144000000.0,195750000.0,13050000000.0,77.0,2.0,1392.0,0.6,0.7
karevan,163,2500000000.0,43421052.63157895,40000000.0,49365271.06816962,62185402.58491688,,,61.0,1.0,1388.0,0.4420289855072464,0.5394736842105263,0.7368421052631579,0.5426356589147286,0.5575221238938053,35.6112174987793,51.495710372924805,15.0,inside,ok,,,,,,,,,,
mina,162,3600000000.0,63807471.26436782,55185280.49408132,74317617.86600496,73948738.77762076,,,60.0,1.0,1386.5,0.3931034482758621,0.512987012987013,0.7922077922077922,0.5957446808510638,0.6972477064220184,35.67208671569824,51.45162773132324,14.0,inside,ok,,,,,,,,,,
tayeb,161,2600000000.0,45333333.333333336,42222222.222222224,49736842.10526316,63518503.52370092,,,57.0,1.0,1395.0,0.6617647058823529,0.4569536423841059,0.5695364238410596,0.4573643410852713,0.6346153846153846,35.659568786621094,51.44916915893555,15.0,inside,ok,,,,,,,,,,
amir-bahador,161,3650000000.0,62500000.0,50487804.87804878,72093023.25581396,73299017.5965549,,,63.0,1.0,1391.0,0.5612903225806452,0.5159235668789809,0.732484076433121,0.4779411764705882,0.8849557522123894,35.67104148864746,51.40328788757324,11.0,inside,ok,,,,,,,,,,
havanirooz,160,8712500000.0,86488306.16583982,63709677.41935484,105873323.92378265,84721079.6991889,,,110.0,2.0,1400.0,0.8156028368794326,0.9178082191780822,1.0,0.4245283018867924,0.972972972972973,35.74336814880371,51.24649429321289,22.0,inside,ok,,,,,,,,,,
dardasht,160,6500000000.0,92724867.72486772,80981265.35626535,106817567.56756756,87383807.1483086,,,75.0,2.0,1390.0,0.6344827586206897,0.673469387755102,0.9455782312925172,0.5137614678899083,0.7592592592592593,35.72756576538086,51.50307083129883,8.0,inside,ok,,,,,,,,,,
kazem-abad,155,8200000000.0,101898734.1772152,89621794.87179488,118811881.18811882,90982423.65235476,,,84.0,2.0,1393.0,0.823943661971831,0.8263888888888888,0.9166666666666666,0.4444444444444444,0.83,35.7509651184082,51.46858406066895,4.0,inside,ok,,,,,,,,,,
hor-square,153,4200000000.0,65384615.38461538,51851851.85185185,77142857.14285715,75017069.54981813,,,70.0,2.0,1386.0,0.4296875,0.5899280575539568,0.8992805755395683,0.5565217391304348,0.9090909090909092,35.687917709350586,51.3884334564209,11.0,inside,ok,,,,,,,,,,
elm-o-sanat,152,6850000000.0,85714285.71428572,73790476.19047618,101072597.6151508,84353248.97777401,,,81.5,2.0,1390.5,0.746268656716418,0.7928571428571428,0.9357142857142856,0.415929203539823,0.8111111111111111,35.741071701049805,51.51243209838867,4.0,inside,ok,,,,,,,,,,
baqerkhan,150,11055555555.5,110033557.04697987,91245996.64480709,124576484.01826485,93875025.42921656,,,100.0,2.0,1393.0,0.7535211267605634,0.863013698630137,0.958904109589041,0.5648148148148148,0.9285714285714286,35.714996337890625,51.37483787536621,2.0,inside,ok,,,,,,,,,,
imamzadeh-hasan,149,2600000000.0,48780487.80487805,44531250.0,54000000.0,66301838.99595817,,,55.0,1.0,1392.0,0.5869565217391305,0.5390070921985816,0.7943262411347518,0.5859375,0.8421052631578947,35.66447830200195,51.36205673217773,17.0,inside,ok,165.0,114000000.0,105000000.0,128000000.0,7400000000.0,65.0,2.0,1395.0,0.503030303030303,0.6909090909090909
shadabad,147,3150000000.0,47115384.615384616,42422502.87026406,54000000.0,65449142.173041664,,,74.0,2.0,1395.0,0.8625954198473282,0.7407407407407407,0.7037037037037037,0.3714285714285714,0.845360824742268,35.65815353393555,51.30338096618652,18.0,inside,ok,,,,,,,,,,
tehranvila,146,11525000000.0,111180555.55555557,83684415.14536849,133432130.58419244,94113747.66921616,,,115.0,2.0,1393.0,0.8034188034188035,0.9407407407407408,0.9481481481481482,0.4705882352941176,0.9181818181818182,35.72248840332031,51.367218017578125,2.0,inside,ok,,,,,,,,,,
shemiran-no,145,2650000000.0,41555555.55555555,34444444.44444445,52857142.85714286,62203024.94755471,,,65.0,1.0,1390.0,0.2016806722689075,0.2794117647058823,0.6985294117647058,0.475,0.5567010309278351,35.75210189819336,51.5004997253418,4.0,inside,outlier_vs_district,,,,,,,,,,
sheykh-hadi,144,5450000000.0,70530701.75438598,59912280.701754384,83978758.16993465,77713201.95206408,,,80.0,2.0,1385.0,0.5,0.5362318840579711,0.7681159420289855,0.4873949579831932,0.9375,35.691429138183594,51.40489196777344,11.0,inside,ok,,,,,,,,,,
jamalzadeh,144,6165000000.0,85357142.85714287,70000000.0,104161747.34356552,84174603.90535444,,,75.0,2.0,1390.0,0.6124031007751938,0.6666666666666666,0.8560606060606061,0.5612244897959183,0.8333333333333334,35.69633483886719,51.38865280151367,11.0,inside,ok,,,,,,,,,,
hashem-abad,142,2500000000.0,44381313.13131313,39443247.12643679,48889627.659574464,64152122.32456368,,,58.5,1.0,1390.0,0.5,0.5144927536231884,0.7101449275362319,0.4758064516129032,0.5673076923076923,35.644330978393555,51.47095680236816,15.0,inside,ok,,,,,,,,,,
dabestan,140,6800000000.0,94135802.4691358,80468750.0,103362068.96551724,87622564.8244377,,,73.0,2.0,1385.0,0.5597014925373134,0.6444444444444445,0.9111111111111112,0.52,0.7391304347826086,35.73855209350586,51.4559326171875,7.0,inside,ok,,,,,,,,,,
tehran-jolfa,138,13000000000.0,117655430.71161048,102681451.61290322,140683038.11057436,95934967.8173334,,,112.5,2.0,1386.5,0.736,0.921875,0.9296875,0.4574468085106383,0.9775280898876404,35.747880935668945,51.4442024230957,3.0,inside,ok,,,,,,,,,,
shahid-dastgheyb,137,4320000000.0,64516129.03225806,58895705.5214724,70000000.0,75098793.83596404,,,65.0,2.0,1395.0,0.768,0.6335877862595419,0.7633587786259542,0.4897959183673469,0.8888888888888888,35.68647384643555,51.34994506835938,9.0,inside,ok,,,,,,,,,,
tolid-daroo,137,3400000000.0,55000000.0,47959183.67346939,63478260.86956522,70381460.82151885,,,67.0,2.0,1392.0,0.671875,0.6,0.6692307692307692,0.4615384615384615,0.8444444444444444,35.66410827636719,51.33588981628418,18.0,inside,ok,,,,,,,,,,
farah-abad,137,5400000000.0,80188679.24528302,70312500.0,92222222.22222222,82040333.7781569,,,73.0,2.0,1393.0,0.6747967479674797,0.7063492063492064,0.7619047619047619,0.4495412844036697,0.7326732673267327,35.67877578735352,51.48455047607422,14.0,inside,ok,364.0,227000000.0,186000000.0,256000000.0,18750000000.0,85.0,2.0,1395.0,0.7197802197802198,0.7225274725274725
tehran-lashkar,136,3525000000.0,70833333.33333333,64444444.44444445,76504629.62962964,78027954.82945304,,,53.5,1.0,1395.0,0.544,0.578125,0.8515625,0.4555555555555555,0.6578947368421053,35.72686195373535,51.46576690673828,8.0,inside,ok,,,,,,,,,,
lavizan,135,7600000000.0,90000000.0,59953917.05069125,108883534.13654618,85958341.70364968,,,95.0,2.0,1393.0,0.7888888888888889,0.8442622950819673,0.9508196721311476,0.367816091954023,0.8020833333333334,35.77014350891113,51.51229476928711,4.0,inside,ok,,,,,,,,,,
shahrak-e-cheshmeh,132,12300000000.0,94862689.3939394,75735294.11764707,123577380.95238096,87739230.07357308,,,120.0,2.0,1394.0,0.7078651685393258,0.8691588785046729,0.97196261682243,0.3734939759036144,0.9102564102564102,35.7512264251709,51.26145362854004,22.0,inside,ok,,,,,,,,,,
shahrak-shahid-bagheri,130,6000000000.0,75325553.86436665,65939922.48062015,80164835.16483517,80081851.13721293,,,83.0,2.0,1388.0,0.5581395348837209,0.7131782945736435,1.0,0.4555555555555555,0.9861111111111112,35.7615852355957,51.20418167114258,22.0,inside,ok,,,,,,,,,,
yakhchi-abad,130,4140000000.0,58759590.79283887,48540512.9699796,71135265.7004831,72617683.98804419,,,77.5,2.0,1392.0,0.6703296703296703,0.6140350877192983,0.5789473684210527,0.3861386138613861,0.7311827956989247,35.62875175476074,51.40277099609375,16.0,inside,ok,,,,,,,,,,
kooy-e-bimeh,129,6800000000.0,92282608.69565216,83734939.75903614,100684931.50684932,86733944.46591108,,,77.0,2.0,1390.5,0.8188976377952756,0.9765625,0.953125,0.6288659793814433,0.898876404494382,35.705833435058594,51.31902313232422,5.0,inside,ok,,,,,,,,,,
molavi,129,2450000000.0,39423076.92307692,34285714.28571428,47619047.61904762,62138445.96082554,,,67.0,1.0,1393.0,0.74,0.6055045871559633,0.5779816513761468,0.3370786516853932,0.7076923076923077,35.66513252258301,51.42282295227051,12.0,inside,ok,,,,,,,,,,
khavaran,128,2525000000.0,48416666.66666667,40312500.0,53985116.4797239,67420183.08802897,,,61.0,1.0,1389.0,0.5714285714285714,0.5585585585585585,0.7027027027027027,0.4639175257731959,0.5833333333333334,35.6649284362793,51.45326614379883,14.0,inside,ok,,,,,,,,,,
nabi-akram,128,4200000000.0,73145604.3956044,66666666.66666666,81944444.44444445,79198879.70309494,,,60.5,2.0,1393.0,0.5289256198347108,0.5934959349593496,0.7479674796747967,0.4259259259259259,0.6774193548387096,35.68169403076172,51.477684020996094,14.0,inside,ok,,,,,,,,,,
sheykh-al-raeis,128,3335000000.0,60626913.58024691,52083333.333333336,70000000.0,73604653.60986963,,,62.0,1.0,1389.0,0.4833333333333333,0.5241935483870968,0.6290322580645161,0.3541666666666667,0.6621621621621622,35.696327209472656,51.45198059082031,13.0,inside,ok,,,,,,,,,,
south-ali-abad,127,3150000000.0,45833333.333333336,37770897.83281734,54288455.388551325,66066457.695309125,,,74.0,2.0,1386.5,0.6410256410256411,0.5645161290322581,0.6935483870967742,0.4770642201834862,0.8817204301075269,35.626651763916016,51.42118835449219,16.0,inside,ok,,,,,,,,,,
minabi,127,2850000000.0,44855072.46376812,40964834.51536644,49652777.777777776,65515182.460242,,,64.0,1.0,1397.0,0.8807339449541285,0.5655737704918032,0.5983606557377049,0.375,0.8255813953488372,35.651851654052734,51.45701408386231,15.0,inside,ok,,,,,,,,,,
shokoofeh,126,3500000000.0,62916666.66666667,53233308.32708177,75000000.0,74755797.05761474,,,65.0,2.0,1387.0,0.4188034188034188,0.525,0.725,0.5145631067961165,0.5394736842105263,35.6827449798584,51.4492073059082,14.0,inside,ok,,,,,,,,,,
saheb-al-zaman,126,3850000000.0,63927710.84337349,57142857.14285714,69969879.51807229,75217831.74244067,,,62.0,1.0,1394.0,0.6528925619834711,0.6229508196721312,0.6475409836065574,0.4380952380952381,0.6842105263157895,35.67417907714844,51.46669006347656,14.0,inside,ok,,,,,,,,,,
baharestan,126,3995000000.0,26333333.333333336,19812500.0,72892960.46287367,53388322.67935879,,,100.0,2.0,1397.0,0.559322033898305,0.6422018348623854,0.7981651376146789,0.3636363636363636,0.8470588235294118,35.69634437561035,51.43107032775879,12.0,inside,ok,,,,,,,,,,
zamzam,125,2550000000.0,44444444.44444445,41818181.81818182,48837209.302325584,65436229.16682132,,,60.0,1.0,1394.0,0.7863247863247863,0.6942148760330579,0.8429752066115702,0.7475728155339806,0.8557692307692307,35.6468391418457,51.36715507507324,17.0,inside,ok,,,,,,,,,,
sepehr,122,18150000000.0,158930296.75638372,137828054.29864252,197727272.72727272,106427214.13211437,,,113.5,2.0,1390.0,0.8879310344827587,0.9416666666666668,0.95,0.5111111111111111,0.9230769230769232,35.76824760437012,51.35575675964356,2.0,inside,ok,,,,,,,,,,
behdasht,122,3320000000.0,54243044.1898527,47162698.41269841,64086198.17997978,70821781.85357833,,,62.5,1.0,1388.0,0.4907407407407407,0.5130434782608696,0.7217391304347827,0.4952380952380952,0.8505747126436781,35.65707015991211,51.33958435058594,18.0,inside,ok,,,,,,,,,,
abdol-abad,121,3980000000.0,53333333.333333336,24000000.0,98958333.33333331,70430191.42114091,,,85.0,2.0,1392.0,0.7313432835820896,0.5247524752475248,0.6831683168316832,0.3932584269662921,0.675,35.63204574584961,51.36538314819336,19.0,inside,ok,,,,,,,,,,
sanglaj,121,3500000000.0,50000000.0,40404040.4040404,60000000.0,68737467.02462499,,,71.0,2.0,1389.0,0.5104166666666666,0.5428571428571428,0.7714285714285715,0.4680851063829787,0.6941176470588235,35.672231674194336,51.41193962097168,12.0,inside,ok,,,,,,,,,,
bagh-khazaneh,121,3700000000.0,55000000.0,50000000.0,63076923.07692308,71251887.66284263,,,70.0,2.0,1394.0,0.7079646017699115,0.6186440677966102,0.7542372881355932,0.4509803921568627,0.8651685393258427,35.66352844238281,51.37078094482422,17.0,inside,ok,,,,,,,,,,
tehran-hosein-abad,121,16500000000.0,130208333.33333331,119760479.04191616,149596774.19354838,98600391.4559852,,,122.0,2.0,1401.0,0.9823008849557522,0.9652173913043478,0.9739130434782608,0.3424657534246575,0.8974358974358975,35.775705337524414,51.48215675354003,4.0,inside,ok,,,,,,,,,,
shahrak-e-ferdows,120,2980000000.0,50000000.0,45000000.0,56130434.782608695,68805867.19373035,,,64.5,1.0,1391.0,0.6,0.6454545454545455,0.6454545454545455,0.4141414141414141,0.7402597402597403,35.66455078125,51.326263427734375,18.0,inside,ok,,,,,,,,,,
qiamdash,119,1850000000.0,23125000.0,7569444.444444444,35000000.0,51657473.30435083,,,88.0,2.0,1394.0,0.3653846153846153,0.5903614457831325,0.7590361445783133,0.2278481012658227,0.5862068965517241,35.52367973327637,51.64959907531738,,outside_tehran,outside_districts,,,,,,,,,,
kooye-e-hefdahom-e-shahrivar,118,3550000000.0,50971698.11320755,45020491.803278685,55555555.555416666,69438338.95288488,,,74.0,2.0,1393.0,0.7727272727272727,0.6578947368421053,0.6140350877192983,0.3617021276595745,0.83,35.66621208190918,51.30033493041992,18.0,inside,ok,,,,,,,,,,
shabiri,118,3050000000.0,56791158.53658536,51293828.89200561,65163043.47826088,72280579.35964996,,,58.5,1.0,1392.0,0.5648148148148148,0.6396396396396397,0.8828828828828829,0.5434782608695652,0.8372093023255814,35.67495918273926,51.357818603515625,10.0,inside,ok,,,,,,,,,,
salamat,116,3000000000.0,55437352.24586289,49768518.51851852,62892857.14285714,71752674.95633042,,,54.5,1.0,1390.0,0.4678899082568807,0.4954954954954955,0.8018018018018018,0.5909090909090909,0.7647058823529411,35.67690658569336,51.38307189941406,11.0,inside,ok,,,,,,,,,,
aseman,116,14995000000.0,134424591.15687463,119454098.36065574,162062937.06293705,99322664.86170349,,,110.0,2.0,1390.0,0.8363636363636363,0.9210526315789472,0.9210526315789472,0.5909090909090909,0.935897435897436,35.77888298034668,51.357011795043945,2.0,inside,ok,503.0,398000000.0,349000000.0,470500000.0,42000000000.0,108.0,2.0,1390.0,0.9204771371769384,0.8369781312127237
azadi-sport-complex,114,6700000000.0,73720238.09523809,31062500.0,87345279.21704088,79706268.42968786,,,110.0,2.0,1402.0,0.7889908256880734,0.9369369369369368,0.972972972972973,0.2676056338028169,0.9310344827586208,35.738182067871094,51.25941276550293,22.0,inside,ok,,,,,,,,,,
zarkesh,114,4300000000.0,72672106.0683325,66826923.07692307,81145833.33333333,79292959.97499742,,,60.0,1.0,1394.0,0.5545454545454546,0.6090909090909091,0.9272727272727272,0.550561797752809,0.7272727272727273,35.715471267700195,51.47849082946777,8.0,inside,ok,,,,,,,,,,
imam-sajjad,114,3505000000.0,54457671.95767196,49147727.27272727,60343259.83177995,71406935.92888434,,,70.0,2.0,1392.0,0.6990291262135923,0.6422018348623854,0.6697247706422018,0.4565217391304347,0.8901098901098901,35.65450859069824,51.35778427124024,17.0,inside,ok,,,,,,,,,,
mahmoodiyeh,112,43100000000.0,226903225.8064516,184796577.8071528,294907407.4074074,119393440.56508796,,,200.0,3.0,1395.0,0.981132075471698,1.0,1.0,0.3809523809523809,0.972972972972973,35.795257568359375,51.412559509277344,1.0,inside,ok,,,,,,,,,,
tehran-emamat,112,6050000000.0,82071428.57142857,70311493.01825994,93928571.42857143,82878124.89986074,,,81.0,2.0,1392.0,0.7128712871287128,0.7333333333333333,0.8285714285714286,0.3820224719101123,0.8192771084337349,35.71160125732422,51.489707946777344,13.0,inside,ok,215.0,203000000.0,176000000.0,245000000.0,13500000000.0,70.0,2.0,1388.0,0.6,0.6139534883720931
heshamatiyeh,111,6200000000.0,85000000.0,71006410.25641026,96866499.83679686,83924404.56041604,,,77.0,2.0,1390.5,0.5922330097087378,0.6698113207547169,0.8207547169811321,0.5625,0.7777777777777778,35.726993560791016,51.45331573486328,7.0,inside,ok,,,,,,,,,,
dolatkhah,111,2880000000.0,42000000.0,37129468.17785528,45446570.97288676,65254773.93579962,,,70.0,2.0,1396.0,0.8041237113402062,0.6470588235294118,0.7549019607843137,0.3209876543209876,0.8902439024390244,35.62057113647461,51.34148216247559,19.0,inside,ok,,,,,,,,,,
dezashib,110,21250000000.0,185019685.0393701,149512987.01298702,224831081.0810811,110594770.87549493,,,125.0,2.0,1396.0,0.9714285714285714,0.9813084112149532,0.9906542056074766,0.3846153846153846,0.9130434782608696,35.8081169128418,51.45136260986328,1.0,inside,ok,,,,,,,,,,
sizdah-aban,109,2750000000.0,47428571.42857143,40000000.0,54500000.0,68308203.86010838,,,70.0,2.0,1393.0,0.7228915662650602,0.4752475247524752,0.6435643564356436,0.2333333333333333,0.6323529411764706,35.60715675354004,51.41303825378418,20.0,inside,ok,,,,,,,,,,
sartakht,108,5657500000.0,60000000.0,53645833.333333336,70000000.0,74266419.51055986,,,98.0,2.0,1394.0,0.8041237113402062,0.7254901960784313,0.7647058823529411,0.3037974683544304,0.7333333333333333,35.58856964111328,51.43740463256836,20.0,inside,ok,,,,,,,,,,
khani-abad,108,2870000000.0,46413708.69033048,41515751.347708896,52826961.77062374,67872420.61820272,,,64.0,2.0,1392.0,0.6990291262135923,0.5961538461538461,0.7211538461538461,0.3655913978494624,0.7777777777777778,35.662330627441406,51.409278869628906,12.0,inside,ok,,,,,,,,,,
tajrish,108,13550000000.0,127051282.05128203,26675000.0,175625000.0,96614829.86926658,,,135.5,2.0,1398.0,0.8181818181818182,0.8409090909090909,0.9090909090909092,0.3050847457627119,0.953846153846154,35.804771423339844,51.43100357055664,1.0,inside,ok,,,,,,,,,,
nemat-abad,108,3200000000.0,35678661.616161615,23308423.91304348,46718750.0,61892205.20861759,,,100.0,2.0,1398.0,0.7413793103448276,0.4146341463414634,0.7926829268292683,0.1558441558441558,0.7213114754098361,35.63036918640137,51.35321235656738,19.0,inside,ok,,,,,,,,,,
bolvar-e-keshavarz,105,10500000000.0,94444444.44444443,73456790.12345679,115789473.68421052,87002563.17891107,,,104.0,2.0,1389.0,0.7555555555555555,0.7623762376237624,0.8217821782178217,0.3857142857142857,0.8153846153846154,35.71397972106934,51.401174545288086,6.0,inside,ok,,,,,,,,,,
tehran-iran,102,6525000000.0,80310372.67797393,51552197.8021978,102641025.64102563,82299816.74921346,,,100.0,2.0,1392.0,0.6585365853658537,0.7422680412371134,0.8041237113402062,0.3707865168539326,0.7777777777777778,35.68745803833008,51.44209098815918,12.0,inside,ok,,,,,,,,,,
golchin,102,3375000000.0,51496106.78531702,46681506.84931506,59268507.638072856,70829531.37139256,,,69.0,2.0,1395.0,0.8131868131868132,0.62,0.6,0.4545454545454545,0.9166666666666666,35.65408706665039,51.3668212890625,17.0,inside,ok,,,,,,,,,,
ebrahim-abad,98,2475000000.0,36363636.36363636,3633779.264214047,47882716.04938272,63442412.187477306,,,89.5,1.0,1390.5,0.6326530612244898,0.5694444444444444,0.8333333333333334,0.390625,0.7090909090909091,35.6485710144043,51.302494049072266,18.0,inside,ok,,,,,,,,,,
sad-dastgah,97,5000000000.0,75000000.0,63888888.88888889,89090909.0909091,80514553.40548141,,,73.0,2.0,1392.0,0.5842696629213483,0.6086956521739131,0.8478260869565217,0.3717948717948718,0.7142857142857143,35.68899154663086,51.47317123413086,14.0,inside,ok,,,,,,,,,,
eslam-abad,94,3000000000.0,48658740.09178139,38515965.16690856,58500000.0,70163590.9792938,,,67.5,1.0,1392.0,0.6865671641791045,0.5,0.5789473684210527,0.3174603174603174,0.7142857142857143,35.63992691040039,51.33511352539063,18.0,inside,ok,,,,,,,,,,
hafezie,93,6700000000.0,88000000.0,68888888.8888889,99145299.14529917,84787108.9330405,,,85.0,2.0,1390.0,0.6931818181818182,0.7111111111111111,0.8777777777777778,0.4794520547945205,0.8695652173913043,35.70171928405762,51.495826721191406,13.0,inside,ok,,,,,,,,,,
zahed-gilani,93,4300000000.0,67647058.8235294,59154929.57746479,78688524.59016393,77995820.64510033,,,65.0,1.0,1392.0,0.5977011494252874,0.550561797752809,0.6966292134831461,0.3484848484848485,0.6885245901639344,35.69382095336914,51.45964813232422,13.0,inside,ok,,,,,,,,,,
dehqan,92,4800000000.0,83199295.77464789,71073717.94871795,91328828.82882884,83291079.03815526,,,60.5,1.0,1392.0,0.5402298850574713,0.5888888888888889,0.6666666666666666,0.4415584415584415,0.4696969696969697,35.69524383544922,51.47591400146485,13.0,inside,ok,,,,,,,,,,
shahrak-e-azadi,92,5860000000.0,76197743.2482427,69279142.92497626,85553173.24185249,81015841.63004535,,,85.0,2.0,1393.0,0.5238095238095238,0.9666666666666668,0.9222222222222224,0.5362318840579711,0.7692307692307693,35.7115364074707,51.27526473999024,21.0,inside,ok,,,,,,,,,,
majid-abad,92,6050000000.0,83041692.02678028,70604361.37071651,93104395.6043956,83241336.00042453,,,79.5,2.0,1391.0,0.8235294117647058,0.8953488372093024,0.9302325581395348,0.5633802816901409,0.7384615384615385,35.754682540893555,51.54511642456055,4.0,inside,ok,,,,,,,,,,
kosar,92,2825000000.0,47206340.95634095,43021978.02197802,54845890.41095891,69671321.44676735,,,62.0,1.0,1386.0,0.4337349397590361,0.4943820224719101,0.7078651685393258,0.4878048780487805,0.6440677966101694,35.663238525390625,51.43854522705078,12.0,inside,ok,,,,,,,,,,
eshrat-abad,91,5520000000.0,73692307.6923077,61807313.642756686,93259259.25925924,80190117.34447302,,,78.0,2.0,1384.0,0.5365853658536586,0.5476190476190477,0.7261904761904762,0.5538461538461539,0.819672131147541,35.70396041870117,51.43749237060547,7.0,inside,ok,,,,,,,,,,
shahrak-naft,91,14850000000.0,139444444.44444445,118008509.24562263,159268292.68292683,97889541.36630344,,,115.0,2.0,1395.0,0.8518518518518519,0.951219512195122,0.9634146341463414,0.4067796610169492,0.8793103448275862,35.80707359313965,51.50653076171875,1.0,inside,ok,,,,,,,,,,
arjantin,90,6700000000.0,50083333.33333333,10294117.647058824,114362745.0980392,71153061.31930697,,,135.5,2.0,1385.0,0.6976744186046512,0.8253968253968254,0.8095238095238095,0.3829787234042553,0.8,35.73590850830078,51.41465950012207,6.0,inside,outlier_vs_district,55.0,359000000.0,260500000.0,450500000.0,54000000000.0,145.0,3.0,1383.0,0.8727272727272727,0.6727272727272727
eivanak,89,27000000000.0,207692307.69230768,156666666.66666666,270000000.0,110396574.20418516,,,150.0,3.0,1389.5,0.8688524590163934,0.988095238095238,0.9761904761904762,0.6060606060606061,0.943661971830986,35.760284423828125,51.35743522644043,2.0,inside,ok,,,,,,,,,,
university-of-sharif,89,7100000000.0,91176470.58823527,72769230.76923077,106896551.72413792,85673961.92093389,,,84.0,2.0,1393.0,0.7333333333333333,0.7283950617283951,0.8765432098765432,0.4202898550724637,0.8666666666666667,35.70354080200195,51.35381317138672,2.0,inside,ok,,,,,,,,,,
javanmard-e-ghasab,87,3500000000.0,47000000.0,38881578.94736842,55000000.0,70052320.20642544,,,73.0,2.0,1393.0,0.5657894736842105,0.5301204819277109,0.6987951807228916,0.303030303030303,0.7547169811320755,35.611328125,51.42729949951172,20.0,inside,ok,,,,,,,,,,
aref,87,3500000000.0,63380281.69014084,55495169.0821256,71339285.71428572,76698457.73727864,,,64.0,1.0,1393.0,0.4871794871794871,0.5185185185185185,0.6666666666666666,0.4782608695652174,0.6923076923076923,35.67436218261719,51.45744323730469,14.0,inside,ok,,,,,,,,,,
shian,87,15892000000.0,125984251.96850394,113714733.54231974,144000000.0,94456291.48793258,,,115.0,2.0,1394.5,0.9629629629629628,0.951219512195122,0.975609756097561,0.4464285714285714,0.9534883720930232,35.771846771240234,51.4957275390625,4.0,inside,ok,,,,,,,,,,
qasemabad,87,6000000000.0,77118644.0677966,67747673.78215654,92261904.76190476,81398310.58600293,,,80.0,2.0,1393.5,0.6666666666666666,0.6547619047619048,0.7261904761904762,0.4054054054054054,0.8266666666666667,35.70615768432617,51.47065353393555,13.0,inside,ok,,,,,,,,,,
valiasr,86,6700000000.0,72550904.97737557,34540229.88505747,101282051.28205128,79932592.13187142,,,102.5,2.0,1385.0,0.6949152542372882,0.7333333333333333,0.72,0.3859649122807017,0.8936170212765957,35.70859146118164,51.40704727172852,6.0,inside,ok,,,,,,,,,,
enqelab,86,5800000000.0,69053465.34653465,24791666.666666668,88915016.50165017,78753830.19969499,,,100.0,2.0,1384.5,0.5172413793103449,0.6666666666666666,0.7777777777777778,0.55,0.7962962962962963,35.69899368286133,51.399898529052734,11.0,inside,ok,,,,,,,,,,
qoba,84,19850000000.0,153647214.8541114,132463235.29411764,186401940.9805925,99863741.72368768,,,130.0,2.0,1393.0,0.9571428571428572,0.9315068493150684,0.9863013698630136,0.5681818181818182,1.0,35.76119613647461,51.45028114318848,3.0,inside,ok,,,,,,,,,,
hamzeh-abad,84,3575000000.0,54901021.71136653,42519423.43079125,66750000.0,73656834.67086653,,,74.5,2.0,1391.5,0.8076923076923077,0.8048780487804879,0.6219512195121951,0.3846153846153846,0.8367346938775511,35.598262786865234,51.42442321777344,20.0,inside,ok,,,,,,,,,,
motahari,83,12800000000.0,125000000.0,93383674.93661004,157922077.92207792,93856400.28970316,,,109.0,2.0,1392.0,0.7714285714285715,0.8082191780821918,0.8904109589041096,0.3809523809523809,0.9215686274509804,35.72043991088867,51.41948318481445,6.0,inside,ok,,,,,,,,,,
darabad,82,13400000000.0,133333333.33333331,113737684.72906405,174768518.5185185,95537262.16966294,,,116.0,2.0,1397.0,0.9117647058823528,0.9577464788732394,1.0,0.4489795918367347,0.9375,35.81655311584473,51.49126625061035,1.0,inside,ok,,,,,,,,,,
moqadam,81,3500000000.0,49090909.09090909,46000000.0,51136363.63636363,71543861.44131579,,,72.0,2.0,1394.0,0.7142857142857143,0.6075949367088608,0.6582278481012658,0.4459459459459459,0.921875,35.65726852416992,51.37351989746094,17.0,inside,ok,,,,,,,,,,
araj,81,15500000000.0,143356643.35664335,127000000.0,163636363.63636363,97438738.57621504,,,121.0,2.0,1393.0,0.8860759493670886,1.0,0.9873417721518988,0.4909090909090909,0.9607843137254902,35.79374313354492,51.48902893066406,1.0,inside,ok,665.0,490000000.0,387000000.0,600000000.0,77000000000.0,156.0,3.0,1398.0,0.9939849624060152,0.9804511278195488
behjat-abad,78,12200000000.0,103578947.36842103,84444444.44444445,130521875.0,88576778.72132319,,,120.0,2.0,1380.0,0.6949152542372882,0.828125,0.921875,0.5319148936170213,0.7391304347826086,35.71986770629883,51.41111946105957,6.0,inside,ok,,,,,,,,,,
shiva,78,3300000000.0,59032634.03263404,53872987.47763864,66313432.8358209,75650035.22580619,,,60.0,1.0,1392.0,0.6142857142857143,0.547945205479452,0.6712328767123288,0.4067796610169492,0.6666666666666666,35.68026542663574,51.46942329406738,14.0,inside,ok,,,,,,,,,,
ghanat-kosar,78,8575000000.0,97573529.41176473,86598124.09812409,109916666.66666669,87104762.10969345,,,90.5,2.0,1393.0,0.8,0.8783783783783784,0.945945945945946,0.5079365079365079,0.8360655737704918,35.75571060180664,51.52931213378906,4.0,inside,ok,,,,,,,,,,
darb-dowom,77,16500000000.0,148000000.0,136752136.75213677,168000000.0,97759392.50868855,,,115.0,2.0,1390.0,0.9041095890410958,0.9041095890410958,0.9178082191780822,0.4791666666666667,0.8936170212765957,35.7815055847168,51.44332885742188,3.0,inside,ok,,,,,,,,,,
shahadat,76,3460000000.0,55000000.0,43869565.217391305,59255997.00149925,74323808.14475378,,,65.0,1.0,1392.0,0.6956521739130435,0.547945205479452,0.5068493150684932,0.3432835820895522,0.7058823529411765,35.613677978515625,51.44347381591797,20.0,inside,ok,,,,,,,,,,
ashtiyani,76,6200000000.0,77628054.90458655,63169036.84550744,98369565.2173913,81721735.46890709,,,91.5,2.0,1391.0,0.5333333333333333,0.7536231884057971,0.8840579710144928,0.4464285714285714,0.8392857142857143,35.714927673339844,51.50219535827637,13.0,inside,ok,130.0,220000000.0,184750000.0,253000000.0,17700000000.0,84.0,2.0,1386.0,0.7153846153846154,0.5846153846153846
tehran-shandiz,75,2950000000.0,50000000.0,42177177.177177176,56000000.0,72496084.24478325,,,71.0,2.0,1390.0,0.7538461538461538,0.5942028985507246,0.7681159420289855,0.4590163934426229,0.84,35.657466888427734,51.352420806884766,17.0,inside,ok,,,,,,,,,,
shahrak-e-taleghani,75,3450000000.0,47058823.52941176,12950000.0,51543478.26086956,71307289.71364126,,,88.0,2.0,1395.0,0.9347826086956522,0.8363636363636363,0.5818181818181818,0.3137254901960784,0.8780487804878049,35.65947341918945,51.26714706420898,,outside_tehran,outside_districts,,,,,,,,,,
vasfenard,73,2400000000.0,44000000.0,40178571.42857143,48000000.0,70250798.9947143,,,59.0,1.0,1390.0,0.5079365079365079,0.5588235294117647,0.7794117647058824,0.5606060606060606,0.6607142857142857,35.64614486694336,51.35711479187012,17.0,inside,ok,,,,,,,,,,
iranshahr,71,8000000000.0,98404255.31914894,77986111.1111111,115000000.0,87042898.39721476,,,94.0,2.0,1389.0,0.7321428571428571,0.7833333333333333,0.7333333333333333,0.5,0.75,35.71066665649414,51.42252349853516,6.0,inside,ok,,,,,,,,,,
kashanak,71,19000000000.0,167567567.56756756,127691511.38716356,201092896.1748634,100069048.9871332,,,125.0,3.0,1395.0,0.9310344827586208,0.9696969696969696,0.9848484848484848,0.425531914893617,0.9583333333333334,35.815765380859375,51.479597091674805,1.0,inside,ok,,,,,,,,,,
tavanir,71,17000000000.0,139344262.29508197,116382876.38287638,166250000.0,95348515.19529182,,,124.0,2.0,1387.0,0.8387096774193549,0.9692307692307692,0.9076923076923076,0.5428571428571428,0.8918918918918919,35.74578857421875,51.40910720825195,6.0,inside,ok,,,,,,,,,,
kan,70,4100000000.0,56157635.467980295,42850877.19298246,87250000.0,75227934.84453589,,,75.5,1.5,1395.5,0.5098039215686274,0.5,0.890625,0.2941176470588235,0.6818181818181818,35.75980567932129,51.27836799621582,5.0,inside,ok,,,,,,,,,,
zehtabi,69,2700000000.0,46595744.680851065,41538461.538461536,50000000.0,71789040.8030002,,,64.0,1.0,1393.0,0.6190476190476191,0.5441176470588235,0.7205882352941176,0.3773584905660377,0.7358490566037735,35.641502380371094,51.35987854003906,17.0,inside,ok,,,,,,,,,,
khak-sefid,68,2850000000.0,50555555.55555555,39937500.0,65952380.95238096,73408508.40825146,,,61.5,1.0,1395.5,0.4814814814814814,0.3709677419354839,0.6451612903225806,0.3684210526315789,0.574468085106383,35.74222183227539,51.56264305114746,4.0,inside,ok,,,,,,,,,,
bisim,68,3375000000.0,45219298.24561404,41289370.07874016,50137362.63736264,71359922.10310525,,,72.0,2.0,1399.5,0.8301886792452831,0.6060606060606061,0.4090909090909091,0.2333333333333333,0.6851851851851852,35.65420913696289,51.44809722900391,15.0,inside,ok,,,,,,,,,,
shahrak-daneshgah-tehran,67,3500000000.0,37333333.333333336,28951149.42528736,48000000.0,68125819.37473314,,,90.0,2.0,1398.5,0.6461538461538462,0.8181818181818182,0.8181818181818182,0.3684210526315789,0.9047619047619048,35.70580291748047,51.19872093200684,21.0,inside,ok,,,,,,,,,,
jamaran,67,33000000000.0,191666666.66666663,158125000.0,235416666.6666667,102704485.0530782,,,160.0,3.0,1395.5,0.9833333333333332,1.0,0.984375,0.4090909090909091,0.9534883720930232,35.8154411315918,51.45826721191406,1.0,inside,ok,,,,,,,,,,
qiam,67,3800000000.0,54216867.46987952,45767241.37931034,71581027.66798419,74812276.92075302,,,80.0,2.0,1389.0,0.5892857142857143,0.5666666666666667,0.75,0.4210526315789473,0.7560975609756098,35.66960525512695,51.44112014770508,12.0,inside,ok,,,,,,,,,,
emamzade-ghasem,66,33000000000.0,185357142.85714287,163961442.78606966,229167887.81102547,101616394.9201564,,,178.0,3.0,1396.0,1.0,1.0,0.9846153846153848,0.3958333333333333,1.0,35.81330490112305,51.44185256958008,1.0,inside,ok,,,,,,,,,,
soleymanieh,66,3550000000.0,59761904.76190476,54716442.26846185,69959677.41935484,76734663.17552389,,,62.0,1.0,1386.5,0.4193548387096774,0.46875,0.75,0.5,0.5306122448979592,35.68099594116211,51.45577239990234,14.0,inside,ok,,,,,,,,,,
shahrak-e-aboozar,66,2300000000.0,28210526.31578948,21571428.57142857,32121212.12121212,63694376.01692614,,,85.5,2.0,1402.0,0.7884615384615384,0.4210526315789473,0.6666666666666666,0.1111111111111111,0.8809523809523809,35.62091255187988,51.357011795043945,19.0,snapped,ok,,,,,,,,,,
kuy-faraz,63,12900000000.0,134482758.62068966,116107804.23280424,159722222.2222222,93456046.21764076,,,107.0,2.0,1389.5,0.8596491228070176,0.8870967741935484,0.935483870967742,0.5818181818181818,0.9148936170212766,35.790279388427734,51.36407470703125,2.0,inside,ok,,,,,,,,,,
sar-asiyab-mehr-abad,63,3800000000.0,60000000.0,53384820.747520976,65601757.94455713,77027117.94127898,,,66.0,1.0,1391.0,0.5555555555555556,0.6984126984126984,0.7301587301587301,0.5185185185185185,0.8541666666666666,35.67162322998047,51.32766914367676,9.0,inside,ok,,,,,,,,,,
shamshiri,62,3550000000.0,61844155.84415585,54166666.66666666,67147435.89743589,77654917.40625831,,,63.0,1.0,1393.0,0.6851851851851852,0.6379310344827587,0.6206896551724138,0.4814814814814814,0.8372093023255814,35.67235565185547,51.3403205871582,9.0,inside,ok,,,,,,,,,,
jalili,60,2810400000.0,49509803.92156863,44861111.11111111,53971571.90635452,73898474.58042961,,,59.5,1.0,1392.5,0.5294117647058824,0.4482758620689655,0.5517241379310345,0.3703703703703703,0.7872340425531915,35.650447845458984,51.36162185668945,17.0,inside,ok,,,,,,,,,,
darband,59,19000000000.0,146315789.47368422,98857758.62068966,169905660.3773585,94734766.1111188,,,140.0,2.5,1392.0,0.8,0.8518518518518519,0.9629629629629628,0.2682926829268293,0.9761904761904762,35.81133842468262,51.42918205261231,1.0,inside,ok,,,,,,,,,,
tous,58,4000000000.0,54381720.43010753,50000000.0,74886363.63636364,75708975.63145144,,,68.0,2.0,1394.0,0.8125,0.5740740740740741,0.7962962962962963,0.5238095238095238,0.9574468085106383,35.66061019897461,51.357181549072266,17.0,inside,ok,,,,,,,,,,
shahrak-e-mahalati,58,13375000000.0,121583850.931677,97750000.0,148080021.48227713,90719326.34139916,,,115.0,2.0,1387.0,0.8541666666666666,0.8703703703703703,0.9814814814814816,0.5277777777777778,0.9,35.80434036254883,51.517839431762695,1.0,inside,ok,,,,,,,,,,
hesar-booali,54,37000000000.0,200000000.0,186255411.25541124,244222689.07563025,100380895.37731816,,,170.0,3.0,1395.0,0.9615384615384616,1.0,0.981132075471698,0.4166666666666667,0.9666666666666668,35.80425834655762,51.46779441833496,1.0,inside,ok,,,,,,,,,,
qalamestan,53,3900000000.0,61111111.11111111,49400000.0,66176470.5882353,78091050.68620977,,,65.0,2.0,1390.0,0.5416666666666666,0.4583333333333333,0.8958333333333334,0.3953488372093023,0.8108108108108109,35.67130279541016,51.397579193115234,11.0,inside,ok,,,,,,,,,,
saeed-abad,53,2700000000.0,31250000.0,19642857.14285714,35875000.0,67855366.00671665,,,95.0,2.0,1402.0,0.945945945945946,0.8571428571428571,0.9761904761904762,0.1739130434782608,0.9642857142857144,35.65569305419922,51.28692626953125,18.0,snapped,ok,,,,,,,,,,
shahrak-e-takhti,51,4490000000.0,61290322.58064516,52694063.92694064,65100000.0,78290329.29345138,,,80.0,2.0,1398.0,0.7333333333333333,0.7291666666666666,0.5416666666666666,0.2619047619047619,0.7948717948717948,35.628761291503906,51.4140853881836,16.0,inside,ok,,,,,,,,,,
zargandeh,51,14000000000.0,133333333.33333331,123324978.39239413,153947368.42105263,91683953.47465526,,,102.0,2.0,1394.5,0.8958333333333334,0.82,0.92,0.5476190476190477,0.9761904761904762,35.7764835357666,51.43245315551758,3.0,inside,ok,,,,,,,,,,
chizar,50,20650000000.0,171171993.91171992,142331932.77310923,198951048.9510489,96236882.29422252,,,130.0,2.0,1398.5,0.9069767441860463,0.9782608695652174,0.9565217391304348,0.2647058823529412,0.8823529411764706,35.79753875732422,51.45467376708984,1.0,inside,ok,,,,,,,,,,
esfandyari,50,3400000000.0,56612021.85792349,46282327.5862069,62722222.222222224,77132380.73161583,,,64.5,1.0,1390.0,0.5,0.4791666666666667,0.5208333333333334,0.4146341463414634,0.8285714285714286,35.63292694091797,51.38436126708984,19.0,inside,ok,101.0,150000000.0,124000000.0,179000000.0,10400000000.0,73.0,2.0,1394.0,0.6237623762376238,0.5841584158415841
shahid-asadi,49,3850000000.0,61290322.58064516,53846153.84615385,70000000.0,78444421.61444566,,,69.0,2.0,1391.0,0.5813953488372093,0.5555555555555556,0.5777777777777777,0.2162162162162162,0.7941176470588235,35.700279235839844,51.454519271850586,13.0,inside,ok,,,,,,,,,,
shahed,49,4800000000.0,71296296.2962963,62222222.222222224,84302325.58139534,80813901.41692749,,,73.0,2.0,1386.0,0.6585365853658537,0.6,0.9111111111111112,0.6097560975609756,0.6666666666666666,35.67281150817871,51.47568702697754,14.0,inside,ok,,,,,,,,,,
ferdowsi,49,5650000000.0,73076923.07692307,46875000.0,89743589.74358974,81207157.66290754,,,97.0,2.0,1384.5,0.5,0.6590909090909091,0.8181818181818182,0.475,0.8484848484848485,35.69467735290527,51.41697120666504,12.0,inside,ok,,,,,,,,,,
taxirani,49,5000000000.0,70967741.93548387,62068965.51724138,75308641.97530864,80740479.06078309,,,70.0,2.0,1383.0,0.6222222222222222,0.6739130434782609,0.8260869565217391,0.4,0.896551724137931,35.67100143432617,51.48622131347656,14.0,inside,ok,,,,,,,,,,
jahad,48,12728000000.0,112019230.76923075,100000000.0,134375000.0,88243892.51070173,,,112.0,2.0,1393.0,0.6363636363636364,0.851063829787234,0.8936170212765957,0.3823529411764705,0.9310344827586208,35.72495079040527,51.4040470123291,6.0,inside,ok,,,,,,,,,,
shaharak-e-moslemin,48,3600000000.0,45662931.83940242,40882352.94117648,56250000.0,74174269.43734765,,,70.0,2.0,1391.5,0.65,0.6956521739130435,0.717391304347826,0.3076923076923077,0.7714285714285715,35.650705337524414,51.32245635986328,18.0,snapped,ok,,,,,,,,,,
mansouriyeh,48,3862500000.0,53520270.27027027,49274436.96308335,60212418.30065359,76489057.724772,,,74.5,2.0,1392.0,0.6888888888888889,0.5531914893617021,0.5957446808510638,0.4444444444444444,0.6451612903225806,35.60923957824707,51.43575477600098,20.0,inside,ok,,,,,,,,,,
shahid-avini,47,3500000000.0,58333333.333333336,47818756.58587988,64974226.80412372,77865214.12363742,,,72.0,2.0,1393.5,0.7435897435897436,0.5714285714285714,0.7142857142857143,0.2352941176470588,0.7777777777777778,35.58482360839844,51.42799758911133,20.0,inside,ok,,,,,,,,,,
qezel-qaleh,47,15100000000.0,129166666.66666669,112686025.40834846,151461868.73849928,90580709.22110376,,,123.0,2.0,1396.0,0.8205128205128205,0.951219512195122,0.926829268292683,0.2580645161290322,0.935483870967742,35.72806167602539,51.39081382751465,6.0,inside,ok,,,,,,,,,,
karim-abad,47,1450000000.0,20588235.29411765,17684210.52631579,24391025.64102564,63867327.42953738,,,75.0,1.0,1397.0,0.6129032258064516,0.2162162162162162,0.6486486486486487,0.2571428571428571,0.5862068965517241,35.6006965637207,51.351470947265625,,outside_tehran,outside_districts,,,,,,,,,,
ebn-babevayh,46,3900000000.0,60000000.0,48164682.53968254,64431818.18181819,78368419.94901383,,,73.0,2.0,1390.5,0.6904761904761905,0.6739130434782609,0.7391304347826086,0.2647058823529412,0.6666666666666666,35.603458404541016,51.44074249267578,20.0,inside,ok,349.0,150000000.0,120000000.0,173000000.0,12000000000.0,80.0,2.0,1395.0,0.7535816618911175,0.8022922636103151
tehran-university,43,6900000000.0,86419753.08641975,68178534.57172343,101500000.0,83871348.21639824,,,105.0,2.0,1380.0,0.65625,0.6216216216216216,0.8108108108108109,0.4117647058823529,0.7931034482758621,35.7036018371582,51.40121841430664,6.0,inside,ok,,,,,,,,,,
tehran-khaghani,41,9800000000.0,102439024.3902439,87058823.52941176,121794871.7948718,86311735.42764525,,,98.0,2.0,1393.0,0.6363636363636364,0.8235294117647058,0.8529411764705882,0.6296296296296297,0.8148148148148148,35.714712142944336,51.42971420288086,7.0,inside,ok,,,,,,,,,,
sarasiab-doolab,41,3000000000.0,60714285.71428572,52500000.0,65853658.53658537,78962683.18773413,,,53.0,1.0,1391.0,0.4358974358974359,0.3846153846153846,0.6410256410256411,0.3103448275862069,0.6206896551724138,35.6787109375,51.46122741699219,14.0,inside,ok,102.0,156500000.0,128500000.0,173000000.0,8875000000.0,64.0,1.0,1395.0,0.5392156862745098,0.6372549019607843
emam-hossein,39,3030000000.0,52380952.38095238,29756145.915939733,60666666.66666667,77252809.1032891,,,76.0,2.0,1389.0,0.4642857142857143,0.5428571428571428,0.9142857142857144,0.3529411764705882,0.7586206896551724,35.70131301879883,51.44812774658203,13.0,inside,ok,84.0,164000000.0,135000000.0,180000000.0,9185000000.0,61.0,2.0,1392.0,0.5595238095238095,0.5952380952380952
shahrak-e-koohsar,39,7500000000.0,94827586.20689656,82990359.65888023,111940231.93577164,85109051.13394074,,,80.0,2.0,1390.0,0.5277777777777778,0.868421052631579,0.8421052631578947,0.5454545454545454,0.925925925925926,35.781354904174805,51.33292198181152,5.0,inside,ok,,,,,,,,,,
shahid-borujerdi,38,4300000000.0,50791910.33138402,43107350.96369341,65251784.29817605,76999367.53594297,,,82.0,2.0,1385.5,0.9210526315789472,0.5263157894736842,0.9736842105263158,0.3243243243243243,0.8571428571428571,35.638153076171875,51.46744155883789,15.0,inside,ok,,,,,,,,,,
safaiye,37,3200000000.0,53103448.27586207,40941176.47058824,60219780.21978022,77672458.71164879,,,64.0,1.0,1394.0,0.6428571428571429,0.5588235294117647,0.5588235294117647,0.5517241379310345,0.5833333333333334,35.6075439453125,51.446327209472656,20.0,inside,ok,,,,,,,,,,
sorkhe-hesar,37,4500000000.0,15000000.0,7476635.514018691,33333333.33333333,63760729.91019835,,,260.0,2.0,1403.0,0.5,0.875,0.9375,0.0,0.9230769230769232,35.71790313720703,51.59820556640625,,outside_tehran,outside_districts,,,,,,,,,,
bazaar,37,4900000000.0,22727272.727272727,7500000.0,70000000.0,68033959.29288223,,,140.0,2.0,1398.0,0.4,0.7142857142857143,0.8571428571428571,0.2105263157894736,1.0,35.671796798706055,51.422325134277344,12.0,inside,outlier_vs_district,,,,,,,,,,
nejatollahi,36,8730000000.0,89285714.28571428,69687500.0,121500000.0,84214992.66254173,,,121.0,2.0,1373.0,0.6153846153846154,0.6,0.7,0.3333333333333333,0.6363636363636364,35.7084846496582,51.41521835327149,6.0,inside,ok,,,,,,,,,,
evin,36,12250000000.0,124303008.07043289,82962962.96296297,153223684.21052632,88574702.52381863,,,134.0,2.0,1395.5,0.9629629629629628,0.7941176470588235,0.9411764705882352,0.3888888888888889,0.68,35.79484939575195,51.39225006103516,1.0,inside,ok,,,,,,,,,,
baq-e-azari,35,2800000000.0,42222222.222222224,33235294.11764706,46181818.18181818,75308019.9725161,,,83.0,2.0,1395.0,0.75,0.6857142857142857,0.8285714285714286,0.25,0.9130434782608696,35.65352821350098,51.42411613464356,16.0,inside,ok,,,,,,,,,,
baharan,34,9500000000.0,90148274.8788138,73387755.10204081,101181102.36220472,84290585.9740185,,,102.5,2.0,1392.0,0.8571428571428571,0.90625,0.8125,0.4166666666666667,0.92,35.76953125,51.27640151977539,5.0,inside,ok,,,,,,,,,,
shahrak-e-vilashahr,33,5300000000.0,72727272.72727273,70422535.2112676,76388888.8888889,81742013.15953982,,,74.0,2.0,1399.0,0.9642857142857144,1.0,1.0,0.5,1.0,35.727561950683594,51.17800521850586,21.0,inside,ok,,,,,,,,,,
ararat,32,15250000000.0,131456043.95604396,22793542.07436399,168400000.0,88740900.30019866,,,136.0,3.0,1395.0,0.8181818181818182,1.0,0.925925925925926,0.4736842105263157,0.9565217391304348,35.77407455444336,51.39969253540039,3.0,inside,ok,,,,,,,,,,
shahrak-pasdaran,32,7396000000.0,81909090.9090909,51638854.86834048,89435483.87096775,83135423.37843658,,,100.5,2.0,1398.0,0.9655172413793104,0.9666666666666668,1.0,0.5416666666666666,1.0,35.69520950317383,51.2615909576416,21.0,inside,ok,,,,,,,,,,
bahman-yar,31,4420000000.0,57723577.23577236,47000000.0,66227272.72727273,79326559.66872913,,,85.0,2.0,1396.0,0.7666666666666667,0.7741935483870968,0.5806451612903226,0.2592592592592592,0.9523809523809524,35.625497817993164,51.39986801147461,19.0,inside,ok,,,,,,,,,,
gandi,30,13450000000.0,117156862.74509804,100000000.0,143814655.1724138,87119715.18526424,,,122.0,2.0,1381.5,0.8571428571428571,0.7857142857142857,0.7857142857142857,0.3529411764705882,0.8,35.74911117553711,51.41309928894043,6.0,inside,ok,,,,,,,,,,
bagh-ferdows,30,30000000000.0,184909090.9090909,34523809.52380952,218042332.5399524,92462873.4137421,,,176.5,3.0,1400.0,0.9523809523809524,0.9642857142857144,1.0,0.5,1.0,35.80314064025879,51.42425346374512,1.0,inside,ok,,,,,,,,,,
darakeh,29,23200000000.0,153846153.84615386,112000000.0,189473684.21052632,90061311.77598555,,,145.0,2.0,1395.0,0.9047619047619048,0.8695652173913043,0.9565217391304348,0.7142857142857143,0.8666666666666667,35.804832458496094,51.38396835327149,2.0,inside,thin_sample,,,,,,,,,,
jaberi,28,3400000000.0,61729691.8767507,53682487.72504092,68000000.0,80318201.11342064,,,58.0,1.0,1384.0,0.2307692307692307,0.4074074074074074,0.7407407407407407,0.625,0.5833333333333334,35.68344497680664,51.45196533203125,14.0,inside,thin_sample,,,,,,,,,,
shahrak-e-apadana,27,6500000000.0,82758620.68965517,24045275.590551183,97202380.95238096,83264766.85918576,,,120.0,2.0,1395.0,0.9411764705882352,0.6956521739130435,0.8695652173913043,0.5294117647058824,0.7894736842105263,35.7045783996582,51.3271713256836,5.0,inside,thin_sample,,,,,,,,,,
mehrabad-airport,27,2550000000.0,30000000.0,8903846.153846154,54887218.04511278,73797926.8242554,,,92.0,2.0,1400.0,0.4166666666666667,0.8181818181818182,0.9545454545454546,0.1666666666666666,0.7894736842105263,35.6942138671875,51.317989349365234,9.0,inside,thin_sample,,,,,,,,,,
parvaz,26,16950000000.0,125951086.95652176,107564655.1724138,159361851.33239833,87388795.88768832,,,127.0,2.0,1383.0,0.65,0.875,1.0,0.3809523809523809,0.8235294117647058,35.78696823120117,51.35554885864258,2.0,inside,thin_sample,,,,,,,,,,
etehad,25,2340000000.0,29111111.111111112,8333333.333333333,46363636.36363637,74142571.71797921,,,88.0,2.0,1401.5,0.6666666666666666,0.9090909090909092,0.7727272727272727,0.2,0.8571428571428571,35.73011016845703,51.56359100341797,4.0,inside,thin_sample,,,,,,,,,,
shirazi,24,13762000000.0,145722222.2222222,105093759.4898269,171008403.36134455,88475510.82226038,,,155.0,2.0,1385.0,0.9545454545454546,0.8260869565217391,0.9565217391304348,0.7058823529411765,0.6666666666666666,35.74708938598633,51.39885902404785,6.0,inside,thin_sample,,,,,,,,,,
morad-abad,24,4762500000.0,25000000.0,12000000.0,93597560.97560976,73248043.89359924,,,150.0,2.0,1403.0,1.0,0.9090909090909092,1.0,0.1,1.0,35.78605842590332,51.32956504821777,5.0,inside,thin_sample,,,,,,,,,,
aminhozour,23,3000000000.0,49425287.35632184,36730769.23076923,55277777.777777776,78962274.97855304,,,108.0,1.5,1381.5,0.25,0.4285714285714285,1.0,0.3076923076923077,0.5,35.68146133422852,51.434417724609375,12.0,inside,thin_sample,,,,,,,,,,
hasan-abad-baqer-far,23,1170000000.0,13227513.226190476,3488244.514106583,20250000.0,68924806.93267632,,,94.0,2.0,1393.5,0.625,0.7857142857142857,0.4285714285714285,0.3076923076923077,0.5454545454545454,35.56584930419922,51.3788013458252,,outside_tehran,outside_districts,,,,,,,,,,
shahrak-e-emamkhomeyni,23,2500000000.0,38030303.03030303,11075036.07448052,45860655.73770492,76856469.3552199,,,72.0,2.0,1391.0,0.6,0.7058823529411765,0.5294117647058824,0.2,1.0,35.65711784362793,51.31095695495606,18.0,inside,thin_sample,,,,,,,,,,
farahzad,20,6300000000.0,58288770.05347593,40357142.85714286,88352272.72727272,80668983.52675554,,,100.0,2.0,1387.5,0.25,0.6111111111111112,0.8333333333333334,0.4705882352941176,0.5294117647058824,35.79153060913086,51.34367752075195,2.0,inside,thin_sample,,,,,,,,,,
tehran-hesarak,20,3465000000.0,36098484.84848485,19750000.0,74202598.12050857,77230487.09150022,,,78.5,2.0,1392.0,0.2727272727272727,0.4117647058823529,0.7647058823529411,0.3571428571428571,0.4166666666666667,35.78416442871094,51.30923080444336,5.0,inside,thin_sample,,,,,,,,,,
pamenar,20,9750000000.0,51726190.47619048,8908297.631048387,91666666.66666669,79797765.49913758,,,173.0,3.0,1394.5,0.5,0.6,0.8,0.2,0.6666666666666666,35.682315826416016,51.42513084411621,12.0,inside,thin_sample,,,,,,,,,,
shahrak-e-darya,20,5150000000.0,74403823.10264337,57250000.0,83166666.66666667,82479095.5851604,,,78.0,2.0,1392.0,0.6666666666666666,1.0,0.8421052631578947,0.5,0.9444444444444444,35.68482971191406,51.23931884765625,21.0,inside,thin_sample,,,,,,,,,,
golab-dareh,19,7000000000.0,57666666.66666666,40357142.85714286,118571428.57142857,80713592.89075772,,,95.0,2.0,1396.0,0.6470588235294118,0.5294117647058824,0.7647058823529411,0.3571428571428571,0.6923076923076923,35.81953048706055,51.43584442138672,1.0,inside,thin_sample,,,,,,,,,,
shahrak-e-omid,17,18500000000.0,127848101.26582278,117000000.0,132352941.1764706,86174829.20034681,,,158.0,3.0,1396.0,1.0,0.9375,1.0,0.7692307692307693,1.0,35.7624626159668,51.53265953063965,4.0,inside,thin_sample,,,,,,,,,,
hassan-abad,17,1400000000.0,15000000.0,4545454.545454546,23333333.33333333,72857798.95098415,,,120.0,1.0,1396.0,0.4444444444444444,0.7777777777777778,0.5555555555555556,0.125,0.3333333333333333,35.37493705749512,51.24930381774902,,outside_tehran,outside_districts,,,,,,,,,,
sirous,17,3900000000.0,47191011.23595506,41846153.84615385,60000000.0,79702454.9844718,,,89.0,2.0,1395.0,0.8181818181818182,0.6666666666666666,0.4666666666666667,0.1538461538461538,0.8,35.670671463012695,51.43328666687012,12.0,inside,thin_sample,,,,,,,,,,
shaharak-e-esteqlal,16,7050000000.0,52129032.25806452,22017973.855882358,91634615.3846154,80487227.80875413,,,119.5,2.0,1401.5,0.7777777777777778,1.0,1.0,0.1,0.8888888888888888,35.70757293701172,51.224172592163086,21.0,inside,thin_sample,,,,,,,,,,
abdollah-abad,13,7200000000.0,65573770.49180328,16500000.0,89700996.67774086,82123212.30336596,,,125.0,2.0,1375.0,1.0,1.0,0.6666666666666666,0.3333333333333333,0.5,35.60799026489258,51.37688827514648,,outside_tehran,outside_districts,,,,,,,,,,
shahrak-farhangian,12,6850000000.0,60087719.29824561,30470588.23529412,65328947.36842105,81804868.01196073,,,114.0,2.0,1380.5,0.3636363636363636,0.6666666666666666,0.8333333333333334,0.5454545454545454,0.8571428571428571,35.7125244140625,51.28012847900391,21.0,inside,thin_sample,,,,,,,,,,
shahrak-golha,11,13900000000.0,132352941.1764706,75095785.44061303,147580645.16129032,85367583.38983586,,,126.0,2.0,1392.5,0.7777777777777778,0.7,0.8,0.2857142857142857,0.875,35.801815032958984,51.49785804748535,1.0,inside,thin_sample,,,,,,,,,,
shahrak-valfajr,10,20230000000.0,144496609.28534168,130876068.37606838,169753521.12676057,85546364.68663415,,,149.0,3.0,1398.0,0.7777777777777778,1.0,0.8888888888888888,0.4285714285714285,1.0,35.746164321899414,51.39366340637207,6.0,inside,thin_sample,,,,,,,,,,
hezarsang,8,20450000000.0,161037234.0425532,139495798.31932774,183863636.3636364,85471807.9358495,,,122.5,2.5,1392.0,1.0,1.0,1.0,0.1428571428571428,1.0,35.8051643371582,51.37959861755371,2.0,snapped,thin_sample,,,,,,,,,,
east-saleh-abad,7,9750000000.0,97500000.0,13111111.111111112,112380952.3809524,83776952.07122767,,,100.0,2.0,1390.0,1.0,0.5,1.0,0.0,0.75,35.60113906860352,51.35184860229492,,outside_tehran,outside_districts,,,,,,,,,,
shahrak-e-ghazali,6,3000000000.0,30833333.333333336,26666666.666666668,40446428.57142857,80954706.97398642,,,82.0,2.0,1393.5,1.0,0.6666666666666666,0.8333333333333334,0.0,0.8,35.73277473449707,51.1673641204834,21.0,inside,thin_sample,,,,,,,,,,
shaharak-e-sharifi,6,3600000000.0,52703703.7037037,40897306.3973064,64500000.0,82228674.44746967,,,76.5,1.5,1387.0,0.5,0.5,0.75,0.0,0.5,35.62478828430176,51.33723831176758,19.0,snapped,thin_sample,,,,,,,,,,
fath,6,5450000000.0,13700000.0,3939048.2398956977,28100000.0,79064393.29241556,,,344.0,1.5,1400.0,,1.0,1.0,0.0,0.5,35.67765998840332,51.28999900817871,9.0,inside,thin_sample,,,,,,,,,,
qasr-e-firoozeh-yek,5,850000000.0,14166666.666666666,12330769.23076923,35000000.0,79808512.33526598,,,67.0,1.5,1402.0,0.6666666666666666,0.75,0.75,0.25,1.0,35.67829513549805,51.5105094909668,,outside_tehran,outside_districts,,,,,,,,,,
mesgar-abad,5,2250000000.0,28125000.0,12692307.692307692,50000000.0,81154617.7166144,,,130.0,2.0,1383.0,0.5,1.0,1.0,0.0,0.0,35.62771415710449,51.51748847961426,,outside_tehran,outside_districts,,,,,,,,,,
shahrak-daneshgahi,5,2520000000.0,28510638.297872342,28000000.0,42000000.0,81181578.25583756,,,90.0,2.0,1403.0,1.0,1.0,1.0,0.0,1.0,35.72045135498047,51.19651412963867,21.0,inside,thin_sample,,,,,,,,,,
malek-abad,4,1325000000.0,22348484.84848485,7062500.0,39022727.27272727,81210369.39399,,,83.0,1.5,1385.5,0.5,0.5,0.5,0.0,1.0,35.62078666687012,51.43160820007324,20.0,inside,thin_sample,,,,,,,,,,
vanak-village,4,8500000000.0,153232533.8894682,101902372.26277372,172222222.2222222,84334574.95012723,,,100.0,1.0,1399.0,1.0,0.6666666666666666,1.0,0.0,1.0,35.762977600097656,51.390384674072266,3.0,inside,thin_sample,,,,,,,,,,
kuy-nobonyad,3,23010000000.0,120000000.0,71666666.66666666,125000000.0,83783613.35531138,,,177.0,3.0,1398.0,1.0,1.0,1.0,1.0,1.0,35.78240966796875,51.48659896850586,4.0,inside,thin_sample,,,,,,,,,,
zeynabeiyeh,2,2900000000.0,41357466.06334841,31266968.32579185,51447963.800904974,82757284.32164414,,,75.0,1.5,1386.5,0.0,1.0,1.0,1.0,1.0,35.71076583862305,51.50625991821289,13.0,inside,thin_sample,,,,,,,,,,
qasr-e-firooze-do,1,2900000000.0,48333333.333333336,48333333.333333336,48333333.333333336,83107798.62637223,,,60.0,1.0,1395.0,1.0,1.0,1.0,1.0,1.0,35.64930725097656,51.50639343261719,,outside_tehran,outside_districts,,,,,,,,,,
baq-e-rezavan,1,610000000.0,2337164.7509578546,2337164.7509578546,2337164.7509578546,81864707.98329657,,,261.0,,,,,,,,,,,no_coordinates,outside_districts,,,,,,,,,,
