collected_on,scope,listings,ppm2,ppm2_p25,ppm2_p75
2026-09-26,1,10280.0,641228356.336261,499677915.76673865,720849415.2046784
2026-09-26,10,19073.0,155068811.72347882,138000000.0,164905261.04953933
2026-09-26,11,5479.0,147905660.3773585,122951768.48874599,178076405.86797065
2026-09-26,12,1181.0,154104166.66666666,109286585.36585365,188027874.56445992
2026-09-26,13,3038.0,211995377.50385207,200000000.0,231211630.12392756
2026-09-26,14,4707.0,173690140.84507042,145317880.794702,194800738.00738007
2026-09-26,15,4915.0,127606502.24215247,111827160.49382716,159376731.30193907
2026-09-26,16,1360.0,139734042.55319148,113299694.18960245,162829853.86221296
2026-09-26,17,2876.0,116000000.0,116000000.0,124717462.93245469
2026-09-26,18,1958.0,119877167.6300578,111967158.1769437,136553503.78787878
2026-09-26,19,1033.0,152195007.800312,144788213.62799263,156208268.33073324
2026-09-26,2,14660.0,380097345.13274336,300170968.6003193,488224215.24663675
2026-09-26,20,3355.0,150000000.0,136900590.5511811,150483534.32282004
2026-09-26,21,4094.0,177163972.28637412,107456432.94758339,187140881.147541
2026-09-26,22,9395.0,205134464.75195822,192923076.92307693,234404928.2824568
2026-09-26,3,8037.0,420927561.8374558,400000000.0,507942792.7927928
2026-09-26,4,13261.0,267992150.0218055,240930942.18415418,379326388.8888889
2026-09-26,5,35973.0,290573938.5065886,278390780.141844,318235365.85365856
2026-09-26,6,5462.0,400000000.0,313547140.6491499,427535347.90365744
2026-09-26,7,7072.0,232679967.4267101,173777734.678045,336031460.6741573
2026-09-26,8,8348.0,223798521.2569316,175286460.75243846,271933863.74937844
2026-09-26,9,4870.0,179891849.52978057,170247043.36399475,186609326.01880878
2026-09-26,tehran,170427.0,262000000.0,168295837.02391496,328000000.0
