slug,listings,ppm2,ppm2_p25,ppm2_p75,size_median,price_median,parking_share,elevator_share,collected_on
abbas-abad,536.0,350000000.0,304000000.0,387250000.0,110.0,38350000000.0,0.9253731343283582,0.878731343283582,2026-09-26
abbasi,331.0,115000000.0,103000000.0,125000000.0,62.0,7100000000.0,0.6525679758308157,0.6314199395770392,2026-09-26
abdol-abad,38.0,119500000.0,108250000.0,141000000.0,89.0,10700000000.0,0.7631578947368421,0.7631578947368421,2026-09-26
aboozar,923.0,334000000.0,290000000.0,397000000.0,105.0,34000000000.0,0.971830985915493,0.9469122426868906,2026-09-26
abouzar,677.0,183000000.0,160000000.0,214000000.0,80.0,14800000000.0,0.6499261447562777,0.7267355982274741,2026-09-26
abshar,105.0,170000000.0,141000000.0,200000000.0,83.0,13000000000.0,0.6,0.6857142857142857,2026-09-26
abshar-tehran,249.0,190000000.0,169000000.0,202000000.0,97.0,17000000000.0,0.9156626506024096,0.8192771084337349,2026-09-26
afsariye-jonubi,523.0,152000000.0,128000000.0,171000000.0,70.0,11000000000.0,0.6959847036328872,0.6711281070745698,2026-09-26
afsariyeh,534.0,165000000.0,136000000.0,183000000.0,70.0,11500000000.0,0.6966292134831461,0.6985018726591761,2026-09-26
aghadasiye,203.0,170000000.0,128500000.0,194000000.0,87.0,13900000000.0,0.8275862068965517,0.8768472906403941,2026-09-26
aghdasieh,153.0,729000000.0,544000000.0,1090000000.0,295.0,204000000000.0,1.0,1.0,2026-09-26
ahang,473.0,190000000.0,166000000.0,235000000.0,72.0,14000000000.0,0.6194503171247357,0.7167019027484144,2026-09-26
ajoodanieh,204.0,563000000.0,487000000.0,690250000.0,180.0,110500000000.0,0.9901960784313726,0.9754901960784313,2026-09-26
alayiin,88.0,70000000.0,53875000.0,84600000.0,65.5,4500000000.0,0.5227272727272727,0.7727272727272727,2026-09-26
almahdi,1135.0,266000000.0,232000000.0,301000000.0,73.0,18800000000.0,0.892511013215859,0.5101321585903084,2026-09-26
amaniyeh,692.0,400000000.0,351750000.0,526000000.0,150.0,61000000000.0,0.9826589595375722,0.9176300578034682,2026-09-26
aminhozour,16.0,110000000.0,97050000.0,129000000.0,69.0,7905000000.0,0.1875,0.25,2026-09-26
amir-abad,476.0,400000000.0,351000000.0,458250000.0,115.0,47250000000.0,0.9810924369747899,0.9474789915966386,2026-09-26
amir-bahador,299.0,146000000.0,120000000.0,179000000.0,65.0,9500000000.0,0.6387959866220736,0.5953177257525084,2026-09-26
amiriyeh,349.0,168000000.0,120000000.0,211000000.0,75.0,11800000000.0,0.7077363896848138,0.667621776504298,2026-09-26
anbar-naft,129.0,120000000.0,108000000.0,129000000.0,55.0,5850000000.0,0.4418604651162791,0.6744186046511628,2026-09-26
andisheh,340.0,236000000.0,211000000.0,257000000.0,80.0,18500000000.0,0.9529411764705882,0.9088235294117647,2026-09-26
araj,626.0,479500000.0,386000000.0,600000000.0,156.5,75000000000.0,0.9936102236421726,0.9760383386581469,2026-09-26
aramaneh,567.0,178000000.0,152000000.0,201000000.0,60.0,10100000000.0,0.5608465608465608,0.6243386243386243,2026-09-26
aref,49.0,150000000.0,130000000.0,168000000.0,63.0,9000000000.0,0.5714285714285714,0.5102040816326531,2026-09-26
arjamandi-rad,75.0,140000000.0,122000000.0,159000000.0,62.0,8300000000.000001,0.6133333333333333,0.5333333333333333,2026-09-26
arjantin,51.0,285000000.0,243000000.0,388000000.0,160.0,54000000000.0,0.8627450980392157,0.6078431372549019,2026-09-26
aseman,450.0,393000000.0,336000000.0,468000000.0,109.0,41000000000.0,0.9222222222222223,0.8288888888888889,2026-09-26
ashtiyani,130.0,220000000.0,181750000.0,257000000.0,83.0,17000000000.0,0.7461538461538462,0.6076923076923076,2026-09-26
atabak,210.0,100000000.0,91000000.0,111000000.0,70.0,6875000000.0,0.6952380952380952,0.9095238095238095,2026-09-26
azad-shahr,1257.0,201000000.0,178000000.0,225000000.0,125.0,25000000000.0,1.0,0.9960222752585521,2026-09-26
azadi-sport-complex,567.0,224000000.0,209000000.0,243500000.0,116.0,25500000000.0,0.9982363315696648,0.9964726631393298,2026-09-26
azadshahr-tehran,71.0,229000000.0,205000000.0,250000000.0,109.0,26000000000.0,0.9859154929577465,0.6338028169014085,2026-09-26
azarbaijan,130.0,168000000.0,142250000.0,208750000.0,76.5,12500000000.0,0.5076923076923077,0.43846153846153846,2026-09-26
azari,212.0,115500000.0,104000000.0,128000000.0,54.0,6050000000.0,0.47641509433962265,0.49528301886792453,2026-09-26
bagh-ferdows,18.0,683500000.0,535000000.0,965500000.0,194.5,127000000000.0,1.0,1.0,2026-09-26
bagh-feyz,2386.0,280000000.0,250000000.0,314000000.0,86.0,24000000000.0,0.9438390611902766,0.8285834031852473,2026-09-26
bagh-khazaneh,285.0,142000000.0,120000000.0,159000000.0,75.0,10500000000.0,0.7017543859649122,0.7333333333333333,2026-09-26
bahar,472.0,276000000.0,233000000.0,310000000.0,94.0,25000000000.0,0.8686440677966102,0.7902542372881356,2026-09-26
baharan,64.0,256000000.0,241000000.0,277500000.0,97.5,25000000000.0,0.953125,0.953125,2026-09-26
baharestan,64.0,175500000.0,145750000.0,217750000.0,80.0,14450000000.0,0.546875,0.625,2026-09-26
bahman-yar,46.0,168000000.0,151250000.0,184750000.0,100.0,16550000000.0,0.782608695652174,0.8913043478260869,2026-09-26
baq-e-azari,15.0,98900000.0,92500000.0,108500000.0,60.0,7000000000.0,0.6,0.6666666666666666,2026-09-26
baqerkhan,1280.0,305000000.0,261000000.0,350000000.0,100.0,30000000000.0,0.86875,0.775,2026-09-26
bashgah-naft,301.0,189000000.0,160000000.0,202000000.0,68.0,12000000000.0,0.840531561461794,0.7275747508305648,2026-09-26
behdasht,199.0,140000000.0,125000000.0,168500000.0,68.0,9720000000.0,0.6834170854271356,0.6180904522613065,2026-09-26
behjat-abad,142.0,287000000.0,250000000.0,316250000.0,100.0,28000000000.0,0.8802816901408451,0.7605633802816901,2026-09-26
beryanak,1703.0,137000000.0,116000000.0,155000000.0,58.0,7500000000.0,0.553141514973576,0.6147974163241339,2026-09-26
bisim,91.0,108000000.0,100500000.0,118000000.0,82.0,9000000000.0,0.7692307692307693,0.8901098901098901,2026-09-26
bolursazi,334.0,125000000.0,114000000.0,140000000.0,59.0,7600000000.0,0.5958083832335329,0.7874251497005988,2026-09-26
bolvar-e-keshavarz,204.0,294500000.0,236500000.0,336250000.0,100.0,28250000000.0,0.7990196078431373,0.7745098039215687,2026-09-26
bostan-chitgar,69.0,175000000.0,112000000.0,233000000.0,102.0,18400000000.0,1.0,0.8405797101449275,2026-09-26
central-janat-abad,3441.0,305000000.0,272000000.0,334000000.0,97.0,29100000000.0,0.970357454228422,0.8715489683231619,2026-09-26
charsad-dastgah,143.0,152000000.0,130000000.0,200000000.0,60.0,8650000000.0,0.48951048951048953,0.4125874125874126,2026-09-26
chitgar,60.0,116000000.0,103750000.0,151250000.0,80.0,8800000000.0,0.9833333333333333,0.9,2026-09-26
chitgar-lake,533.0,200000000.0,176000000.0,240000000.0,122.0,24200000000.0,0.9943714821763602,0.9906191369606003,2026-09-26
chitgar-shomali,192.0,89750000.0,80900000.0,135000000.0,63.0,5490000000.0,0.9895833333333334,0.890625,2026-09-26
chizar,85.0,450000000.0,381000000.0,492000000.0,130.0,55000000000.0,0.8823529411764706,0.8705882352941177,2026-09-26
chub-tarash,108.0,266000000.0,232750000.0,300250000.0,97.5,26000000000.0,0.9351851851851852,0.8425925925925926,2026-09-26
dabestan,319.0,233000000.0,191000000.0,271000000.0,70.0,16500000000.0,0.5987460815047022,0.5642633228840125,2026-09-26
dahom-farvardin,354.0,145000000.0,131000000.0,166000000.0,56.5,8000000000.0,0.4717514124293785,0.4661016949152542,2026-09-26
darabad,176.0,355500000.0,325750000.0,420250000.0,100.0,35000000000.0,0.9375,0.9488636363636364,2026-09-26
darakeh,45.0,384000000.0,341000000.0,440000000.0,130.0,45000000000.0,0.9777777777777777,0.9333333333333333,2026-09-26
darb-dowom,276.0,422000000.0,386000000.0,500000000.0,125.0,56400000000.0,0.9130434782608695,0.9057971014492754,2026-09-26
darband,46.0,400000000.0,354750000.0,453000000.0,131.0,47500000000.0,0.9130434782608695,0.8478260869565217,2026-09-26
dardasht,388.0,250000000.0,216000000.0,298500000.0,76.0,17850000000.0,0.7139175257731959,0.7551546391752577,2026-09-26
darrous,1949.0,617000000.0,495000000.0,800000000.0,195.0,120000000000.0,0.9892252437147255,0.9769112365315546,2026-09-26
darvazeh-shemiran,256.0,190000000.0,150000000.0,232500000.0,80.0,15000000000.0,0.62890625,0.5625,2026-09-26
darya,462.0,498000000.0,422250000.0,617000000.0,133.0,65000000000.0,0.961038961038961,0.9502164502164502,2026-09-26
daryan-no,359.0,316000000.0,280000000.0,344000000.0,107.0,32000000000.0,0.9442896935933147,0.8774373259052924,2026-09-26
dehkade-olympic,50.0,219500000.0,185000000.0,263000000.0,118.0,25300000000.0,0.92,0.88,2026-09-26
dehqan,129.0,193000000.0,174000000.0,233000000.0,58.0,11000000000.0,0.6744186046511628,0.46511627906976744,2026-09-26
dezashib,336.0,540000000.0,456750000.0,659250000.0,160.0,83500000000.0,0.9732142857142857,0.9464285714285714,2026-09-26
dezhkam,104.0,147000000.0,130000000.0,166500000.0,59.5,7900000000.0,0.47115384615384615,0.3557692307692308,2026-09-26
dolat-abad,486.0,140500000.0,122000000.0,160000000.0,76.0,9645000000.0,0.7037037037037037,0.7181069958847737,2026-09-26
dolatkhah,51.0,109000000.0,97350000.0,115000000.0,80.0,8960000000.0,0.7843137254901961,0.9215686274509803,2026-09-26
dolatkhah-shomali,28.0,119000000.0,109000000.0,130000000.0,96.5,10600000000.0,0.9642857142857143,1.0,2026-09-26
doolab,158.0,126000000.0,112000000.0,139000000.0,57.5,6990000000.0,0.5126582278481012,0.5316455696202531,2026-09-26
dr-hoshyar,1944.0,188000000.0,165000000.0,212000000.0,70.0,13200000000.0,0.7232510288065843,0.8569958847736625,2026-09-26
east-shareq,927.0,174000000.0,156500000.0,188000000.0,70.0,11600000000.0,0.6936353829557713,0.756202804746494,2026-09-26
east-tehranpars,1078.0,200000000.0,173000000.0,222000000.0,65.0,12900000000.0,0.7337662337662337,0.7198515769944341,2026-09-26
ebn-babevayh,343.0,148000000.0,120000000.0,171000000.0,78.0,11600000000.0,0.7638483965014577,0.7900874635568513,2026-09-26
ebrahim-abad,85.0,88000000.0,77500000.0,100000000.0,59.0,5090000000.0,0.4588235294117647,0.6235294117647059,2026-09-26
eivanak,356.0,514500000.0,408500000.0,708000000.0,135.0,69250000000.0,0.9691011235955056,0.9129213483146067,2026-09-26
ekbatan,335.0,318000000.0,262000000.0,359000000.0,135.0,39500000000.0,0.7074626865671642,0.982089552238806,2026-09-26
ekhtiyariyeh,1378.0,440000000.0,385000000.0,520000000.0,130.0,60000000000.0,0.9579100145137881,0.9332365747460087,2026-09-26
elahiyeh,871.0,712000000.0,583000000.0,943500000.0,210.0,145000000000.0,0.9908151549942594,0.9770378874856487,2026-09-26
elm-o-sanat,513.0,236000000.0,211000000.0,268000000.0,80.0,19500000000.0,0.8518518518518519,0.8323586744639376,2026-09-26
emam-hossein,85.0,157000000.0,135000000.0,180000000.0,58.0,9100000000.0,0.5411764705882353,0.5764705882352941,2026-09-26
emam-zade-abdollah,224.0,145000000.0,130000000.0,158000000.0,62.0,8500000000.0,0.6607142857142857,0.8482142857142857,2026-09-26
emamzade-ghasem,448.0,546500000.0,460000000.0,737000000.0,180.0,96500000000.0,0.9955357142857143,0.9642857142857143,2026-09-26
enqelab,71.0,153000000.0,138500000.0,213500000.0,86.0,13500000000.0,0.5070422535211268,0.39436619718309857,2026-09-26
eram,1533.0,279000000.0,252000000.0,305000000.0,75.0,21000000000.0,0.9784735812133072,0.9028049575994781,2026-09-26
esfandyari,92.0,145000000.0,123250000.0,170250000.0,73.0,10000000000.0,0.6195652173913043,0.5543478260869565,2026-09-26
eshrat-abad,193.0,186000000.0,157000000.0,255000000.0,73.0,14300000000.0,0.6839378238341969,0.5440414507772021,2026-09-26
eskandari,551.0,150000000.0,125000000.0,182000000.0,62.0,9000000000.0,0.5063520871143375,0.5226860254083484,2026-09-26
eslam-abad,125.0,111000000.0,100000000.0,129000000.0,61.0,6900000000.0,0.536,0.632,2026-09-26
estakhr,303.0,204000000.0,187000000.0,226000000.0,80.0,15800000000.0,0.900990099009901,0.9075907590759076,2026-09-26
esteghlal,91.0,209000000.0,180000000.0,234000000.0,77.0,15500000000.0,0.8461538461538461,0.8241758241758241,2026-09-26
evin,51.0,405000000.0,346500000.0,492500000.0,125.0,48000000000.0,0.9607843137254902,0.9411764705882353,2026-09-26
fadak,615.0,250000000.0,207000000.0,283000000.0,70.0,17200000000.0,0.6829268292682927,0.608130081300813,2026-09-26
fallah,179.0,116000000.0,108000000.0,128000000.0,68.0,8000000000.0,0.6256983240223464,0.8491620111731844,2026-09-26
farah-abad,351.0,219000000.0,182000000.0,250000000.0,76.0,15500000000.0,0.7094017094017094,0.7037037037037037,2026-09-26
farmaniyeh,821.0,642000000.0,518000000.0,785000000.0,210.0,135000000000.0,0.9963459196102314,0.9878197320341048,2026-09-26
farzane,96.0,197000000.0,170750000.0,224250000.0,70.0,12800000000.0,0.65625,0.6041666666666666,2026-09-26
ferdowsi,31.0,186000000.0,149500000.0,219500000.0,90.0,15500000000.0,0.6451612903225806,0.5483870967741935,2026-09-26
firuzabadi,70.0,176500000.0,155250000.0,195000000.0,101.0,15450000000.0,0.8,0.8857142857142857,2026-09-26
gandi,37.0,310000000.0,266000000.0,420000000.0,135.0,48000000000.0,0.8648648648648649,0.8918918918918919,2026-09-26
ghanat-kosar,131.0,268000000.0,244000000.0,320500000.0,91.0,23900000000.0,0.9541984732824428,0.8702290076335878,2026-09-26
gholhak,410.0,397000000.0,331500000.0,485500000.0,120.0,47900000000.0,0.9,0.7926829268292683,2026-09-26
gisha,1279.0,449000000.0,400000000.0,500000000.0,99.0,45000000000.0,0.9718530101641908,0.9468334636434714,2026-09-26
golab-dareh,24.0,187500000.0,120750000.0,401750000.0,85.0,18750000000.0,0.5416666666666666,0.7083333333333334,2026-09-26
golchin,180.0,129000000.0,117000000.0,142000000.0,67.0,8500000000.0,0.6555555555555556,0.8666666666666667,2026-09-26
gomrok,72.0,120000000.0,114000000.0,125250000.0,67.5,8245000000.0,0.7916666666666666,0.8194444444444444,2026-09-26
habibollah,239.0,273000000.0,227000000.0,309500000.0,95.0,23800000000.0,0.9288702928870293,0.702928870292887,2026-09-26
hafezie,196.0,220000000.0,186000000.0,253250000.0,85.5,18750000000.0,0.7857142857142857,0.6836734693877551,2026-09-26
haft-hoz,1398.0,275000000.0,226000000.0,347000000.0,78.0,21300000000.0,0.7374821173104434,0.6459227467811158,2026-09-26
haftchenar,1582.0,136000000.0,119000000.0,150000000.0,55.0,7285000000.0,0.515802781289507,0.5594184576485461,2026-09-26
hakimiyeh,418.0,244000000.0,211000000.0,260000000.0,98.0,22500000000.0,0.9617224880382775,0.8971291866028708,2026-09-26
hamzeabad,111.0,129000000.0,100500000.0,148000000.0,75.0,9240000000.0,0.8288288288288288,0.7927927927927928,2026-09-26
hamzeh-abad,154.0,126000000.0,105250000.0,163750000.0,79.5,9500000000.0,0.7012987012987013,0.8311688311688312,2026-09-26
harandi,68.0,89350000.0,81725000.0,102750000.0,60.0,5485000000.0,0.6764705882352942,0.6617647058823529,2026-09-26
hasan-abad-shomali,530.0,323000000.0,281000000.0,376750000.0,102.0,30000000000.0,0.9735849056603774,0.8849056603773585,2026-09-26
hashem-abad,144.0,105000000.0,90550000.0,118000000.0,60.0,5720000000.0,0.4583333333333333,0.5,2026-09-26
hashemabad,36.0,148500000.0,124500000.0,164500000.0,100.0,13550000000.0,0.9444444444444444,0.6111111111111112,2026-09-26
hashemi,1532.0,155000000.0,137000000.0,175000000.0,58.0,8600000000.0,0.5300261096605744,0.5757180156657964,2026-09-26
havanirooz,212.0,206000000.0,180000000.0,250000000.0,128.0,28150000000.0,0.9858490566037735,0.9056603773584906,2026-09-26
hekmat,420.0,475000000.0,426750000.0,548250000.0,130.0,61000000000.0,0.969047619047619,0.9357142857142857,2026-09-26
helal-ahmar-tehran,430.0,115000000.0,103000000.0,130000000.0,54.0,6000000000.0,0.48372093023255813,0.5441860465116279,2026-09-26
heravi,1900.0,400000000.0,352750000.0,450000000.0,132.0,52800000000.0,0.9873684210526316,0.9689473684210527,2026-09-26
hesar-booali,138.0,573500000.0,495500000.0,698000000.0,215.0,120000000000.0,0.9855072463768116,0.9782608695652174,2026-09-26
heshamatiyeh,144.0,208000000.0,175750000.0,236000000.0,66.5,14250000000.0,0.6805555555555556,0.5625,2026-09-26
hor-square,238.0,173000000.0,141000000.0,207000000.0,75.0,12500000000.0,0.5798319327731093,0.4831932773109244,2026-09-26
imam-sajjad,273.0,125000000.0,105000000.0,145000000.0,65.0,7600000000.0,0.6336996336996337,0.652014652014652,2026-09-26
imamzadeh-hasan,177.0,116000000.0,107000000.0,130000000.0,65.0,7600000000.0,0.5254237288135594,0.751412429378531,2026-09-26
iranshahr,181.0,258000000.0,226000000.0,285000000.0,82.0,21500000000.0,0.850828729281768,0.8066298342541437,2026-09-26
jaberi,98.0,147500000.0,130500000.0,177500000.0,58.0,8100000000.0,0.336734693877551,0.336734693877551,2026-09-26
jahad,275.0,400000000.0,339500000.0,455000000.0,115.0,44700000000.0,0.9236363636363636,0.8254545454545454,2026-09-26
jalili,98.0,115000000.0,105000000.0,125000000.0,60.0,7105000000.0,0.6224489795918368,0.7857142857142857,2026-09-26
jamalzadeh,328.0,205000000.0,169000000.0,233250000.0,64.0,13500000000.0,0.5914634146341463,0.5182926829268293,2026-09-26
jamaran,204.0,614500000.0,500000000.0,746250000.0,187.5,112000000000.0,1.0,0.9950980392156863,2026-09-26
javadiyeh,298.0,111000000.0,95875000.0,128000000.0,59.5,6195000000.0,0.412751677852349,0.5671140939597316,2026-09-26
javadiyeh-tehran-pars,358.0,160000000.0,120250000.0,184000000.0,68.0,10250000000.0,0.5726256983240223,0.5949720670391061,2026-09-26
javanmard-e-ghasab,931.0,151000000.0,106000000.0,187000000.0,78.0,11600000000.0,0.7851772287862513,0.8206229860365198,2026-09-26
javanmard-ghassab,120.0,121000000.0,100000000.0,146250000.0,79.0,9575000000.0,0.7833333333333333,0.8,2026-09-26
jey,1011.0,138000000.0,120000000.0,154000000.0,58.0,7600000000.0,0.6033630069238378,0.6439169139465876,2026-09-26
jeyhoun,4728.0,157000000.0,135000000.0,182000000.0,58.0,8850000000.0,0.5632402707275804,0.5192470389170897,2026-09-26
jomhouri,368.0,206000000.0,171750000.0,235250000.0,73.0,14000000000.0,0.5679347826086957,0.5434782608695652,2026-09-26
jordan,450.0,375000000.0,344000000.0,450000000.0,135.0,50250000000.0,0.9822222222222222,0.8955555555555555,2026-09-26
kamraniyeh,560.0,653000000.0,560000000.0,813250000.0,220.0,140000000000.0,1.0,0.9928571428571429,2026-09-26
kan,65.0,206000000.0,167000000.0,241000000.0,63.0,13000000000.0,0.7846153846153846,0.5230769230769231,2026-09-26
karevan,148.0,100000000.0,92500000.0,110250000.0,56.0,5500000000.0,0.5337837837837838,0.5067567567567568,2026-09-26
kashanak,178.0,550000000.0,460000000.0,663500000.0,170.0,92250000000.0,0.9719101123595506,0.949438202247191,2026-09-26
kazem-abad,384.0,299000000.0,266000000.0,337250000.0,80.0,24100000000.0,0.7708333333333334,0.8463541666666666,2026-09-26
khaje-nezam-molk,539.0,168000000.0,146000000.0,198000000.0,58.0,9500000000.0,0.5324675324675324,0.45269016697588127,2026-09-26
khak-sefid,102.0,113000000.0,90000000.0,168000000.0,60.0,7275000000.0,0.3627450980392157,0.5686274509803921,2026-09-26
khani-abad,146.0,108000000.0,97650000.0,120000000.0,62.5,6875000000.0,0.5684931506849316,0.6301369863013698,2026-09-26
khani-abad-no,65.0,171000000.0,144000000.0,189000000.0,108.0,16000000000.0,0.6923076923076923,0.7692307692307693,2026-09-26
khaniabad-no-shomali,189.0,157000000.0,130000000.0,178000000.0,75.0,12500000000.0,0.6349206349206349,0.6031746031746031,2026-09-26
khavaran,125.0,124000000.0,111000000.0,138000000.0,57.0,6850000000.0,0.52,0.552,2026-09-26
khazaneh,272.0,127000000.0,118000000.0,135000000.0,75.0,9165000000.0,0.6985294117647058,0.8492647058823529,2026-09-26
kooy-e-bimeh,288.0,245500000.0,215750000.0,267000000.0,78.0,19000000000.0,0.9236111111111112,0.8298611111111112,2026-09-26
kooy-e-ferdos,2402.0,281500000.0,253000000.0,318000000.0,86.0,23700000000.0,0.9646128226477935,0.8859283930058285,2026-09-26
kooye-e-hefdahom-e-shahrivar,179.0,119000000.0,105500000.0,138500000.0,69.0,8160000000.0,0.7150837988826816,0.8324022346368715,2026-09-26
kosar,90.0,124500000.0,102250000.0,141750000.0,62.0,7500000000.0,0.4666666666666667,0.5888888888888889,2026-09-26
kuhak,1026.0,228000000.0,210250000.0,259000000.0,116.0,26250000000.0,1.0,0.99317738791423,2026-09-26
kuy-faraz,67.0,452000000.0,410500000.0,525000000.0,137.0,62500000000.0,1.0,0.9850746268656716,2026-09-26
lavizan,162.0,320500000.0,281000000.0,361250000.0,100.0,33000000000.0,0.9629629629629629,0.9506172839506173,2026-09-26
mahestan,61.0,190000000.0,178000000.0,210000000.0,150.0,28500000000.0,1.0,1.0,2026-09-26
mahmoodiyeh,229.0,683000000.0,600000000.0,820000000.0,188.0,130000000000.0,0.9956331877729258,0.9868995633187773,2026-09-26
majid-abad,260.0,220000000.0,202750000.0,241000000.0,75.0,16500000000.0,0.9115384615384615,0.8730769230769231,2026-09-26
majidiyeh,416.0,224500000.0,195000000.0,255000000.0,64.0,13750000000.0,0.6586538461538461,0.5673076923076923,2026-09-26
makhsous,440.0,139000000.0,117000000.0,162250000.0,60.0,8000000000.0,0.5568181818181818,0.48863636363636365,2026-09-26
mansuriye-mangal,11.0,133000000.0,115000000.0,145000000.0,65.0,8800000000.0,0.5454545454545454,0.5454545454545454,2026-09-26
marzdaran,1196.0,378000000.0,330750000.0,433000000.0,100.0,36000000000.0,0.9724080267558528,0.9540133779264214,2026-09-26
masoudieh,819.0,114000000.0,102000000.0,127000000.0,67.0,7400000000.0,0.6202686202686203,0.5763125763125763,2026-09-26
mazaheri,53.0,98900000.0,90000000.0,107000000.0,67.0,6500000000.0,0.5094339622641509,0.7169811320754716,2026-09-26
mina,64.0,141500000.0,120750000.0,174000000.0,65.0,8550000000.0,0.59375,0.484375,2026-09-26
minabi,198.0,101000000.0,91325000.0,112750000.0,70.0,6850000000.0,0.6767676767676768,0.8434343434343434,2026-09-26
minay-shomali-mokhber,194.0,142000000.0,126000000.0,169750000.0,58.5,7875000000.0,0.4896907216494845,0.38144329896907214,2026-09-26
mirdamad,1132.0,422000000.0,363000000.0,515250000.0,135.0,57000000000.0,0.9681978798586572,0.8984098939929329,2026-09-26
mokhtari,200.0,111000000.0,99000000.0,128000000.0,55.5,6000000000.0,0.405,0.43,2026-09-26
molavi,101.0,107000000.0,81600000.0,131000000.0,57.0,6000000000.0,0.5544554455445545,0.6039603960396039,2026-09-26
moniriyeh,547.0,203000000.0,173000000.0,240000000.0,82.0,16000000000.0,0.8190127970749543,0.7239488117001828,2026-09-26
moqadam,117.0,115000000.0,102000000.0,125000000.0,65.0,7330000000.0,0.5897435897435898,0.7264957264957265,2026-09-26
morad-abad,22.0,214000000.0,200750000.0,270750000.0,81.5,16200000000.0,1.0,0.9090909090909091,2026-09-26
morvarid-shahr,504.0,150000000.0,115000000.0,177000000.0,130.0,18500000000.0,1.0,0.996031746031746,2026-09-26
moshiriyeh,311.0,124000000.0,108000000.0,149000000.0,69.0,8380000000.000001,0.6141479099678456,0.48231511254019294,2026-09-26
motahari,288.0,344500000.0,285250000.0,400000000.0,115.0,38100000000.0,0.8715277777777778,0.8125,2026-09-26
motahhari-tehran,54.0,96900000.0,79700000.0,107250000.0,64.0,5760000000.0,0.42592592592592593,0.42592592592592593,2026-09-26
nabi-akram,174.0,191500000.0,161250000.0,227750000.0,58.0,11850000000.0,0.5459770114942529,0.5459770114942529,2026-09-26
narmak,605.0,250000000.0,219000000.0,284000000.0,76.0,18700000000.0,0.8115702479338843,0.7355371900826446,2026-09-26
nazi-abad,400.0,165000000.0,144750000.0,192500000.0,73.0,12900000000.0,0.64,0.6975,2026-09-26
negin-gharb,57.0,160000000.0,152000000.0,170000000.0,95.0,15600000000.0,1.0,1.0,2026-09-26
nejatollahi,106.0,198000000.0,170000000.0,252000000.0,80.0,17000000000.0,0.46226415094339623,0.5660377358490566,2026-09-26
nemat-abad,45.0,100000000.0,85200000.0,110000000.0,92.0,9300000000.0,0.4666666666666667,0.8666666666666667,2026-09-26
nezam-abad,361.0,173000000.0,151000000.0,190000000.0,62.0,10500000000.0,0.6398891966759003,0.6952908587257618,2026-09-26
niavaran,774.0,640500000.0,529250000.0,766000000.0,200.0,122000000000.0,0.9844961240310077,0.9651162790697675,2026-09-26
niloufar,1286.0,388000000.0,335250000.0,444000000.0,117.0,45500000000.0,0.9626749611197511,0.9183514774494557,2026-09-26
niroo-havayi,220.0,225000000.0,184500000.0,283250000.0,84.0,19000000000.0,0.7272727272727273,0.740909090909091,2026-09-26
niruye-daryaei,121.0,262000000.0,235000000.0,285000000.0,88.0,22700000000.0,0.9008264462809917,0.8347107438016529,2026-09-26
north-janat-abad,1915.0,275000000.0,245000000.0,308000000.0,90.0,25400000000.0,0.9258485639686684,0.7430809399477807,2026-09-26
north-karegar,604.0,328000000.0,262000000.0,387000000.0,100.0,32300000000.0,0.8824503311258278,0.7483443708609272,2026-09-26
north-shahran,1227.0,263000000.0,237000000.0,302500000.0,85.0,22500000000.0,0.9616951915240424,0.8801955990220048,2026-09-26
north-sohrevardi,800.0,301000000.0,244000000.0,357000000.0,100.0,30000000000.0,0.84625,0.8,2026-09-26
nosrat,288.0,259000000.0,222000000.0,310000000.0,85.0,21450000000.0,0.7256944444444444,0.6354166666666666,2026-09-26
oghaf,446.0,200000000.0,176000000.0,223750000.0,77.0,15000000000.0,0.757847533632287,0.7511210762331838,2026-09-26
ostad-moein,1885.0,177000000.0,130000000.0,205000000.0,66.0,11700000000.0,0.7893899204244031,0.8774535809018568,2026-09-26
ozgol,174.0,386500000.0,347500000.0,437750000.0,120.0,45750000000.0,0.9942528735632183,0.9827586206896551,2026-09-26
parastar,693.0,240000000.0,198000000.0,281000000.0,90.0,21000000000.0,0.784992784992785,0.7575757575757576,2026-09-26
parvaz,45.0,333000000.0,304000000.0,432000000.0,110.0,36500000000.0,0.9333333333333333,0.7111111111111111,2026-09-26
pasdaran,1512.0,510500000.0,411000000.0,636250000.0,152.5,75000000000.0,0.9933862433862434,0.9781746031746031,2026-09-26
peykan-shahr,31.0,131000000.0,122000000.0,140000000.0,45.0,6250000000.0,0.4838709677419355,0.25806451612903225,2026-09-26
pirouzi,828.0,243000000.0,189000000.0,300000000.0,91.0,22600000000.0,0.7741545893719807,0.7427536231884058,2026-09-26
poonak,5026.0,351000000.0,303000000.0,407000000.0,100.0,35000000000.0,0.9739355352168723,0.8832073219259848,2026-09-26
qalamestan,88.0,142000000.0,120000000.0,164250000.0,64.0,9600000000.0,0.5795454545454546,0.5681818181818182,2026-09-26
qasemabad,285.0,212000000.0,181000000.0,238000000.0,84.0,18000000000.0,0.7789473684210526,0.7894736842105263,2026-09-26
qeytariyeh,848.0,500000000.0,440000000.0,592500000.0,140.0,74000000000.0,0.9893867924528302,0.9634433962264151,2026-09-26
qezel-qaleh,97.0,343000000.0,294000000.0,446000000.0,130.0,40000000000.0,0.9278350515463918,0.8969072164948454,2026-09-26
qiam,57.0,141000000.0,123000000.0,181000000.0,80.0,11000000000.0,0.5789473684210527,0.5964912280701754,2026-09-26
qoba,243.0,409000000.0,376000000.0,481500000.0,130.0,54000000000.0,0.9876543209876543,0.9917695473251029,2026-09-26
rah-ahan-tehran,70.0,114000000.0,100250000.0,128750000.0,57.5,6050000000.0,0.42857142857142855,0.32857142857142857,2026-09-26
saadat-abad,2206.0,563000000.0,440000000.0,750000000.0,143.0,77000000000.0,0.9868540344514959,0.9746146872166818,2026-09-26
sabalan,1690.0,172000000.0,152000000.0,193000000.0,56.0,9300000000.0,0.5757396449704142,0.5331360946745562,2026-09-26
sad-dastgah,233.0,186000000.0,157000000.0,219000000.0,70.0,11500000000.0,0.5836909871244635,0.5321888412017167,2026-09-26
sadeghiyeh,586.0,260000000.0,221250000.0,306000000.0,99.0,25350000000.0,0.9129692832764505,0.7508532423208191,2026-09-26
safaiye,48.0,106000000.0,78900000.0,140750000.0,65.0,6450000000.0,0.5,0.5833333333333334,2026-09-26
saheb-al-zaman,182.0,153000000.0,138250000.0,171000000.0,59.0,8450000000.0,0.5824175824175825,0.6428571428571429,2026-09-26
sahebgharanieh,152.0,779500000.0,627250000.0,1000000000.0,253.5,189000000000.0,0.993421052631579,0.993421052631579,2026-09-26
salamat,548.0,128500000.0,114000000.0,153000000.0,57.0,7000000000.0,0.5182481751824818,0.42700729927007297,2026-09-26
sanglaj,95.0,112000000.0,101000000.0,133000000.0,64.0,7000000000.0,0.5578947368421052,0.4,2026-09-26
sar-asiyab-mehr-abad,129.0,150000000.0,132000000.0,161000000.0,73.0,10500000000.0,0.7596899224806202,0.6976744186046512,2026-09-26
sarasiab-doolab,101.0,155000000.0,125000000.0,173000000.0,61.0,8600000000.0,0.5148514851485149,0.6138613861386139,2026-09-26
sardar-e-jangal,1432.0,324000000.0,284000000.0,368000000.0,85.5,27500000000.0,0.9643854748603352,0.8414804469273743,2026-09-26
sarsabil,2646.0,151000000.0,131250000.0,176000000.0,55.0,8189999999.999999,0.5128495842781557,0.40060468631897206,2026-09-26
sarsabz,459.0,283000000.0,231500000.0,340500000.0,78.0,22000000000.0,0.7233115468409586,0.6296296296296297,2026-09-26
sartakht,139.0,160000000.0,119000000.0,187000000.0,98.0,16000000000.0,0.8489208633093526,0.8201438848920863,2026-09-26
sartakht-rey,145.0,150000000.0,70000000.0,183000000.0,90.0,14000000000.0,0.8620689655172413,0.8758620689655172,2026-09-26
sattarkhan,597.0,296000000.0,250000000.0,333000000.0,95.0,27800000000.0,0.916247906197655,0.7638190954773869,2026-09-26
sazamn-barnameh,1301.0,320000000.0,277000000.0,377000000.0,102.0,32000000000.0,0.96771714066103,0.8962336664104535,2026-09-26
sazman-ab,1284.0,263000000.0,244000000.0,288000000.0,102.0,26800000000.0,0.9750778816199377,0.8761682242990654,2026-09-26
sazman-barname-jonubi,3018.0,280000000.0,254000000.0,307000000.0,80.0,22000000000.0,0.9884029158383035,0.8929754804506296,2026-09-26
selsebil-shomali,2744.0,174000000.0,148000000.0,204000000.0,60.0,10000000000.0,0.4839650145772595,0.41472303206997085,2026-09-26
sepehr,320.0,455000000.0,393500000.0,575000000.0,128.0,59300000000.0,0.971875,0.925,2026-09-26
seyed-khandan,604.0,347000000.0,301000000.0,391000000.0,115.0,39950000000.0,0.902317880794702,0.8576158940397351,2026-09-26
shabiri,114.0,137500000.0,123250000.0,160500000.0,55.5,7500000000.0,0.4824561403508772,0.4298245614035088,2026-09-26
shadabad,193.0,115000000.0,100000000.0,130000000.0,73.0,8000000000.0,0.772020725388601,0.8341968911917098,2026-09-26
shadman,451.0,263000000.0,226000000.0,300000000.0,88.0,22500000000.0,0.9068736141906873,0.802660753880266,2026-09-26
shahadat,22.0,135000000.0,125500000.0,145000000.0,65.0,8490000000.0,0.5909090909090909,0.6363636363636364,2026-09-26
shaharak-e-esteqlal,77.0,110000000.0,89600000.0,112000000.0,80.0,8800000000.0,0.987012987012987,0.974025974025974,2026-09-26
shaharak-e-shariyati,454.0,153000000.0,127000000.0,170000000.0,75.5,11200000000.0,0.7048458149779736,0.7224669603524229,2026-09-26
shahed,203.0,173000000.0,151500000.0,200000000.0,54.0,9000000000.0,0.625615763546798,0.5172413793103449,2026-09-26
shahid-asadi,126.0,157500000.0,129000000.0,176000000.0,57.0,8575000000.0,0.4523809523809524,0.5634920634920635,2026-09-26
shahid-avini,60.0,90550000.0,70000000.0,118000000.0,69.5,6675000000.0,0.8166666666666667,0.8333333333333334,2026-09-26
shahid-beheshti-rey,13.0,105000000.0,95000000.0,120000000.0,90.0,8400000000.0,0.7692307692307693,0.6153846153846154,2026-09-26
shahid-borujerdi,63.0,200000000.0,120500000.0,200000000.0,93.0,17000000000.0,0.7777777777777778,0.9682539682539683,2026-09-26
shahid-dastgheyb,395.0,167000000.0,150000000.0,184000000.0,65.0,10800000000.0,0.6050632911392405,0.9012658227848102,2026-09-26
shahid-navab-safavi,47.0,108000000.0,104000000.0,120500000.0,48.0,5500000000.0,0.48936170212765956,0.574468085106383,2026-09-26
shahin,1009.0,298000000.0,263000000.0,330000000.0,90.0,26200000000.0,0.9732408325074331,0.867195242814668,2026-09-26
shahr-e-ziba,284.0,227500000.0,187750000.0,257000000.0,70.0,15700000000.0,0.9366197183098591,0.8661971830985915,2026-09-26
shahrak-ati-shahr,79.0,166000000.0,149000000.0,185500000.0,116.0,20800000000.0,1.0,0.9873417721518988,2026-09-26
shahrak-azmayesh-tehran,435.0,397000000.0,333500000.0,458000000.0,100.0,40000000000.0,0.960919540229885,0.9540229885057471,2026-09-26
shahrak-baasat,29.0,115000000.0,88800000.0,133000000.0,75.0,7300000000.0,0.6896551724137931,0.6551724137931034,2026-09-26
shahrak-booli,23.0,333000000.0,316500000.0,368000000.0,105.0,34000000000.0,0.9565217391304348,1.0,2026-09-26
shahrak-daneshgahi,157.0,100000000.0,87500000.0,109000000.0,81.0,8439999999.999999,0.9681528662420382,0.9235668789808917,2026-09-26
shahrak-e-ansar,37.0,176000000.0,171000000.0,183000000.0,112.0,20000000000.0,1.0,1.0,2026-09-26
shahrak-e-apadana,12.0,276500000.0,239750000.0,283500000.0,115.0,31500000000.0,0.25,1.0,2026-09-26
shahrak-e-azadi,76.0,191500000.0,168250000.0,213500000.0,82.5,14900000000.0,0.9210526315789473,0.5394736842105263,2026-09-26
shahrak-e-cheshmeh,550.0,202500000.0,170000000.0,285750000.0,115.0,23350000000.0,0.9145454545454546,0.7254545454545455,2026-09-26
shahrak-e-darya,28.0,209500000.0,189250000.0,226000000.0,106.5,21100000000.0,0.9285714285714286,0.8214285714285714,2026-09-26
shahrak-e-ferdows,169.0,124000000.0,106000000.0,141000000.0,64.0,7700000000.0,0.5207100591715976,0.6627218934911243,2026-09-26
shahrak-e-gharb,252.0,583000000.0,450000000.0,687000000.0,150.0,80000000000.0,0.9801587301587301,0.9484126984126984,2026-09-26
shahrak-e-jandarmeri,429.0,483000000.0,380000000.0,563000000.0,145.0,63000000000.0,0.9790209790209791,0.972027972027972,2026-09-26
shahrak-e-kianshahr,575.0,130000000.0,107000000.0,153000000.0,64.0,8189999999.999999,0.4991304347826087,0.5547826086956522,2026-09-26
shahrak-e-koohsar,192.0,275500000.0,248000000.0,330750000.0,79.5,21700000000.0,0.9635416666666666,0.6302083333333334,2026-09-26
shahrak-e-mahalati,77.0,339000000.0,309000000.0,375000000.0,115.0,36500000000.0,0.8441558441558441,0.935064935064935,2026-09-26
shahrak-e-omid,37.0,325000000.0,303000000.0,346000000.0,133.0,45000000000.0,0.972972972972973,1.0,2026-09-26
shahrak-e-parvaz,1289.0,279000000.0,250000000.0,319000000.0,75.0,21400000000.0,0.9596586501163693,0.7323506594259116,2026-09-26
shahrak-e-takhti,83.0,160000000.0,129000000.0,180000000.0,76.0,13000000000.0,0.7108433734939759,0.7710843373493976,2026-09-26
shahrak-e-vali-e-asr,249.0,112000000.0,97700000.0,130000000.0,59.0,6400000000.0,0.5100401606425703,0.4979919678714859,2026-09-26
shahrak-e-vilashahr,62.0,188000000.0,180250000.0,200000000.0,75.0,14950000000.0,0.9838709677419355,0.9193548387096774,2026-09-26
shahrak-elahiye-gharb,159.0,120000000.0,114000000.0,220500000.0,122.0,16100000000.000002,1.0,1.0,2026-09-26
shahrak-elm-va-fanavari,10.0,125500000.0,108750000.0,185750000.0,121.0,14850000000.0,1.0,0.9,2026-09-26
shahrak-farhangian,13.0,210000000.0,156000000.0,230000000.0,114.0,16600000000.000002,0.5384615384615384,0.46153846153846156,2026-09-26
shahrak-golha,26.0,377000000.0,306250000.0,427750000.0,110.0,45500000000.0,0.9615384615384616,0.9230769230769231,2026-09-26
shahrak-golha-tehransar,11.0,153000000.0,136500000.0,180000000.0,130.0,19000000000.0,1.0,0.45454545454545453,2026-09-26
shahrak-homa,565.0,350000000.0,323000000.0,437000000.0,110.0,41300000000.0,0.9893805309734514,0.9716814159292035,2026-09-26
shahrak-kharazi,744.0,163000000.0,152000000.0,174000000.0,114.0,18500000000.0,1.0,1.0,2026-09-26
shahrak-mokhaberat,50.0,351000000.0,330000000.0,491000000.0,119.5,42000000000.0,0.98,0.9,2026-09-26
shahrak-naft,165.0,370000000.0,305000000.0,441000000.0,111.0,40500000000.0,0.9515151515151515,0.9272727272727272,2026-09-26
shahrak-naft-district5,762.0,317000000.0,283000000.0,366000000.0,86.0,27500000000.0,0.9776902887139107,0.9068241469816273,2026-09-26
shahrak-pasdaran,158.0,221000000.0,200000000.0,243750000.0,91.0,19750000000.0,0.9556962025316456,0.8924050632911392,2026-09-26
shahrak-sadeghieh,25.0,106000000.0,96500000.0,123000000.0,59.0,6100000000.0,0.76,0.88,2026-09-26
shahrak-shahid-bagheri,220.0,176000000.0,166000000.0,195250000.0,85.0,14500000000.0,0.6954545454545454,0.6,2026-09-26
shahrak-valfajr,101.0,405000000.0,367000000.0,452000000.0,130.0,52000000000.0,0.9504950495049505,0.9108910891089109,2026-09-26
shahrak-valiasr-shomali,265.0,136000000.0,110000000.0,166000000.0,64.0,8500000000.0,0.630188679245283,0.5849056603773585,2026-09-26
shahrak-yas-tehran,57.0,177000000.0,157000000.0,190000000.0,90.0,15500000000.0,0.8070175438596491,0.17543859649122806,2026-09-26
shahrerey,212.0,153000000.0,127750000.0,186000000.0,80.0,12150000000.0,0.7830188679245284,0.8537735849056604,2026-09-26
shams-abad,1685.0,300000000.0,266000000.0,337000000.0,90.0,27000000000.0,0.8617210682492582,0.9121661721068249,2026-09-26
shamshiri,128.0,144000000.0,128750000.0,158500000.0,62.0,9000000000.0,0.5,0.71875,2026-09-26
sharara,38.0,311500000.0,286750000.0,372750000.0,95.0,33500000000.0,0.9736842105263158,0.9736842105263158,2026-09-26
sharif,114.0,145500000.0,114000000.0,203750000.0,127.0,17250000000.0,1.0,0.956140350877193,2026-09-26
shemiran-no,117.0,92800000.0,77200000.0,106000000.0,65.0,6000000000.0,0.21367521367521367,0.28205128205128205,2026-09-26
sheykh-al-raeis,210.0,146000000.0,124000000.0,183500000.0,57.0,8760000000.0,0.48095238095238096,0.46190476190476193,2026-09-26
sheykh-hadi,166.0,180000000.0,148000000.0,222000000.0,82.0,13900000000.0,0.6144578313253012,0.463855421686747,2026-09-26
shian,35.0,350000000.0,294000000.0,378500000.0,108.0,35000000000.0,0.9428571428571428,1.0,2026-09-26
shirazi,50.0,400000000.0,366250000.0,474500000.0,127.5,54500000000.0,0.92,0.86,2026-09-26
shiva,132.0,141500000.0,125000000.0,154000000.0,61.0,8625000000.0,0.49242424242424243,0.5075757575757576,2026-09-26
shokoofeh,235.0,154000000.0,131000000.0,185500000.0,60.0,8500000000.0,0.5276595744680851,0.37446808510638296,2026-09-26
shokufe-abdol-abad,23.0,120000000.0,105000000.0,142000000.0,63.0,7800000000.0,0.6521739130434783,0.4782608695652174,2026-09-26
shoosh,104.0,95150000.0,84675000.0,108000000.0,59.0,5535000000.0,0.5865384615384616,0.8653846153846154,2026-09-26
simaye-iran,33.0,445000000.0,402000000.0,525000000.0,158.0,67000000000.0,0.9696969696969697,0.7878787878787878,2026-09-26
sirous,13.0,100000000.0,96500000.0,113000000.0,63.0,6500000000.0,0.8461538461538461,0.7692307692307693,2026-09-26
sizdah-aban-rey,28.0,100050000.0,86200000.0,117250000.0,78.0,6900000000.0,0.6785714285714286,0.7857142857142857,2026-09-26
sohanak,261.0,365000000.0,335000000.0,428000000.0,120.0,45000000000.0,0.9731800766283525,0.9770114942528736,2026-09-26
soleymani,1606.0,133500000.0,119000000.0,150000000.0,54.5,7000000000.0,0.5952677459526775,0.5273972602739726,2026-09-26
soleymanieh,188.0,142000000.0,126750000.0,162250000.0,56.0,7715000000.0,0.4574468085106383,0.3351063829787234,2026-09-26
sorkhe-hesar,12.0,196500000.0,163000000.0,236500000.0,67.5,13200000000.0,0.6666666666666666,0.3333333333333333,2026-09-26
south-ali-abad,54.0,108500000.0,79975000.0,144750000.0,70.0,7025000000.0,0.6296296296296297,0.42592592592592593,2026-09-26
south-deylaman,61.0,180000000.0,153000000.0,190000000.0,105.0,16100000000.000002,0.8852459016393442,0.8852459016393442,2026-09-26
south-janat-abad,3515.0,300000000.0,269000000.0,335000000.0,95.0,29000000000.0,0.9647226173541963,0.8347083926031295,2026-09-26
south-mehrabad,192.0,144000000.0,131000000.0,164000000.0,63.5,8550000000.000001,0.5104166666666666,0.7239583333333334,2026-09-26
south-narmak,530.0,217000000.0,181250000.0,250750000.0,65.0,12900000000.0,0.5867924528301887,0.5094339622641509,2026-09-26
south-shahran,1380.0,262000000.0,238000000.0,295000000.0,80.0,21500000000.0,0.9760869565217392,0.8014492753623188,2026-09-26
taghi-abad,56.0,70000000.0,70000000.0,72375000.0,69.0,5135000000.0,0.9107142857142857,0.9642857142857143,2026-09-26
tajrish,79.0,515000000.0,429500000.0,646000000.0,130.0,65000000000.0,0.9367088607594937,0.8734177215189873,2026-09-26
tarasht,564.0,248500000.0,223000000.0,270250000.0,87.0,21500000000.0,0.9645390070921985,0.8599290780141844,2026-09-26
taslihat,458.0,177500000.0,155250000.0,194000000.0,58.0,9690000000.0,0.6593886462882096,0.3930131004366812,2026-09-26
tavanir,117.0,402000000.0,319000000.0,480000000.0,123.0,47000000000.0,0.905982905982906,0.8376068376068376,2026-09-26
taxirani,222.0,178000000.0,159000000.0,221000000.0,70.0,12600000000.0,0.6396396396396397,0.7027027027027027,2026-09-26
tayeb,151.0,111000000.0,101500000.0,119000000.0,64.0,7080000000.0,0.6423841059602649,0.7615894039735099,2026-09-26
tehran-emamat,216.0,200000000.0,175000000.0,245000000.0,68.0,13000000000.0,0.5833333333333334,0.625,2026-09-26
tehran-gorgan,541.0,165000000.0,143000000.0,197000000.0,60.0,9600000000.0,0.55637707948244,0.49168207024029575,2026-09-26
tehran-hesarak,14.0,153000000.0,145500000.0,181250000.0,67.5,11250000000.0,0.42857142857142855,0.2857142857142857,2026-09-26
tehran-hosein-abad,256.0,376500000.0,332750000.0,416000000.0,120.0,44750000000.0,0.96875,0.96484375,2026-09-26
tehran-iran,110.0,237000000.0,178250000.0,284750000.0,92.5,23150000000.0,0.6909090909090909,0.6545454545454545,2026-09-26
tehran-jolfa,244.0,331500000.0,281000000.0,400000000.0,100.0,33150000000.0,0.8729508196721312,0.7581967213114754,2026-09-26
tehran-kerman,669.0,223000000.0,191000000.0,252000000.0,68.0,14300000000.0,0.6995515695067265,0.7458893871449925,2026-09-26
tehran-khaghani,61.0,273000000.0,229000000.0,291000000.0,95.0,24200000000.0,0.8524590163934426,0.7868852459016393,2026-09-26
tehran-no,362.0,208000000.0,173000000.0,250000000.0,71.0,13500000000.0,0.6988950276243094,0.6049723756906077,2026-09-26
tehran-pars,764.0,300000000.0,251000000.0,368000000.0,118.0,36000000000.0,0.9057591623036649,0.918848167539267,2026-09-26
tehran-police,291.0,233000000.0,200000000.0,279000000.0,70.0,16200000000.0,0.6597938144329897,0.584192439862543,2026-09-26
tehran-shandiz,52.0,117000000.0,99800000.0,136500000.0,68.0,7500000000.0,0.5576923076923077,0.5961538461538461,2026-09-26
tehran-university,246.0,231500000.0,200000000.0,283750000.0,95.0,23250000000.0,0.7195121951219512,0.6463414634146342,2026-09-26
tehran-zanjan,1397.0,175000000.0,146000000.0,202000000.0,61.0,10800000000.0,0.5533285612025769,0.5984251968503937,2026-09-26
tehransar,395.0,180000000.0,150000000.0,208000000.0,90.0,15200000000.0,0.9139240506329114,0.8025316455696202,2026-09-26
tehransar-gharbi,143.0,183000000.0,121000000.0,204000000.0,87.0,15200000000.0,0.9440559440559441,0.916083916083916,2026-09-26
tehransar-markazi,913.0,187000000.0,148000000.0,207000000.0,70.0,12000000000.0,0.8718510405257394,0.7634173055859803,2026-09-26
tehransar-shomali,677.0,108000000.0,86000000.0,185000000.0,65.0,6900000000.0,0.9556868537666174,0.9025110782865583,2026-09-26
tehranvila,352.0,330000000.0,287750000.0,368000000.0,97.0,32000000000.0,0.9232954545454546,0.7869318181818182,2026-09-26
tohid,413.0,250000000.0,203000000.0,298000000.0,97.0,24000000000.0,0.8353510895883777,0.7796610169491526,2026-09-26
tolid-daroo,255.0,138000000.0,119500000.0,151000000.0,65.0,8500000000.0,0.5725490196078431,0.7254901960784313,2026-09-26
tous,536.0,116000000.0,107000000.0,127000000.0,63.0,7300000000.0,0.5652985074626866,0.6940298507462687,2026-09-26
university-of-sharif,317.0,246000000.0,219000000.0,272000000.0,78.0,18000000000.0,0.8391167192429022,0.6750788643533123,2026-09-26
vahidiyeh,588.0,169000000.0,150000000.0,187000000.0,60.0,9600000000.0,0.6241496598639455,0.5357142857142857,2026-09-26
valfajr-afsarieh,191.0,154000000.0,134000000.0,166000000.0,84.0,13400000000.0,0.8010471204188482,0.8481675392670157,2026-09-26
valiasr,59.0,230000000.0,201000000.0,264000000.0,90.0,20000000000.0,0.7627118644067796,0.7288135593220338,2026-09-26
vanak,411.0,413000000.0,350000000.0,500000000.0,154.0,60000000000.0,0.9610705596107056,0.9075425790754258,2026-09-26
vanak-village,18.0,437500000.0,374000000.0,500000000.0,125.5,51600000000.0,0.9444444444444444,0.7777777777777778,2026-09-26
vardavard,794.0,107000000.0,87200000.0,146000000.0,59.0,5600000000.0,0.9911838790931989,0.9546599496221663,2026-09-26
varzeshgah-azadi,109.0,223000000.0,181000000.0,280000000.0,110.0,24700000000.0,0.8348623853211009,0.5504587155963303,2026-09-26
vasfenard,154.0,97300000.0,85700000.0,115750000.0,65.5,5885000000.0,0.564935064935065,0.5974025974025974,2026-09-26
velenjak,1017.0,727000000.0,595000000.0,888000000.0,182.0,134000000000.0,0.992133726647001,0.9783677482792527,2026-09-26
west-shahrak-e-golestan,2629.0,251000000.0,198000000.0,333000000.0,125.0,30900000000.0,0.9783187523773298,0.8425256751616584,2026-09-26
west-tehranpars,2145.0,265000000.0,226000000.0,307000000.0,93.0,24000000000.0,0.8778554778554779,0.8163170163170164,2026-09-26
yaftabad,193.0,84600000.0,70800000.0,100000000.0,61.0,5150000000.0,0.43523316062176165,0.533678756476684,2026-09-26
yakhchi-abad,101.0,153000000.0,130000000.0,165000000.0,72.0,10500000000.0,0.5643564356435643,0.6039603960396039,2026-09-26
yousef-abad,2135.0,436000000.0,379500000.0,500000000.0,120.0,51200000000.0,0.9503512880562061,0.9096018735362997,2026-09-26
zafar,515.0,409000000.0,357000000.0,483000000.0,114.0,47000000000.0,0.9825242718446602,0.9087378640776699,2026-09-26
zafaraniyeh,1134.0,738000000.0,595000000.0,900000000.0,200.0,150000000000.0,0.9973544973544973,0.982363315696649,2026-09-26
zahed-gilani,316.0,171000000.0,146000000.0,196000000.0,65.0,11200000000.0,0.5221518987341772,0.629746835443038,2026-09-26
zahir-abad,144.0,148500000.0,101500000.0,175250000.0,85.0,12150000000.0,0.7916666666666666,0.7708333333333334,2026-09-26
zahireabad,31.0,116000000.0,72150000.0,147500000.0,73.0,9000000000.0,0.7096774193548387,0.8387096774193549,2026-09-26
zamzam,152.0,101000000.0,92175000.0,110000000.0,60.0,6000000000.0,0.5789473684210527,0.7236842105263158,2026-09-26
zargandeh,275.0,375000000.0,322000000.0,450000000.0,100.0,39000000000.0,0.9127272727272727,0.8072727272727273,2026-09-26
zarkesh,336.0,187500000.0,167000000.0,203000000.0,60.0,11300000000.0,0.6369047619047619,0.6011904761904762,2026-09-26
zehtabi,121.0,98900000.0,90500000.0,113000000.0,60.0,6300000000.0,0.6611570247933884,0.5702479338842975,2026-09-26
