district,listings,ppm2,ppm2_p25,ppm2_p75,size_median,price_median,parking_share,elevator_share,collected_on
1,10292.0,641243565.5994978,500590614.8867314,717737037.037037,175.0,107000000000.0,0.9850369218810727,0.9701710066070734,2026-09-26
2,14637.0,379668810.2893891,299864339.0191898,486813131.31313133,108.0,38400000000.0,0.9484183917469426,0.8852223816355811,2026-09-26
3,8045.0,421841022.0014194,400000000.0,506680998.1960313,140.0,62000000000.0,0.9642013673088875,0.9159726538222498,2026-09-26
4,13237.0,269143689.3203884,240896885.0698174,381383116.8831169,97.0,27500000000.0,0.8727808415804186,0.8578227695097076,2026-09-26
5,35979.0,290564568.0819912,279000000.0,318243605.3593179,90.0,25800000000.0,0.9610606186942383,0.8467161399705384,2026-09-26
6,5473.0,400000000.0,313368012.42236024,428170672.0071206,113.0,42000000000.0,0.8889091905718984,0.828978622327791,2026-09-26
7,7065.0,233000000.0,173776612.27661228,335435489.9027674,80.0,18300000000.0,0.7489030431705591,0.7210191082802547,2026-09-26
8,8340.0,223615848.00741428,175596091.20521173,271212121.2121212,67.0,14000000000.0,0.68189448441247,0.6212230215827338,2026-09-26
9,4868.0,179516583.9644816,170108285.83954406,186549229.56385478,68.0,12000000000.0,0.723911257189811,0.8568200493015612,2026-09-26
10,19060.0,155066453.6741214,138000000.0,164925752.5083612,58.0,8500000000.0,0.5406610703043022,0.5162644281217209,2026-09-26
11,5481.0,147884841.36310223,122774193.5483871,178900246.30541873,65.0,9500000000.0,0.5871191388432768,0.551906586389345,2026-09-26
12,1182.0,154521126.76056337,109306748.46625766,188000000.0,70.0,9600000000.0,0.5846023688663282,0.5820642978003384,2026-09-26
13,3041.0,212066528.06652805,195122340.42553192,231231428.57142857,78.0,15000000000.0,0.6829990134824071,0.6603091088457744,2026-09-26
14,4691.0,173482352.94117647,145421286.03104213,194168518.5185185,65.0,10900000000.0,0.5917714772969516,0.5734384992538905,2026-09-26
15,4915.0,127957013.57466063,111819301.84804928,158764137.93103448,70.0,9000000000.0,0.6343845371312309,0.669175991861648,2026-09-26
16,1359.0,140069518.71657753,113330275.2293578,162655279.50310558,70.0,9000000000.0,0.6048565121412803,0.6799116997792495,2026-09-26
17,2894.0,116000000.0,115810606.06060606,125000000.0,63.0,7385000000.0,0.5967519004837595,0.7083621285418107,2026-09-26
18,1946.0,119229885.05747126,111636000.0,136782692.30769232,64.0,7500000000.0,0.5935251798561151,0.6526207605344296,2026-09-26
19,1035.0,153137071.65109035,144865384.6153846,156348909.65732086,78.0,11000000000.0,0.6869565217391305,0.7140096618357488,2026-09-26
20,3355.0,150052093.02325583,140083333.33333334,152291593.69527146,79.0,11200000000.0,0.772876304023845,0.8083457526080476,2026-09-26
21,4098.0,177092592.5925926,107376698.36956522,187142197.1252567,73.0,11100000000.0,0.9331381161542216,0.8521229868228404,2026-09-26
22,9363.0,205085413.92904073,192827763.49614397,234324944.48556626,118.0,24200000000.0,0.9736195663782976,0.9031293388871088,2026-09-26
