jalali_year,jalali_month,price_per_m2_toman,transactions,source,source_url,quality
1395,1,4089000,,"CBI monthly series, 1395-1399 (transcribed CSV)",https://github.com/amiralimadadi/Regression_TheranHousing/blob/ac6a6406f2c5507ab9a905859efc1b61cb4d17c1/TehranHousingPriceBackground.csv,official_series_transcribed
1395,2,4287000,,"CBI monthly series, 1395-1399 (transcribed CSV)",https://github.com/amiralimadadi/Regression_TheranHousing/blob/ac6a6406f2c5507ab9a905859efc1b61cb4d17c1/TehranHousingPriceBackground.csv,official_series_transcribed
1395,3,4328000,,"CBI monthly series, 1395-1399 (transcribed CSV)",https://github.com/amiralimadadi/Regression_TheranHousing/blob/ac6a6406f2c5507ab9a905859efc1b61cb4d17c1/TehranHousingPriceBackground.csv,official_series_transcribed
1395,4,4350000,,"CBI monthly series, 1395-1399 (transcribed CSV)",https://github.com/amiralimadadi/Regression_TheranHousing/blob/ac6a6406f2c5507ab9a905859efc1b61cb4d17c1/TehranHousingPriceBackground.csv,official_series_transcribed
1395,5,4391000,,"CBI monthly series, 1395-1399 (transcribed CSV)",https://github.com/amiralimadadi/Regression_TheranHousing/blob/ac6a6406f2c5507ab9a905859efc1b61cb4d17c1/TehranHousingPriceBackground.csv,official_series_transcribed
1395,6,4335000,,"CBI monthly series, 1395-1399 (transcribed CSV)",https://github.com/amiralimadadi/Regression_TheranHousing/blob/ac6a6406f2c5507ab9a905859efc1b61cb4d17c1/TehranHousingPriceBackground.csv,official_series_transcribed
1395,7,4370000,,"CBI monthly series, 1395-1399 (transcribed CSV)",https://github.com/amiralimadadi/Regression_TheranHousing/blob/ac6a6406f2c5507ab9a905859efc1b61cb4d17c1/TehranHousingPriceBackground.csv,official_series_transcribed
1395,8,4410000,,"CBI monthly series, 1395-1399 (transcribed CSV)",https://github.com/amiralimadadi/Regression_TheranHousing/blob/ac6a6406f2c5507ab9a905859efc1b61cb4d17c1/TehranHousingPriceBackground.csv,official_series_transcribed
1395,9,4429000,,"CBI monthly series, 1395-1399 (transcribed CSV)",https://github.com/amiralimadadi/Regression_TheranHousing/blob/ac6a6406f2c5507ab9a905859efc1b61cb4d17c1/TehranHousingPriceBackground.csv,official_series_transcribed
1395,10,4493000,,"CBI monthly series, 1395-1399 (transcribed CSV)",https://github.com/amiralimadadi/Regression_TheranHousing/blob/ac6a6406f2c5507ab9a905859efc1b61cb4d17c1/TehranHousingPriceBackground.csv,official_series_transcribed
1395,11,4502000,,"CBI monthly series, 1395-1399 (transcribed CSV)",https://github.com/amiralimadadi/Regression_TheranHousing/blob/ac6a6406f2c5507ab9a905859efc1b61cb4d17c1/TehranHousingPriceBackground.csv,official_series_transcribed
1395,12,4567000,,"CBI monthly series, 1395-1399 (transcribed CSV)",https://github.com/amiralimadadi/Regression_TheranHousing/blob/ac6a6406f2c5507ab9a905859efc1b61cb4d17c1/TehranHousingPriceBackground.csv,official_series_transcribed
1396,1,4267700,,"CBI monthly series, 1395-1399 (transcribed CSV)",https://github.com/amiralimadadi/Regression_TheranHousing/blob/ac6a6406f2c5507ab9a905859efc1b61cb4d17c1/TehranHousingPriceBackground.csv,official_series_transcribed
1396,2,4435000,,"CBI monthly series, 1395-1399 (transcribed CSV)",https://github.com/amiralimadadi/Regression_TheranHousing/blob/ac6a6406f2c5507ab9a905859efc1b61cb4d17c1/TehranHousingPriceBackground.csv,official_series_transcribed
1396,3,4465600,,"CBI monthly series, 1395-1399 (transcribed CSV)",https://github.com/amiralimadadi/Regression_TheranHousing/blob/ac6a6406f2c5507ab9a905859efc1b61cb4d17c1/TehranHousingPriceBackground.csv,official_series_transcribed
1396,4,4521900,,"CBI monthly series, 1395-1399 (transcribed CSV)",https://github.com/amiralimadadi/Regression_TheranHousing/blob/ac6a6406f2c5507ab9a905859efc1b61cb4d17c1/TehranHousingPriceBackground.csv,official_series_transcribed
1396,5,4566200,,"CBI monthly series, 1395-1399 (transcribed CSV)",https://github.com/amiralimadadi/Regression_TheranHousing/blob/ac6a6406f2c5507ab9a905859efc1b61cb4d17c1/TehranHousingPriceBackground.csv,official_series_transcribed
1396,6,4650000,,"CBI monthly series, 1395-1399 (transcribed CSV)",https://github.com/amiralimadadi/Regression_TheranHousing/blob/ac6a6406f2c5507ab9a905859efc1b61cb4d17c1/TehranHousingPriceBackground.csv,official_series_transcribed
1396,7,4692100,,"CBI monthly series, 1395-1399 (transcribed CSV)",https://github.com/amiralimadadi/Regression_TheranHousing/blob/ac6a6406f2c5507ab9a905859efc1b61cb4d17c1/TehranHousingPriceBackground.csv,official_series_transcribed
1396,8,4792900,,"CBI monthly series, 1395-1399 (transcribed CSV)",https://github.com/amiralimadadi/Regression_TheranHousing/blob/ac6a6406f2c5507ab9a905859efc1b61cb4d17c1/TehranHousingPriceBackground.csv,official_series_transcribed
1396,9,4982100,,"CBI monthly series, 1395-1399 (transcribed CSV)",https://github.com/amiralimadadi/Regression_TheranHousing/blob/ac6a6406f2c5507ab9a905859efc1b61cb4d17c1/TehranHousingPriceBackground.csv,official_series_transcribed
1396,10,5124700,,"CBI monthly series, 1395-1399 (transcribed CSV)",https://github.com/amiralimadadi/Regression_TheranHousing/blob/ac6a6406f2c5507ab9a905859efc1b61cb4d17c1/TehranHousingPriceBackground.csv,official_series_transcribed
1396,11,5384900,,"CBI monthly series, 1395-1399 (transcribed CSV)",https://github.com/amiralimadadi/Regression_TheranHousing/blob/ac6a6406f2c5507ab9a905859efc1b61cb4d17c1/TehranHousingPriceBackground.csv,official_series_transcribed
1396,12,5638600,,"CBI monthly series, 1395-1399 (transcribed CSV)",https://github.com/amiralimadadi/Regression_TheranHousing/blob/ac6a6406f2c5507ab9a905859efc1b61cb4d17c1/TehranHousingPriceBackground.csv,official_series_transcribed
1397,1,5528000,,"CBI monthly series, 1395-1399 (transcribed CSV)",https://github.com/amiralimadadi/Regression_TheranHousing/blob/ac6a6406f2c5507ab9a905859efc1b61cb4d17c1/TehranHousingPriceBackground.csv,official_series_transcribed
1397,2,5978000,,"CBI monthly series, 1395-1399 (transcribed CSV)",https://github.com/amiralimadadi/Regression_TheranHousing/blob/ac6a6406f2c5507ab9a905859efc1b61cb4d17c1/TehranHousingPriceBackground.csv,official_series_transcribed
1397,3,6510000,,"CBI monthly series, 1395-1399 (transcribed CSV)",https://github.com/amiralimadadi/Regression_TheranHousing/blob/ac6a6406f2c5507ab9a905859efc1b61cb4d17c1/TehranHousingPriceBackground.csv,official_series_transcribed
1397,4,6973000,,"CBI monthly series, 1395-1399 (transcribed CSV)",https://github.com/amiralimadadi/Regression_TheranHousing/blob/ac6a6406f2c5507ab9a905859efc1b61cb4d17c1/TehranHousingPriceBackground.csv,official_series_transcribed
1397,5,7399900,,"CBI monthly series, 1395-1399 (transcribed CSV)",https://github.com/amiralimadadi/Regression_TheranHousing/blob/ac6a6406f2c5507ab9a905859efc1b61cb4d17c1/TehranHousingPriceBackground.csv,official_series_transcribed
1397,6,8095700,,"CBI monthly series, 1395-1399 (transcribed CSV)",https://github.com/amiralimadadi/Regression_TheranHousing/blob/ac6a6406f2c5507ab9a905859efc1b61cb4d17c1/TehranHousingPriceBackground.csv,official_series_transcribed
1397,7,8510000,,"CBI monthly series, 1395-1399 (transcribed CSV)",https://github.com/amiralimadadi/Regression_TheranHousing/blob/ac6a6406f2c5507ab9a905859efc1b61cb4d17c1/TehranHousingPriceBackground.csv,official_series_transcribed
1397,8,9179400,,"CBI monthly series, 1395-1399 (transcribed CSV)",https://github.com/amiralimadadi/Regression_TheranHousing/blob/ac6a6406f2c5507ab9a905859efc1b61cb4d17c1/TehranHousingPriceBackground.csv,official_series_transcribed
1397,9,9554700,,"CBI monthly series, 1395-1399 (transcribed CSV)",https://github.com/amiralimadadi/Regression_TheranHousing/blob/ac6a6406f2c5507ab9a905859efc1b61cb4d17c1/TehranHousingPriceBackground.csv,official_series_transcribed
1397,10,9797300,,"CBI monthly series, 1395-1399 (transcribed CSV)",https://github.com/amiralimadadi/Regression_TheranHousing/blob/ac6a6406f2c5507ab9a905859efc1b61cb4d17c1/TehranHousingPriceBackground.csv,official_series_transcribed
1397,11,9967200,,"CBI monthly series, 1395-1399 (transcribed CSV)",https://github.com/amiralimadadi/Regression_TheranHousing/blob/ac6a6406f2c5507ab9a905859efc1b61cb4d17c1/TehranHousingPriceBackground.csv,official_series_transcribed
1397,12,10901126,,"CBI monthly series, 1395-1399 (transcribed CSV)",https://github.com/amiralimadadi/Regression_TheranHousing/blob/ac6a6406f2c5507ab9a905859efc1b61cb4d17c1/TehranHousingPriceBackground.csv,official_series_transcribed
1398,1,11269100,,"CBI monthly series, 1395-1399 (transcribed CSV)",https://github.com/amiralimadadi/Regression_TheranHousing/blob/ac6a6406f2c5507ab9a905859efc1b61cb4d17c1/TehranHousingPriceBackground.csv,official_series_transcribed
1398,2,12672500,,"CBI monthly series, 1395-1399 (transcribed CSV)",https://github.com/amiralimadadi/Regression_TheranHousing/blob/ac6a6406f2c5507ab9a905859efc1b61cb4d17c1/TehranHousingPriceBackground.csv,official_series_transcribed
1398,3,13299700,,"CBI monthly series, 1395-1399 (transcribed CSV)",https://github.com/amiralimadadi/Regression_TheranHousing/blob/ac6a6406f2c5507ab9a905859efc1b61cb4d17c1/TehranHousingPriceBackground.csv,official_series_transcribed
1398,4,13351200,,"CBI monthly series, 1395-1399 (transcribed CSV)",https://github.com/amiralimadadi/Regression_TheranHousing/blob/ac6a6406f2c5507ab9a905859efc1b61cb4d17c1/TehranHousingPriceBackground.csv,official_series_transcribed
1398,5,13025900,,"CBI monthly series, 1395-1399 (transcribed CSV)",https://github.com/amiralimadadi/Regression_TheranHousing/blob/ac6a6406f2c5507ab9a905859efc1b61cb4d17c1/TehranHousingPriceBackground.csv,official_series_transcribed
1398,6,12667700,,"CBI monthly series, 1395-1399 (transcribed CSV)",https://github.com/amiralimadadi/Regression_TheranHousing/blob/ac6a6406f2c5507ab9a905859efc1b61cb4d17c1/TehranHousingPriceBackground.csv,official_series_transcribed
1398,7,12715700,,"CBI monthly series, 1395-1399 (transcribed CSV)",https://github.com/amiralimadadi/Regression_TheranHousing/blob/ac6a6406f2c5507ab9a905859efc1b61cb4d17c1/TehranHousingPriceBackground.csv,official_series_transcribed
1398,8,12463700,,"CBI monthly series, 1395-1399 (transcribed CSV)",https://github.com/amiralimadadi/Regression_TheranHousing/blob/ac6a6406f2c5507ab9a905859efc1b61cb4d17c1/TehranHousingPriceBackground.csv,official_series_transcribed
1398,9,13525700,,"CBI monthly series, 1395-1399 (transcribed CSV)",https://github.com/amiralimadadi/Regression_TheranHousing/blob/ac6a6406f2c5507ab9a905859efc1b61cb4d17c1/TehranHousingPriceBackground.csv,official_series_transcribed
1398,10,13882700,,"CBI monthly series, 1395-1399 (transcribed CSV)",https://github.com/amiralimadadi/Regression_TheranHousing/blob/ac6a6406f2c5507ab9a905859efc1b61cb4d17c1/TehranHousingPriceBackground.csv,official_series_transcribed
1398,11,14397000,,"CBI monthly series, 1395-1399 (transcribed CSV)",https://github.com/amiralimadadi/Regression_TheranHousing/blob/ac6a6406f2c5507ab9a905859efc1b61cb4d17c1/TehranHousingPriceBackground.csv,official_series_transcribed
1398,12,15658800,,"CBI monthly series, 1395-1399 (transcribed CSV)",https://github.com/amiralimadadi/Regression_TheranHousing/blob/ac6a6406f2c5507ab9a905859efc1b61cb4d17c1/TehranHousingPriceBackground.csv,official_series_transcribed
1399,1,15295900,,"CBI monthly series, 1395-1399 (transcribed CSV)",https://github.com/amiralimadadi/Regression_TheranHousing/blob/ac6a6406f2c5507ab9a905859efc1b61cb4d17c1/TehranHousingPriceBackground.csv,official_series_transcribed
1399,2,16972700,,"CBI monthly series, 1395-1399 (transcribed CSV)",https://github.com/amiralimadadi/Regression_TheranHousing/blob/ac6a6406f2c5507ab9a905859efc1b61cb4d17c1/TehranHousingPriceBackground.csv,official_series_transcribed
1399,3,19071900,,"CBI monthly series, 1395-1399 (transcribed CSV)",https://github.com/amiralimadadi/Regression_TheranHousing/blob/ac6a6406f2c5507ab9a905859efc1b61cb4d17c1/TehranHousingPriceBackground.csv,official_series_transcribed
1399,4,20986100,,"CBI monthly series, 1395-1399 (transcribed CSV)",https://github.com/amiralimadadi/Regression_TheranHousing/blob/ac6a6406f2c5507ab9a905859efc1b61cb4d17c1/TehranHousingPriceBackground.csv,official_series_transcribed
1399,5,23107800,,"CBI monthly series, 1395-1399 (transcribed CSV)",https://github.com/amiralimadadi/Regression_TheranHousing/blob/ac6a6406f2c5507ab9a905859efc1b61cb4d17c1/TehranHousingPriceBackground.csv,official_series_transcribed
1399,6,24288100,,"CBI monthly series, 1395-1399 (transcribed CSV)",https://github.com/amiralimadadi/Regression_TheranHousing/blob/ac6a6406f2c5507ab9a905859efc1b61cb4d17c1/TehranHousingPriceBackground.csv,official_series_transcribed
1399,7,26720000,,"CBI monthly series, 1395-1399 (transcribed CSV)",https://github.com/amiralimadadi/Regression_TheranHousing/blob/ac6a6406f2c5507ab9a905859efc1b61cb4d17c1/TehranHousingPriceBackground.csv,official_series_transcribed
1399,8,27193100,,"CBI monthly series, 1395-1399 (transcribed CSV)",https://github.com/amiralimadadi/Regression_TheranHousing/blob/ac6a6406f2c5507ab9a905859efc1b61cb4d17c1/TehranHousingPriceBackground.csv,official_series_transcribed
1399,9,26905500,,"CBI monthly series, 1395-1399 (transcribed CSV)",https://github.com/amiralimadadi/Regression_TheranHousing/blob/ac6a6406f2c5507ab9a905859efc1b61cb4d17c1/TehranHousingPriceBackground.csv,official_series_transcribed
1399,10,27386000,,"CBI monthly series, 1395-1399 (transcribed CSV)",https://github.com/amiralimadadi/Regression_TheranHousing/blob/ac6a6406f2c5507ab9a905859efc1b61cb4d17c1/TehranHousingPriceBackground.csv,official_series_transcribed
1399,11,28398100,,"CBI monthly series, 1395-1399 (transcribed CSV)",https://github.com/amiralimadadi/Regression_TheranHousing/blob/ac6a6406f2c5507ab9a905859efc1b61cb4d17c1/TehranHousingPriceBackground.csv,official_series_transcribed
1399,12,30274700,,"CBI monthly series, 1395-1399 (transcribed CSV)",https://github.com/amiralimadadi/Regression_TheranHousing/blob/ac6a6406f2c5507ab9a905859efc1b61cb4d17c1/TehranHousingPriceBackground.csv,official_series_transcribed
1400,6,31703400,7789,"D-learn: CBI monthly data, city rows (region=-1)",https://d-learn.ir/wp-content/uploads/2023/01/cbi_houseprice_tehran.csv,scale_inferred_crosschecked
1400,7,31631100,5471,"D-learn: CBI monthly data, city rows (region=-1)",https://d-learn.ir/wp-content/uploads/2023/01/cbi_houseprice_tehran.csv,scale_inferred_crosschecked
1400,8,32009000,7304,"D-learn: CBI monthly data, city rows (region=-1)",https://d-learn.ir/wp-content/uploads/2023/01/cbi_houseprice_tehran.csv,scale_inferred_crosschecked
1400,9,32590800,9772,"D-learn: CBI monthly data, city rows (region=-1)",https://d-learn.ir/wp-content/uploads/2023/01/cbi_houseprice_tehran.csv,scale_inferred_crosschecked
1400,10,32936400,9816,"D-learn: CBI monthly data, city rows (region=-1)",https://d-learn.ir/wp-content/uploads/2023/01/cbi_houseprice_tehran.csv,scale_inferred_crosschecked
1400,11,33056200,8532,"D-learn: CBI monthly data, city rows (region=-1)",https://d-learn.ir/wp-content/uploads/2023/01/cbi_houseprice_tehran.csv,scale_inferred_crosschecked
1400,12,35120000,6834,"D-learn: CBI monthly data, city rows (region=-1)",https://d-learn.ir/wp-content/uploads/2023/01/cbi_houseprice_tehran.csv,scale_inferred_crosschecked
1401,1,34272700,3427,"D-learn: CBI monthly data, city rows (region=-1)",https://d-learn.ir/wp-content/uploads/2023/01/cbi_houseprice_tehran.csv,scale_inferred_crosschecked
1401,2,36351500,10490,"D-learn: CBI monthly data, city rows (region=-1)",https://d-learn.ir/wp-content/uploads/2023/01/cbi_houseprice_tehran.csv,scale_inferred_crosschecked
1401,3,39414500,13874,"D-learn: CBI monthly data, city rows (region=-1)",https://d-learn.ir/wp-content/uploads/2023/01/cbi_houseprice_tehran.csv,scale_inferred_crosschecked
1401,4,41704900,10294,"D-learn: CBI monthly data, city rows (region=-1)",https://d-learn.ir/wp-content/uploads/2023/01/cbi_houseprice_tehran.csv,scale_inferred_crosschecked
1401,5,42729900,7825,"D-learn: CBI monthly data, city rows (region=-1)",https://d-learn.ir/wp-content/uploads/2023/01/cbi_houseprice_tehran.csv,scale_inferred_crosschecked
1401,6,43216900,6033,"D-learn: CBI monthly data, city rows (region=-1)",https://d-learn.ir/wp-content/uploads/2023/01/cbi_houseprice_tehran.csv,scale_inferred_crosschecked
1401,7,43724900,5416,"D-learn: CBI monthly data, city rows (region=-1)",https://d-learn.ir/wp-content/uploads/2023/01/cbi_houseprice_tehran.csv,scale_inferred_crosschecked
1401,8,46704800,8005,"D-learn: CBI monthly data, city rows (region=-1)",https://d-learn.ir/wp-content/uploads/2023/01/cbi_houseprice_tehran.csv,scale_inferred_crosschecked
1401,9,48073700,10184,"D-learn: CBI monthly data, city rows (region=-1)",https://d-learn.ir/wp-content/uploads/2023/01/cbi_houseprice_tehran.csv,scale_inferred_crosschecked
1402,2,75320000,,CBI via Sarmayesazan: Ordibehesht 1403,https://sarmayesazan.com/blog/%D8%AA%D8%BA%DB%8C%DB%8C%D8%B1%D8%A7%D8%AA-%D8%A8%D8%A7%D8%B2%D8%A7%D8%B1-%D9%85%D8%B9%D8%A7%D9%85%D9%84%D8%A7%D8%AA-%D9%85%D8%B3%DA%A9%D9%86-%D8%B4%D9%87%D8%B1-%D8%AA%D9%87%D8%B1%D8%A7%D9%86-%D8%AF/,secondary_report
1402,3,78300000,,CBI via Sarmayesazan: Khordad 1403,https://sarmayesazan.com/blog/%D9%85%D8%B9%D8%A7%D9%85%D9%84%D8%A7%D8%AA-%D9%85%D8%B3%DA%A9%D9%86-%D8%AA%D9%87%D8%B1%D8%A7%D9%86-%D8%AE%D8%B1%D8%AF%D8%A7%D8%AF-1403/,secondary_report
1402,4,76540000,,CBI via Sarmayesazan: Tir 1403,https://sarmayesazan.com/blog/%DA%AF%D8%B2%D8%A7%D8%B1%D8%B4-%D9%85%D8%B9%D8%A7%D9%85%D9%84%D8%A7%D8%AA-%D9%85%D8%B3%DA%A9%D9%86-%D8%AA%D9%87%D8%B1%D8%A7%D9%86-%D8%AA%DB%8C%D8%B1-1403-%D8%AA%D8%AD%D9%84%DB%8C%D9%84-%D8%AC%D8%A7/,secondary_report
1402,5,75790000,,CBI via Sarmayesazan: Mordad 1403,https://sarmayesazan.com/blog/%D9%85%D8%B9%D8%A7%D9%85%D9%84%D8%A7%D8%AA-%D9%85%D8%B3%DA%A9%D9%86-%D8%AA%D9%87%D8%B1%D8%A7%D9%86-%D9%85%D8%B1%D8%AF%D8%A7%D8%AF-1403/,secondary_report
1402,6,75330000,,CBI via Tejaratnews: second half of 1402,https://tejaratnews.com/%D8%A8%D8%AE%D8%B4-%D9%85%D8%B3%DA%A9%D9%86-48/904124-%D9%82%DB%8C%D9%85%D8%AA-%D9%85%D8%B3%DA%A9%D9%86-%D8%AF%D8%B1-%D9%86%DB%8C%D9%85%D9%87-%D8%AF%D9%88%D9%85-%D8%B3%D8%A7%D9%84,secondary_report
1402,7,76000000,,CBI via Tejaratnews: second half of 1402,https://tejaratnews.com/%D8%A8%D8%AE%D8%B4-%D9%85%D8%B3%DA%A9%D9%86-48/904124-%D9%82%DB%8C%D9%85%D8%AA-%D9%85%D8%B3%DA%A9%D9%86-%D8%AF%D8%B1-%D9%86%DB%8C%D9%85%D9%87-%D8%AF%D9%88%D9%85-%D8%B3%D8%A7%D9%84,rounded_secondary_report
1402,8,75770000,,CBI via Iran Chamber: Aban 1402,https://otaghiranonline.ir/news/68538/%D8%AA%D9%88%D8%B1%D9%85-%D9%86%D9%82%D8%B7%D9%87-%D8%A8%D9%87-%D9%86%D9%82%D8%B7%D9%87-%D9%85%D8%B3%DA%A9%D9%86-%D8%AA%D9%87%D8%B1%D8%A7%D9%86-%D8%A8%D9%87-62-2-%D8%AF%D8%B1%D8%B5%D8%AF-%D8%B1%D8%B3%DB%8C%D8%AF,secondary_report
1402,9,74090000,,CBI via Tasnim: Azar 1402,https://www.tasnimnews.com/fa/news/1402/10/03/3011261/%DA%A9%D8%A7%D9%87%D8%B4-2-2-%D8%AF%D8%B1%D8%B5%D8%AF%DB%8C-%D9%82%DB%8C%D9%85%D8%AA-%D9%85%D8%B3%DA%A9%D9%86-%D8%AF%D8%B1-%D8%A2%D8%B0%D8%B1%D9%85%D8%A7%D9%87-%D9%85%D8%AA%D9%88%D8%B3%D8%B7-%D9%82%DB%8C%D9%85%D8%AA-%D9%85%D8%B3%DA%A9%D9%86-%D8%AF%D8%B1-%D8%AA%D9%87%D8%B1%D8%A7%D9%86-74-%D9%85%DB%8C%D9%84%DB%8C%D9%88%D9%86-%D8%AA%D9%88%D9%85%D8%A7%D9%86-%D8%B4%D8%AF,secondary_report
1402,10,75390000,,CBI via Tejaratnews: second half of 1402,https://tejaratnews.com/%D8%A8%D8%AE%D8%B4-%D9%85%D8%B3%DA%A9%D9%86-48/904124-%D9%82%DB%8C%D9%85%D8%AA-%D9%85%D8%B3%DA%A9%D9%86-%D8%AF%D8%B1-%D9%86%DB%8C%D9%85%D9%87-%D8%AF%D9%88%D9%85-%D8%B3%D8%A7%D9%84,secondary_report
1402,12,81440000,,CBI via Tejaratnews: second half of 1402,https://tejaratnews.com/%D8%A8%D8%AE%D8%B4-%D9%85%D8%B3%DA%A9%D9%86-48/904124-%D9%82%DB%8C%D9%85%D8%AA-%D9%85%D8%B3%DA%A9%D9%86-%D8%AF%D8%B1-%D9%86%DB%8C%D9%85%D9%87-%D8%AF%D9%88%D9%85-%D8%B3%D8%A7%D9%84,secondary_report
1403,1,81630000,,CBI via Sarmayesazan: Ordibehesht 1403,https://sarmayesazan.com/blog/%D8%AA%D8%BA%DB%8C%DB%8C%D8%B1%D8%A7%D8%AA-%D8%A8%D8%A7%D8%B2%D8%A7%D8%B1-%D9%85%D8%B9%D8%A7%D9%85%D9%84%D8%A7%D8%AA-%D9%85%D8%B3%DA%A9%D9%86-%D8%B4%D9%87%D8%B1-%D8%AA%D9%87%D8%B1%D8%A7%D9%86-%D8%AF/,secondary_report
1403,2,84750000,,CBI via Sarmayesazan: Ordibehesht 1403,https://sarmayesazan.com/blog/%D8%AA%D8%BA%DB%8C%DB%8C%D8%B1%D8%A7%D8%AA-%D8%A8%D8%A7%D8%B2%D8%A7%D8%B1-%D9%85%D8%B9%D8%A7%D9%85%D9%84%D8%A7%D8%AA-%D9%85%D8%B3%DA%A9%D9%86-%D8%B4%D9%87%D8%B1-%D8%AA%D9%87%D8%B1%D8%A7%D9%86-%D8%AF/,secondary_report
1403,3,85910000,,CBI via Sarmayesazan: Khordad 1403,https://sarmayesazan.com/blog/%D9%85%D8%B9%D8%A7%D9%85%D9%84%D8%A7%D8%AA-%D9%85%D8%B3%DA%A9%D9%86-%D8%AA%D9%87%D8%B1%D8%A7%D9%86-%D8%AE%D8%B1%D8%AF%D8%A7%D8%AF-1403/,secondary_report
1403,4,87460000,,CBI via Sarmayesazan: Mordad 1403,https://sarmayesazan.com/blog/%D9%85%D8%B9%D8%A7%D9%85%D9%84%D8%A7%D8%AA-%D9%85%D8%B3%DA%A9%D9%86-%D8%AA%D9%87%D8%B1%D8%A7%D9%86-%D9%85%D8%B1%D8%AF%D8%A7%D8%AF-1403/,secondary_report
1403,5,88500000,,CBI via Sarmayesazan: Mordad 1403,https://sarmayesazan.com/blog/%D9%85%D8%B9%D8%A7%D9%85%D9%84%D8%A7%D8%AA-%D9%85%D8%B3%DA%A9%D9%86-%D8%AA%D9%87%D8%B1%D8%A7%D9%86-%D9%85%D8%B1%D8%AF%D8%A7%D8%AF-1403/,secondary_report
