jalali_year,jalali_month,price_per_m2_toman,source,source_url,quality
1404,6,98700000,Kilid: displayed monthly city price trend,https://kilid.com/house-prices/tehran,platform_indicator_methodology_unverified
1404,7,100000000,Kilid: displayed monthly city price trend,https://kilid.com/house-prices/tehran,platform_indicator_methodology_unverified
1404,8,101900000,Kilid: displayed monthly city price trend,https://kilid.com/house-prices/tehran,platform_indicator_methodology_unverified
1404,9,105600000,Kilid: displayed monthly city price trend,https://kilid.com/house-prices/tehran,platform_indicator_methodology_unverified
1404,10,110400000,Kilid: displayed monthly city price trend,https://kilid.com/house-prices/tehran,platform_indicator_methodology_unverified
1404,11,119700000,Kilid: displayed monthly city price trend,https://kilid.com/house-prices/tehran,platform_indicator_methodology_unverified
1404,12,126400000,Kilid: displayed monthly city price trend,https://kilid.com/house-prices/tehran,platform_indicator_methodology_unverified
1405,1,135000000,Kilid: displayed monthly city price trend,https://kilid.com/house-prices/tehran,platform_indicator_methodology_unverified
1405,2,161600000,Kilid: displayed monthly city price trend,https://kilid.com/house-prices/tehran,platform_indicator_methodology_unverified
1405,3,185000000,Kilid: displayed monthly city price trend,https://kilid.com/house-prices/tehran,platform_indicator_methodology_unverified
1405,4,195000000,Kilid: displayed monthly city price trend,https://kilid.com/house-prices/tehran,platform_indicator_methodology_unverified
1405,5,210000000,Kilid: displayed monthly city price trend,https://kilid.com/house-prices/tehran,platform_indicator_methodology_unverified
